qid,question_type,bank,adv_tier,question,reference,prediction,retrieved_ids,retrieved_banks,retrieval_scores,retrieval_top1,retrieval_bank_hit,retrieval_bank_precision,context,gen_tokens,hit_token_cap,latency_s,correct,mc_jaccard,token_f1,rougeL,abstained,halluc_proxy,answer_in_context,pred_words,pred_chars,bertscore_f1,judge_correctness,correct_strict
E0001,open_ended,lloyds,,According to Lloyds Banking Group's 2023 Annual Report: Evaluate how the share buyback programme and other equity movements affected total equity from 2022 to 2023. What does the buyback indicate about capital management?,"Total equity increased from £43,911 million to £47,365 million. This net increase was the result of several offsetting factors: attributable profit added to equity, as did movements in the cash flow hedge reserve and the issuance of other equity instruments. These were partially offset by market movements affecting pensions, dividends paid, and the share buyback programme. The buyback, announced in February 2023, returned surplus capital from 2022 and repurchased approximately 4.4 billion ordinary shares, around 7 per cent of shares outstanding, completing in August 2023. Although the buyback reduced equity through cash outflows and cancellation of shares, it was a deliberate capital-management action to return surplus capital to shareholders, indicating the Group believed it had excess capital above its requirements. The reported equity therefore reflects the tension between generating profits and returning capital to shareholders.","To provide an accurate assessment of how the share buyback program and other equity movements affected Lloyds Banking Group's total equity from 2022 to 2023, I would need specific figures from their 2023 Annual Report. The report details the impact of such activities on equity, including the amount spent on share buybacks and any other equity transactions.

Share buybacks generally reduce the number of outstanding shares, which can increase the earnings per share (EPS) if profits remain constant. This can be seen as a capital management strategy to return value to shareholders or to optimize capital ratios. However, without the exact figures, I cannot quantify the precise effect on total equity.

If you provide the relevant figures from Lloyds Banking Group's 2023 Annual Report, I can give a more detailed analysis.",,,,,,,,171,0,11.39,,,0.3458646616541353,0.21323529411764708,0.0,,,131.0,826.0,0.8492237329483032,1.0,
E0002,single_choice,natwest,,"According to NatWest Group's 2023 Annual Report, what was the total comprehensive income for the year ended 31 December 2023 according to the statement?",B,B,,,,,,,,2,0,0.33,1.0,,,,0.0,0.0,,1.0,1.0,,,1.0
E0003,multiple_choice,natwest,,Which of the following statements about NatWest Group's capital and leverage metrics between 2022 and 2023 are correct?,"A,B,E","B, E",,,,,,,,4,0,0.49,0.0,0.6666666666666666,,,0.0,1.0,,2.0,4.0,,,0.0
E0004,short_answer,hsbc,,"According to HSBC's 2023 Annual Report and Accounts, what was the value of assets held for sale reported in the annual report?",$114bn,1.5 billion pounds,,,,,,,,6,0,0.52,0.0,,0.0,,0.0,1.0,,3.0,18.0,,,0.0
E0005,short_answer,hsbc,,"According to HSBC's 2023 Annual Report and Accounts, according to the table, what is the first listed amount for total shareholders' equity?","185,329","145,896 million",,,,,,,,9,0,0.71,0.0,,0.0,,0.0,1.0,,2.0,15.0,,,0.0
E0006,multiple_choice,natwest,,"According to NatWest Group's 2023 Annual Report, which of the following operating expense categories increased in 2023 compared with 2022?","A,B,C,E","To provide the correct answer, I would need to refer to NatWest Group's 2023 Annual Report. However, based on typical banking trends and without specific data from the report, we can't definitively state which expenses increased. Therefore, I cannot provide a specific answer from the given options. 

If you could provide the actual figures or details from the report, I would be able to give you an accurate response.",,,,,,,,88,0,5.86,0.0,0.0,,,0.0,1.0,,69.0,419.0,,,0.0
E0007,short_answer,natwest,,"According to NatWest Group's 2023 Annual Report, what was the Common Equity Tier 1 ratio in 2023?",13.4%,15.6%,,,,,,,,6,0,0.63,0.0,,0.0,,0.0,1.0,,1.0,5.0,,,0.0
E0008,multiple_choice,hsbc,,"According to HSBC's 2023 Annual Report and Accounts, which of the following statements are correct according to the supplementary notes for planned disposals?","A,B,C,D,F","B, C, F",,,,,,,,6,0,0.71,0.0,0.6,,,0.0,1.0,,3.0,7.0,,,0.0
E0009,single_choice,natwest,,"According to NatWest Group's 2023 Annual Report, what was the main reason for the increase in staff expenses in 2023 compared with 2022?",A,A,,,,,,,,2,0,0.36,1.0,,,,0.0,0.0,,1.0,1.0,,,1.0
E0010,short_answer,lloyds,,"According to Lloyds Banking Group's 2023 Annual Report, what was the total income after net finance income in 2023?","£18,629 million","£15,896m",,,,,,,,9,0,0.75,0.0,,0.0,,0.0,1.0,,1.0,8.0,,,0.0
E0011,short_answer,natwest,,"According to NatWest Group's 2023 Annual Report, what was the cost:income ratio excluding litigation and conduct in 2023?",51.8%,49.5%,,,,,,,,6,0,0.54,0.0,,0.0,,0.0,1.0,,1.0,5.0,,,0.0
E0012,short_answer,hsbc,,"According to HSBC's 2023 Annual Report and Accounts, what was the fair value gain on property revaluation in 2023?",1,"1,568 million",,,,,,,,7,0,0.61,0.0,,0.0,,0.0,1.0,,2.0,13.0,,,0.0
E0013,short_answer,hsbc,,"According to HSBC's 2023 Annual Report and Accounts, what was the return on average tangible equity in 2023?",14.6%,14.5%,,,,,,,,6,0,0.53,0.0,,0.0,,0.0,1.0,,1.0,5.0,,,0.0
E0014,short_answer,hsbc,,"According to HSBC's 2023 Annual Report and Accounts, what was the insurance finance expense in 2023?",7.8bn,"1,586 million",,,,,,,,7,0,0.55,0.0,,0.0,,0.0,1.0,,2.0,13.0,,,0.0
E0015,multiple_choice,natwest,,"Based on the table, which of the following are components of risk-weighted assets (RWAs) reported by NatWest Group?","A,B,C,D","A, B, C, D",,,,,,,,8,0,0.66,1.0,1.0,,,0.0,0.0,,4.0,10.0,,,1.0
E0016,short_answer,lloyds,,"According to Lloyds Banking Group's 2023 Annual Report, what accounting standard was adopted for the restatement mentioned in the notes?",IFRS 17,IFRS 9,,,,,,,,5,0,0.48,0.0,,0.5,,0.0,1.0,,2.0,6.0,,,0.0
E0017,short_answer,lloyds,,"According to Lloyds Banking Group's 2023 Annual Report, what was the average price paid per share in the share buyback?",45.59 pence,149.5 pence,,,,,,,,8,0,0.66,0.0,,0.5,,0.0,1.0,,2.0,11.0,,,0.0
E0018,short_answer,hsbc,,According to HSBC's 2023 Annual Report and Accounts: By what percentage did net interest income increase in 2023 compared with 2022?,18%,12%,,,,,,,,4,0,0.43,0.0,,0.0,,0.0,1.0,,1.0,3.0,,,0.0
E0019,multiple_choice,natwest,,"Based on the summary financial statements for NatWest Group, which of the following statements are correct?","A,B,D,F","D, F",,,,,,,,4,0,0.51,0.0,0.5,,,0.0,1.0,,2.0,4.0,,,0.0
E0020,true_false,natwest,,"According to NatWest Group's 2023 Annual Report: Total income increased by 12.1% to £14,752 million in 2023 compared with 2022.",true,True,,,,,,,,2,0,0.33,1.0,,,,0.0,0.0,,1.0,4.0,,,1.0
E0021,short_answer,natwest,,"According to NatWest Group's 2023 Annual Report, what proportion of balances were non-interest bearing?",34%,17%,,,,,,,,4,0,0.38,0.0,,0.0,,0.0,1.0,,1.0,3.0,,,0.0
E0022,single_choice,lloyds,,"According to Lloyds Banking Group's 2023 Annual Report, at 31 December 2023, what were total assets according to the balance sheet?",B,B,,,,,,,,2,0,0.35,1.0,,,,0.0,0.0,,1.0,1.0,,,1.0
E0023,short_answer,hsbc,,"According to HSBC's 2023 Annual Report and Accounts, what was the yield on financial investments in 2023?",4.14%,2.1%,,,,,,,,5,0,0.44,0.0,,0.0,,0.0,1.0,,1.0,4.0,,,0.0
E0024,true_false,hsbc,,"According to HSBC's 2023 Annual Report and Accounts, in the consolidated statement of comprehensive income for the year ended 31 December 2023, profit for the year was $24,559 million.",true,True,,,,,,,,2,0,0.33,1.0,,,,0.0,0.0,,1.0,4.0,,,1.0
E0025,short_answer,natwest,,"According to NatWest Group's 2023 Annual Report, what was the depreciation and amortisation amount in 2023?",£934m,185 million pounds,,,,,,,,6,0,0.53,0.0,,0.0,,0.0,1.0,,3.0,18.0,,,0.0
E0026,open_ended,lloyds,,"According to Lloyds Banking Group's 2023 Annual Report: Analyze the key drivers of the change in the Group's pro forma CET1 ratio from 14.1% at 31 December 2022 to 13.7% at 31 December 2023, and explain how positive and negative drivers interact.","The decline of 0.4 percentage points reflects strong capital generation being more than offset by regulatory headwinds and capital uses. Positive drivers included banking build of 237 basis points, an insurance dividend of 12 basis points, and other movements of 29 basis points. These were partly offset within capital generation by risk-weighted asset increases of 25 basis points and fixed pension deficit contributions of 30 basis points, leaving 223 basis points of capital generation before regulatory headwinds. Regulatory headwinds of 50 basis points, mainly from the Retail secured CRD IV model updates and the phased unwind/reduction of IFRS 9 transitional relief, reduced capital generation to 173 basis points. Capital uses then absorbed 214 basis points: Tusker acquisition 21, ordinary dividend accrual 86, share buyback accrual 98, and variable pension contributions 9. The gap between the 173 basis points generated after headwinds and the 214 basis points of uses explains the fall from 14.1% to 13.7%.","Based on the information provided in the context of Lloyds Banking Group's 2023 Annual Report, the pro forma Common Equity Tier 1 (CET1) ratio decreased from 14.1% at the end of 2022 to 13.7% at the end of 2023. To analyze the key drivers of this change, we need to consider both positive and negative factors that could have influenced the ratio.

### Positive Drivers:
- **Capital Injections or Retained Earnings**: If Lloyds Banking Group had received capital injections or retained more earnings than expected, it would have increased the CET1 ratio. However, since the ratio decreased, there were no significant positive capital movements contributing to the increase.
  
- **Changes in Risk-Weighted Assets (RWAs)**: A decrease in RWAs can lead to an improvement in the CET1 ratio as the same amount of capital would cover a smaller risk-weighted asset base. Conversely, an increase in RWAs would reduce the CET1 ratio. Without specific data, we cannot determine if there was a change in RWAs.

### Negative Drivers:
- **Capital Distributions**: Dividends paid to shareholders or other capital distributions would reduce the CET1 ratio. If Lloyds Banking Group distributed more capital than in the previous year, this would contribute to the decrease in the CET1 ratio.
  
- **Changes in Regulatory Requirements**: Regulatory changes that require banks to hold more capital could also impact the CET1 ratio. If new regulations came into effect during 2023 that required higher capital levels, this would negatively affect the ratio.

- **Credit Loss Provisions**: An increase in credit loss provisions would also reduce the CET1 ratio as these provisions are deducted from retained earnings, thereby reducing the numerator of the CET1 ratio.

Given the decrease in the CET1 ratio from 14.1% to 13.7%, it is likely that one or more of the negative drivers, such as capital distributions or increases in regulatory requirements, outweighed any potential positive drivers. Without the exact figures for capital movements, RWAs, dividends, and other factors, we cannot quantify the exact impact of each driver.",,,,,,,,454,0,27.6,,,0.18750000000000003,0.1219512195121951,1.0,,,332.0,2112.0,0.8025225400924683,1.0,
E0027,short_answer,natwest,,"According to NatWest Group's 2023 Annual Report, by how much did other financial liabilities increase?",£6.0 billion,1.5%,,,,,,,,5,0,0.46,0.0,,0.0,,0.0,1.0,,1.0,4.0,,,0.0
E0028,short_answer,natwest,,"According to NatWest Group's 2023 Annual Report, what is the minimum Liquidity Coverage Ratio under the PRA framework?",100%,80%,,,,,,,,4,0,0.38,0.0,,0.0,,0.0,1.0,,1.0,3.0,,,0.0
E0029,short_answer,hsbc,,"According to HSBC's 2023 Annual Report and Accounts, under which accounting standard is the contractual service margin measurement described?",IFRS 17,IFRS 15,,,,,,,,6,0,0.63,0.0,,0.5,,0.0,1.0,,2.0,7.0,,,0.0
E0030,multiple_choice,lloyds,,"According to Lloyds Banking Group's 2023 Annual Report, which of the following statements about the Group's balance sheet movements during 2023 are correct?","A,C","B, D, E",,,,,,,,6,0,0.67,0.0,0.0,,,0.0,1.0,,3.0,7.0,,,0.0
E0031,short_answer,hsbc,,"According to HSBC's 2023 Annual Report and Accounts, what were the risk-weighted assets for the Canada disposal group in $bn?",31.9,159.6,,,,,,,,6,0,0.66,0.0,,0.0,,0.0,1.0,,1.0,5.0,,,0.0
E0032,short_answer,natwest,,"According to NatWest Group's 2023 Annual Report, what do the 2023 notes, accounting policies, and audited sections form an integral part of?",financial statements,NatWest Group plc's consolidated financial statements for the year ended 31 December 2023,,,,,,,,22,0,1.9,1.0,,0.2666666666666667,,0.0,0.0,,13.0,89.0,,,1.0
E0033,true_false,hsbc,,According to HSBC's 2023 Annual Report and Accounts: Total risk-weighted assets (RWAs) at 31 December 2023 were lower than at 31 December 2022.,false,False,,,,,,,,2,0,0.33,1.0,,,,0.0,0.0,,1.0,5.0,,,1.0
E0034,short_answer,natwest,,"According to NatWest Group's 2023 Annual Report, what is the MDA threshold for the CET1 ratio?",10.5%,10.5%,,,,,,,,6,0,0.51,1.0,,1.0,,0.0,0.0,,1.0,5.0,,,1.0
E0035,short_answer,lloyds,,"According to Lloyds Banking Group's 2023 Annual Report, what was the basic earnings per share for 2023 in pence?",7.6,46.5,,,,,,,,5,0,0.49,0.0,,0.0,,0.0,1.0,,1.0,4.0,,,0.0
E0036,open_ended,hsbc,,"According to HSBC's 2023 Annual Report and Accounts, compare customer accounts across the listed countries and territories in 2023 versus 2022. Which areas show the largest absolute growth or decline, and what does this suggest about the group's geographic mix?","Total customer accounts increased from $1,570.3bn to $1,611.6bn, or about $41.3bn. The largest absolute growth was in the UK (+$15.2bn), Singapore (+$12.1bn) and France (+$8.9bn), followed by Mexico (+$3.9bn), Australia (+$3.6bn), Switzerland (+$2.9bn), India (+$1.7bn), Germany (+$1.7bn), Taiwan (+$1.6bn) and the UAE (+$1.6bn). The 'Other' category fell sharply by $10.6bn, and smaller declines occurred in Mainland China, the US, Egypt, Indonesia and Malaysia. This suggests that customer account growth was concentrated in selected markets, while the residual 'Other' category absorbed most of the decline, possibly reflecting reclassifications, disposals or held-for-sale arrangements mentioned in the footnotes.","Based on the information typically found in HSBC's Annual Report and Accounts for 2023, I can provide a general comparison of customer accounts across key regions. However, specific figures would need to be referenced directly from the report.

In 2023, HSBC reported an increase in customer accounts in several markets compared to 2022. The largest absolute growth was observed in China, driven by strong demand for digital banking services and expanding retail banking operations. This suggests that HSBC is successfully leveraging its presence in one of the world's largest economies and growing consumer markets.

Conversely, HSBC experienced a decline in customer accounts in the UK, reflecting a challenging economic environment with high inflation and cost-of-living pressures. This indicates that HSBC may need to focus more on retaining existing customers and attracting new ones through innovative products and services in the UK market.

In Hong Kong, HSBC also saw a decline in customer accounts, which could be attributed to ongoing geopolitical tensions and economic uncertainties. This trend suggests that HSBC might need to reassess its strategies in this region to mitigate risks and enhance customer satisfaction.

Overall, these trends suggest that HSBC's geographic mix is evolving, with continued emphasis on emerging markets like China while facing challenges in mature markets such as the UK and Hong Kong.",,,,,,,,266,0,16.06,,,0.22508038585209003,0.16167664670658682,0.0,,,216.0,1429.0,0.8214250206947327,1.0,
E0037,multiple_choice,hsbc,,"According to HSBC's 2023 Annual Report and Accounts, according to the 2023 statement of financial position, which of the following items are classified as liabilities?","A,B,D","A, B, E",,,,,,,,6,0,0.56,0.0,0.5,,,0.0,1.0,,3.0,7.0,,,0.0
E0038,short_answer,hsbc,,"According to HSBC's 2023 Annual Report and Accounts, what was the recognition of losses amount in 2022?","2,333",1.5 billion pounds,,,,,,,,6,0,0.49,0.0,,0.0,,0.0,1.0,,3.0,18.0,,,0.0
E0039,single_choice,lloyds,,"According to Lloyds Banking Group's 2023 Annual Report: , what was the Group's underlying profit for 2023?",A,B,,,,,,,,2,0,0.33,0.0,,,,0.0,1.0,,1.0,1.0,,,0.0
E0040,short_answer,hsbc,,"According to HSBC's 2023 Annual Report and Accounts, which acquisition mainly contributed to the increase in risk-weighted assets?",SVB UK,HSBC did not disclose the specific acquisition that contributed to the increase in risk-weighted assets in its 2023 Annual Report and Accounts.,,,,,,,,31,0,1.91,0.0,,0.0,,0.0,1.0,,22.0,143.0,,,0.0
E0041,true_false,natwest,,"According to NatWest Group's 2023 Annual Report: The total capital at 31 December 2023 was £33,920 million",false,True,,,,,,,,2,0,0.32,0.0,,,,0.0,1.0,,1.0,4.0,,,0.0
E0042,short_answer,hsbc,,"According to HSBC's 2023 Annual Report and Accounts, how many contractors were there at 31 December 2023?","4,676","14,500",,,,,,,,7,0,0.62,0.0,,0.0,,0.0,1.0,,1.0,6.0,,,0.0
E0043,short_answer,natwest,,"According to NatWest Group's 2023 Annual Report, how many ordinary shares were there in 2023, in millions?","8,792","1,685.9",,,,,,,,8,0,0.67,0.0,,0.0,,0.0,1.0,,1.0,7.0,,,0.0
E0044,short_answer,natwest,,"According to NatWest Group's 2023 Annual Report, what was return on tangible equity in 2023?",17.8%,15.6%,,,,,,,,6,0,0.53,0.0,,0.0,,0.0,1.0,,1.0,5.0,,,0.0
E0045,short_answer,hsbc,,"According to HSBC's 2023 Annual Report and Accounts, what were the customer accounts for France retail in $bn?",22.3,1.4,,,,,,,,4,0,0.4,0.0,,0.0,,0.0,1.0,,1.0,3.0,,,0.0
E0046,single_choice,lloyds,,"According to Lloyds Banking Group's 2023 Annual Report, what was the total income generated from sterling structural hedge balances in 2023?",B,C,,,,,,,,2,0,0.33,0.0,,,,0.0,1.0,,1.0,1.0,,,0.0
E0047,short_answer,lloyds,,"According to Lloyds Banking Group's 2023 Annual Report, what was the operating lease depreciation in 2023?",£956 million,145 million pounds,,,,,,,,6,0,0.61,0.0,,0.4,,0.0,1.0,,3.0,18.0,,,0.0
E0048,open_ended,lloyds,,"According to Lloyds Banking Group's 2023 Annual Report: Analyze how the Group managed its defined benefit pension obligations and shareholder returns in the period described, and what this suggests about its capital allocation priorities.","The Group first addressed its pension deficit before allocating capital to shareholders. Following the triennial valuation at 31 December 2022, it paid a fixed contribution of £800 million in the first half of 2023 and then settled the residual aggregate deficit of £250 million in December 2023. With those payments made, no further deficit contributions were required for the triennial period to 31 December 2025. At the same time, the Group maintained a progressive and sustainable ordinary dividend policy, completed a £2 billion share buyback in respect of 2022, and announced a further £2 billion buyback for 2023. This sequencing suggests the Group prioritised fully funding its pension scheme before using surplus capital for shareholder returns, while still maintaining regular returns through dividends and buybacks.","From Lloyds Banking Group's 2023 Annual Report, the Group reported a defined benefit (DB) pension deficit of £1.5 billion as of December 31, 2023, compared to a deficit of £1.6 billion at the end of 2022. This indicates that the Group continued to manage its DB pension obligations, with efforts to reduce the deficit, though not eliminating it entirely.

Regarding shareholder returns, Lloyds declared an interim dividend of 4.5 pence per share for the year ended December 31, 2023, up from 4.0 pence per share in the previous year. Additionally, the Group announced a final dividend of 7.5 pence per share, bringing the total dividend for the year to 12 pence per share, an increase from 10.5 pence in the prior year. The total dividend payout ratio was 38%, indicating a focus on returning value to shareholders while maintaining a balance with other capital allocation priorities.

This suggests that Lloyds Banking Group prioritizes both managing long-term liabilities such as pension obligations and providing returns to shareholders. The slight reduction in the pension deficit and the increase in dividends indicate a balanced approach to capital allocation, where the Group aims to improve its financial health while also rewarding investors. However, the ongoing pension deficit suggests that there may be a need to continue focusing on reducing these obligations in future periods.",,,,,,,,302,0,18.82,,,0.35942028985507246,0.16430594900849857,0.0,,,220.0,1392.0,0.86057448387146,2.0,
E0049,short_answer,lloyds,,"According to Lloyds Banking Group's 2023 Annual Report, what were loans and advances to customers at 31 December 2023?",£449.7bn,£195.7 billion,,,,,,,,8,0,0.65,0.0,,0.0,,0.0,1.0,,2.0,14.0,,,0.0
E0050,single_choice,lloyds,,"According to Lloyds Banking Group's 2023 Annual Report, what was the statutory profit before tax in 2023 according to the income statement?",A,B,,,,,,,,2,0,0.33,0.0,,,,0.0,1.0,,1.0,1.0,,,0.0
E0051,open_ended,natwest,,"According to NatWest Group's 2023 Annual Report, compare the movements in derivative assets and derivative liabilities, and analyze what these changes indicate about the bank's derivative portfolio and risk exposure.","Derivative assets decreased by £20.6 billion, or 21%, to £78.9 billion, while derivative liabilities decreased by £21.7 billion, or 23%, to £72.4 billion. Both reductions were driven by decreases in exchange rate and interest rate trading books, mainly because matured and bought-out trades exceeded new trades. The gross size of the derivative portfolio therefore contracted significantly. Because liabilities fell by a slightly larger amount than assets, the net derivative asset position increased from about £5.5 billion to about £6.5 billion. This suggests that while gross exposures and trading activity declined, the bank still held a small net positive fair value receivable from derivative counterparties. The reduction in gross derivative positions points to lower trading activity, lower market risk from derivatives, and reduced counterparty exposure. The remaining net positive asset indicates that counterparty credit risk, although smaller in scale than before, still exists and is primarily concentrated in receivables from derivative counterparties.","From the 2023 Annual Report of NatWest Group plc, the derivative assets increased by £1.4 billion, while derivative liabilities decreased by £0.6 billion.

These movements suggest that NatWest Group has seen an expansion in its derivative assets, indicating either an increase in the volume of derivatives traded or an increase in the notional amount of existing derivatives. This could be due to various factors such as market conditions, strategic decisions to hedge risks, or changes in customer demand for derivative products.

The decrease in derivative liabilities, on the other hand, might indicate a reduction in the number of derivative contracts with counterparties, possibly due to unwinding of certain positions, changes in hedging strategies, or shifts in the bank’s risk management policies.

Overall, these changes in the derivative portfolio suggest that NatWest Group is becoming more active in the derivatives market, potentially increasing its risk exposure. However, it is important to note that the nature of the risk associated with derivatives can vary widely depending on the specific types of derivatives held and their underlying assets or liabilities. Therefore, while the increase in derivative assets indicates a growing presence in the derivatives market, the exact nature of the risk exposure would require further analysis of the types of derivatives held and their respective risk profiles.",,,,,,,,255,0,15.28,,,0.31780821917808216,0.18666666666666665,0.0,,,214.0,1423.0,0.8650747537612915,1.0,
E0052,true_false,natwest,,"According to NatWest Group's 2023 Annual Report: Customer deposits in 2023 were £450,318m, higher than the 2022 figure of £431,377m.",false,True,,,,,,,,2,0,0.33,0.0,,,,0.0,1.0,,1.0,4.0,,,0.0
E0053,single_choice,natwest,,"According to NatWest Group's 2023 Annual Report, how did the bank describe the change in full-time equivalent (FTE) staff by the end of 2023?",A,A,,,,,,,,2,0,0.35,1.0,,,,0.0,0.0,,1.0,1.0,,,1.0
E0054,short_answer,hsbc,,"According to HSBC's 2023 Annual Report and Accounts, in WPB, which location saw customer accounts rise by 34%?",Taiwan,China,,,,,,,,2,0,0.32,0.0,,0.0,,0.0,1.0,,1.0,5.0,,,0.0
E0055,short_answer,lloyds,,"According to Lloyds Banking Group's 2023 Annual Report, on what date did the share buyback programme complete?",25 August 2023,31 March 2024,,,,,,,,9,0,0.67,0.0,,0.0,,0.0,1.0,,3.0,13.0,,,0.0
E0056,short_answer,natwest,,"According to NatWest Group's 2023 Annual Report, what was the amount of deposits as at 31 December 2023 (in £m)?",453567,"184,597",,,,,,,,8,0,0.7,0.0,,0.0,,0.0,1.0,,1.0,7.0,,,0.0
E0057,short_answer,hsbc,,"According to HSBC's 2023 Annual Report and Accounts, what was the 2023 impairment loss relating to the sale of the retail banking operations in France?",net impairment reversal of 0.2bn,£1.5 billion,,,,,,,,6,0,0.54,0.0,,0.0,,0.0,1.0,,2.0,12.0,,,0.0
E0058,open_ended,hsbc,,"According to HSBC's 2023 Annual Report and Accounts: , assess the bank's liquidity and balance-sheet strategy during the period.","The bank appears to have actively managed liquidity and the balance sheet in response to market conditions. It reduced cash balances by deploying surplus into financial investments, reverse repurchase agreements, and trading assets, reflecting subdued customer lending demand and a desire to earn higher yields. It increased trading assets to capture greater client activity, especially in equity and debt securities. It allowed derivative positions to decline as market volatility and yield curve movements changed. In lending, it grew retail mortgage and card balances in WPB, but reduced GBM and CMB lending in areas of weaker demand, while using acquisitions and divestments to reshape its portfolio. Overall, the strategy is one of redeploying low-yielding cash into higher-yielding assets, responding to client activity, and rebalancing the loan book across businesses and geographies.","Based on the information provided in HSBC's 2023 Annual Report and Accounts, HSBC maintained a strong focus on liquidity and balance-sheet management throughout the year. The bank reported a healthy level of liquid assets, including cash and near-cash items, which were sufficient to meet its short-term obligations. HSBC also emphasized the importance of maintaining a diversified funding base, with a mix of retail deposits, wholesale funding, and capital markets access.

The bank continued to manage its balance sheet by optimizing its asset-liability structure to ensure it could withstand market volatility and regulatory changes. HSBC also highlighted its efforts to reduce the cost of funding and improve the efficiency of its balance sheet through various initiatives such as reducing non-performing loans and managing the composition of its loan book.

Overall, HSBC's liquidity and balance-sheet strategy during 2023 was aimed at ensuring robustness and flexibility to support its business objectives while maintaining a strong capital position and meeting regulatory requirements.",,,,,,,,197,0,12.26,,,0.28472222222222215,0.18120805369127516,0.0,,,158.0,1092.0,0.8542986512184143,2.0,
E0059,multiple_choice,hsbc,,"According to HSBC's 2023 Annual Report and Accounts, which of the following are reported in the annual report as factors that adversely affected net interest income or net interest margin in 2023 or the fourth quarter of 2023?","A,B,C,F","A, B, C",,,,,,,,6,0,0.59,0.0,0.75,,,0.0,1.0,,3.0,7.0,,,0.0
E0060,short_answer,hsbc,,"According to HSBC's 2023 Annual Report and Accounts, what was the total cash flow hedges amount in 2023?",2953,"1,857 million pounds",,,,,,,,8,0,0.67,0.0,,0.0,,0.0,1.0,,3.0,20.0,,,0.0
E0061,short_answer,natwest,,"According to NatWest Group's 2023 Annual Report, what was the attributable profit for 2023?",£4.4 billion,£4.1 billion,,,,,,,,6,0,0.52,0.0,,0.5,,0.0,1.0,,2.0,12.0,,,0.0
E0062,short_answer,lloyds,,"According to Lloyds Banking Group's 2023 Annual Report, what was the percentage change in profit before tax from 2022 to 2023?",57%,17%,,,,,,,,4,0,0.44,0.0,,0.0,,0.0,1.0,,1.0,3.0,,,0.0
E0063,true_false,lloyds,,According to Lloyds Banking Group's 2023 Annual Report: The share buyback in respect of 2022 results increased tangible net assets per share by 3.3 pence.,true,True,,,,,,,,2,0,0.32,1.0,,,,0.0,0.0,,1.0,4.0,,,1.0
E0064,true_false,natwest,,According to NatWest Group's 2023 Annual Report: Litigation and conduct costs decreased by £30 million in 2023 compared with 2022.,true,True,,,,,,,,2,0,0.32,1.0,,,,0.0,0.0,,1.0,4.0,,,1.0
E0065,single_choice,natwest,,"According to NatWest Group's 2023 Annual Report: , which transaction was included in Tier 2 movements?",A,A,,,,,,,,2,0,0.35,1.0,,,,0.0,0.0,,1.0,1.0,,,1.0
E0066,multiple_choice,hsbc,,"According to HSBC's 2023 Annual Report and Accounts, based on the balance sheet, which of the following statements are correct?","A,B,D,E","To answer this question accurately, I would need to refer to the specific figures in HSBC's 2023 Annual Report and Accounts. Since I don't have access to the actual report, I can't definitively state which of these options are correct. Therefore, I cannot provide a comma-separated list of correct option letters based on the given information.",,,,,,,,73,0,5.53,0.0,0.0,,,0.0,1.0,,56.0,344.0,,,0.0
E0067,short_answer,lloyds,,"According to Lloyds Banking Group's 2023 Annual Report, what was the agreed residual aggregate deficit paid in December 2023?",£250 million,"1,150 million pounds",,,,,,,,8,0,0.68,0.0,,0.4,,0.0,1.0,,3.0,20.0,,,0.0
E0068,open_ended,hsbc,,"According to HSBC's 2023 Annual Report and Accounts: , analyze why the balance of assets held for sale remained broadly stable compared with 2022, despite significant changes in the composition of those assets.","The balance remained broadly stable because two opposing movements largely offset each other. On one hand, assets held for sale decreased by $8 billion due to the transfer of a portfolio of secured home loans in France into loans and advances to customers, meaning those loans were reclassified out of held-for-sale. On the other hand, this decrease was largely offset by a transfer of cash into assets held for sale, which was related to the completion of the sale of the retail banking operations in France. Thus, the total value stayed approximately unchanged, even though the underlying mix shifted from loan assets to cash assets, reflecting progress in the disposal process rather than a material change in the overall magnitude.","Based on the information provided in HSBC's 2023 Annual Report and Accounts, the balance of assets held for sale remained broadly stable compared with 2022 due to a combination of factors:

1. **Strategic Focus**: HSBC has been focusing on its core businesses and divesting non-core assets to streamline operations and improve efficiency. The stability in the balance suggests that while the composition of these assets changed, the overall number of assets held for sale did not significantly increase or decrease.

2. **Market Conditions**: The market conditions in which HSBC operates can influence the pace at which assets are sold. If the market was less favorable or if there were fewer buyers interested in specific types of assets, this could have contributed to the stability in the balance.

3. **Regulatory Environment**: Regulatory requirements and guidelines may also play a role. Changes in regulations might affect the timing of asset sales, leading to a more gradual process rather than a sudden change in the number of assets held for sale.

4. **Operational Decisions**: HSBC’s operational decisions regarding which assets to sell and when can impact the balance. If the bank decided to hold onto certain assets longer than initially planned, this would contribute to the stability in the balance.

5. **Economic Factors**: Economic factors such as interest rates, economic growth, and investor sentiment can influence the decision to sell assets. If these factors remained relatively stable, it could explain the stability in the balance of assets held for sale.

These factors collectively contribute to the observed stability in the balance of assets held for sale, even as their composition changed.",,,,,,,,326,0,19.87,,,0.29896907216494845,0.19338422391857507,0.0,,,268.0,1721.0,0.8447285890579224,1.0,
E0069,short_answer,lloyds,,"According to Lloyds Banking Group's 2023 Annual Report, what was the UK leverage ratio at 31 December 2023?",5.8%,5.4%,,,,,,,,5,0,0.48,0.0,,0.0,,0.0,1.0,,1.0,4.0,,,0.0
E0070,open_ended,hsbc,,"According to HSBC's 2023 Annual Report and Accounts: Analyze how the Group’s accounting classifications for debt instruments affect the reporting of unrealised losses and capital in a rising interest rate environment, and explain why these losses may reverse over time.","The Group distinguishes between hold-to-collect-and-sell debt instruments, which are measured at fair value through other comprehensive income, and hold-to-collect debt instruments, which are measured at amortised cost. For hold-to-collect-and-sell positions, changes in fair value are recognised in equity through OCI rather than in profit or loss. In a rising interest rate environment, the fair value of fixed-rate debt instruments falls, creating unrealised losses in OCI and therefore an adverse impact on the capital base in the early stages. the annual report notes a cumulative pre-tax unrealised loss reserve of $3.9bn at the end of 2023, after a $2.6bn pre-tax gain during the year, which included a $1.0bn reduction in unrealised losses from disposals as part of portfolio repositioning. For hold-to-collect instruments measured at amortised cost, there is a cumulative unrealised loss of $1.7bn that is not reflected on the balance sheet at all; this included $1.0bn of debt instruments held to manage interest rate exposure, which improved by $0.8bn in 2023. Over time, these adverse fair value movements tend to unwind as the instruments approach maturity, because the contractual cash flows are ultimately collected and the temporary fair value fluctuation reverses. However, the text also cautions that not all such instruments will necessarily be held to maturity. Overall, the Group is positively exposed to rising interest rates through net interest income, but the accounting treatment of hold-to-collect-and-sell instruments can create an early-stage capital drag that is expected to diminish over time.","HSBC's 2023 Annual Report and Accounts classify debt instruments into different categories based on their purpose and risk profile, which impacts the reporting of unrealised losses and capital in a rising interest rate environment.

1. **Available-for-Sale (AFS) Debt Instruments**: These are reported at fair value through other comprehensive income (OCI). Unrealised gains or losses on AFS debt instruments are recognised in OCI, not in profit or loss. In a rising interest rate environment, the fair value of these instruments typically decreases, leading to unrealised losses being recognised in OCI. However, these losses can reverse if market interest rates fall back to previous levels, as the fair value of the debt instruments would increase again.

2. **Held-to-Maturity (HTM) Debt Instruments**: These are carried at amortised cost, adjusted for impairment. Unrealised losses due to changes in market conditions are not recognised in the income statement but are instead recognised in OCI. In a rising interest rate environment, the carrying amount of HTM debt instruments may not change significantly, but any impairment losses would be recognised in profit or loss. These losses may reverse if the credit quality of the debt improves or if market interest rates decline.

3. **Fair Value Through Profit or Loss (FVTPL) Debt Instruments**: These are reported at fair value through profit or loss. Unrealised gains or losses on FVTPL debt instruments are recognised directly in the income statement. In a rising interest rate environment, the fair value of these instruments would decrease, leading to unrealised losses being recognised in the income statement. These losses are more likely to be permanent unless there is a significant improvement in market conditions or the underlying credit quality of the debt instruments.

In summary, the classification of debt instruments affects how unrealised losses are reported and whether they are temporary or permanent. In a rising interest rate environment, AFS and FVTPL debt instruments are more likely to show unrealised losses that could reverse if market conditions improve, while HTM debt instruments may show impairment losses that are more likely to be permanent unless the credit quality improves.",,,,,,,,425,0,26.01,,,0.4300341296928328,0.23987034035656404,0.0,,,345.0,2266.0,0.8537582755088806,2.0,
E0071,short_answer,lloyds,,"According to Lloyds Banking Group's 2023 Annual Report, what was the liquidity coverage ratio at 31 December 2023?",142%,78%,,,,,,,,4,0,0.45,0.0,,0.0,,0.0,1.0,,1.0,3.0,,,0.0
E0072,single_choice,lloyds,,"According to Lloyds Banking Group's 2023 Annual Report: During the fourth quarter of 2023, loans and advances to customers reduced by £2.4 billion mainly due to what?",B,B,,,,,,,,2,0,0.35,1.0,,,,0.0,0.0,,1.0,1.0,,,1.0
E0073,open_ended,natwest,,"According to NatWest Group's 2023 Annual Report, explain how the increase in operating profit before tax was achieved, and assess whether this improvement translated into a proportionate increase in profit for the year.","Operating profit before tax rose by £1,046m, or 20.4%, to £6,178m. The text attributes this primarily to increased income from favourable yield curve movements, partly offset by higher costs caused by inflationary pressures. Although the tax charge also increased by £159m, or 12.5%, the growth in operating profit was large enough to lift profit from continuing operations by 23.0% to £4,744m. In addition, the loss from discontinued operations narrowed from £262m to £112m, a 57.3% improvement. As a result, profit for the year increased by £1,037m, or 28.8%, to £4,632m. The improvement did not flow through one-for-one because tax and cost pressures absorbed some of the gains, but the overall effect was still a larger percentage increase in profit for the year than in operating profit.","From the 2023 Annual Report of NatWest Group plc, the increase in operating profit before tax was primarily driven by several factors:

1. **Stronger Performance in Retail Banking**: The report highlighted that NatWest's retail banking operations showed improved performance, contributing to higher revenues and margins.
2. **Effective Cost Management**: The bank reported successful cost reduction initiatives, which helped in maintaining profitability despite the challenging economic environment.
3. **Positive Market Conditions**: Favorable market conditions, including higher interest rates, positively impacted the bank’s net interest income and other income streams.

Regarding the translation of these improvements into a proportionate increase in profit for the year, the report indicated that while there was an increase in operating profit before tax, the final profit for the year also benefited from one-off gains and lower provisions. Specifically, NatWest reported a significant one-off gain from the sale of its stake in the UK arm of the Abu Dhabi Global Market (ADGM) and lower provisions due to improved credit quality. These factors contributed to a more substantial increase in the profit for the year compared to the increase in operating profit before tax.

Therefore, while the operating profit before tax increased, the overall profit for the year saw a larger increase, reflecting the additional positive one-off events and lower provisions.",,,,,,,,260,0,15.76,,,0.3303834808259587,0.21910112359550563,0.0,,,213.0,1467.0,0.8308762907981873,1.0,
E0074,short_answer,natwest,,"According to NatWest Group's 2023 Annual Report, how much climate and sustainable funding and financing was provided during 2023?",£29.3 billion,£14.5 billion,,,,,,,,7,0,0.73,0.0,,0.5,,0.0,1.0,,2.0,13.0,,,0.0
E0075,open_ended,hsbc,,"According to HSBC's 2023 Annual Report and Accounts, compare the movements in interest income and interest expense in 2023. What does the comparison reveal about the bank's net interest income dynamics?","In 2023, interest income increased by $48.0bn to $100.9bn, while interest expense increased by $42.6bn to $65.1bn. Excluding foreign currency translation differences, income grew by $49.2bn and expense by $43.2bn. Because net interest income is the difference, reported NII rose by $5.4bn, and on an FX-adjusted basis it rose by $6.0bn, or 20%. The comparison shows that higher market interest rates drove a large gross increase in both income and expense, but the expense increase was almost as large, compressing the net benefit. Higher funding costs, including customer deposit migration, were the main offsetting factor.","Based on the information typically found in HSBC's 2023 Annual Report and Accounts, here is a general comparison of the movements in interest income and interest expense:

- **Interest Income**: HSBC reported an increase in interest income in 2023 compared to the previous year. This growth was driven by higher lending volumes and improved pricing across its global markets and retail banking segments.
  
- **Interest Expense**: Interest expense also increased in 2023, reflecting higher funding costs and greater deposit balances.

The comparison reveals that while both interest income and interest expense grew, the increase in interest income outpaced the rise in interest expense. This resulted in an overall positive movement for net interest income, indicating that HSBC was able to maintain or improve its net interest margin despite rising funding costs. This dynamic suggests that HSBC managed to pass on higher rates to borrowers more effectively than to depositors, thereby enhancing its profitability from interest rate differentials.",,,,,,,,195,0,11.83,,,0.392,0.2,0.0,,,157.0,1049.0,0.843368411064148,2.0,
E0076,multiple_choice,hsbc,,"According to HSBC's 2023 Annual Report and Accounts, which of the following accurately describe customer account movements during the period?","A,B,D","A, B",,,,,,,,4,0,0.47,0.0,0.6666666666666666,,,0.0,1.0,,2.0,4.0,,,0.0
E0077,true_false,hsbc,,"According to HSBC's 2023 Annual Report and Accounts, on a reported basis, customer accounts increased by $41bn, or 3%.",true,True,,,,,,,,2,0,0.32,1.0,,,,0.0,0.0,,1.0,4.0,,,1.0
E0078,open_ended,lloyds,,According to Lloyds Banking Group's 2023 Annual Report: Evaluate the impact of the Group's capital distributions and pension deficit payments on its pro forma CET1 ratio. Does the final ratio indicate that the Group's capital position is sustainable?,"Capital distributions and pension-related payments absorbed substantial capital. Fixed pension deficit contributions reduced capital generation by 30 basis points, and variable pension contributions further reduced the ratio by 9 basis points, giving a total pension-related impact of 39 basis points. Ordinary dividends used 86 basis points and the share buyback accrual used 98 basis points, so shareholder returns totalled 184 basis points. The Tusker acquisition used another 21 basis points. These uses, combined with the 50 basis points of regulatory headwinds, explain the fall in the pro forma CET1 ratio. Nevertheless, the final pro forma ratio of 13.7% remained in the same broad range as the prior year, and the Group generated 223 basis points of capital before regulatory headwinds. This suggests a resilient capital position, but sustainability depends on continued earnings generation, RWA growth, and the size of future distributions and pension contributions, none of which can be fully confirmed from the snapshot provided.","To provide an accurate assessment of the impact of capital distributions and pension deficit payments on Lloyds Banking Group's pro forma CET1 ratio for 2023, I would need specific figures from their 2023 Annual Report. Without access to the exact report, I cannot determine the precise effect or the final pro forma CET1 ratio.

However, generally, capital distributions (such as dividends) and pension deficit payments can reduce a bank’s CET1 ratio by decreasing retained earnings. A sustainable capital position is typically indicated by a pro forma CET1 ratio that remains above regulatory minimum requirements and is sufficient to cover expected losses and maintain business operations.

If you can provide the specific figures from Lloyds Banking Group's 2023 Annual Report, I can help you evaluate the impact and determine if the capital position is sustainable based on the pro forma CET1 ratio.",,,,,,,,178,0,11.06,,,0.3175675675675676,0.17218543046357612,1.0,,,141.0,904.0,0.8426733613014221,1.0,
E0079,open_ended,hsbc,,According to HSBC's 2023 Annual Report and Accounts: Analyze the bank's funding structure in 2023. Why is it important to distinguish customer deposits from wholesale and trading liabilities?,"Customer accounts are the largest liability, totaling $1,611,647m, which is about 57% of total liabilities and more than 1.7 times loans to customers. This indicates a deposit-funded business model, which is generally more stable and cheaper than wholesale funding. By contrast, trading liabilities, derivatives liabilities, financial liabilities designated at fair value, repurchase agreements and debt securities in issue are largely market or wholesale sources. They are more sensitive to market conditions, collateral calls and maturity rollovers. A bank can tolerate a funding mix with large derivative exposures only if it maintains sufficient liquid assets and collateral. Recognizing the composition of liabilities is key to assessing liquidity risk and funding resilience.","From HSBC's 2023 Annual Report and Accounts, the funding structure includes customer deposits, wholesale and trading liabilities, and other sources of funding such as capital instruments and borrowings.

In 2023, HSBC reported:
- Customer deposits: £1,457 billion
- Wholesale and trading liabilities: £689 billion

It is important to distinguish between customer deposits and wholesale and trading liabilities because these two types of funding serve different purposes and carry different levels of risk for the bank. 

1. **Customer Deposits**: These are funds that customers have entrusted to the bank for safekeeping and earning interest. They are generally considered stable and reliable sources of funding, although they can be withdrawn by customers at any time, which introduces some liquidity risk.

2. **Wholesale and Trading Liabilities**: These include funds raised from other financial institutions and markets, often used for short-term lending or trading activities. They are typically more volatile and subject to market conditions, which can lead to higher funding costs and liquidity risks if not managed properly.

By distinguishing these funding sources, banks like HSBC can better manage their liquidity and funding costs. Stable customer deposits provide a more predictable source of funding, while wholesale and trading liabilities offer flexibility but require careful management to ensure the bank can meet its obligations when needed. This distinction helps regulators and investors understand the bank’s funding profile and assess its resilience to potential funding disruptions.",,,,,,,,290,0,17.59,,,0.32448377581120946,0.22478386167146974,0.0,,,231.0,1606.0,0.8484064936637878,3.0,
E0080,true_false,lloyds,,"According to Lloyds Banking Group's 2023 Annual Report: The profit for the year ended 31 December 2023 was £5,518 million.",true,True,,,,,,,,2,0,0.34,1.0,,,,0.0,0.0,,1.0,4.0,,,1.0
E0081,short_answer,hsbc,,"According to HSBC's 2023 Annual Report and Accounts, what was the favourable impact of foreign currency translation differences on operating expenses in 2023?",0.4bn,-145 million pounds,,,,,,,,7,0,0.73,0.0,,0.0,,0.0,1.0,,3.0,19.0,,,0.0
E0082,short_answer,lloyds,,"According to Lloyds Banking Group's 2023 Annual Report, what was the amount of goodwill and other intangible assets at 1 Jan 2022 (£m)?",6713,"15,840",,,,,,,,7,0,0.74,0.0,,0.0,,0.0,1.0,,1.0,6.0,,,0.0
E0083,multiple_choice,natwest,,"According to NatWest Group's 2023 Annual Report, which of the following statements about the consolidated balance sheet as at 31 December 2023 are correct?","A,B,D","To provide the correct answer, I would need to refer to NatWest Group's 2023 Annual Report. Since I don't have access to the specific report, I cannot determine the accuracy of these statements. Therefore, I cannot select any of the options as correct based on the given information.

None,",,,,,,,,64,0,4.28,0.0,0.0,,,1.0,0.0,,49.0,290.0,,,0.0
E0084,open_ended,natwest,,According to NatWest Group's 2023 Annual Report: Analyze the most significant changes in the asset side of the group's consolidated balance sheet between 2022 and 2023. What do these changes suggest about how the group deployed its resources?,"Total assets fell from £720,053m to £692,673m, a decrease of £27,380m. The largest asset movement was cash and balances at central banks, which dropped by £40,570m from £144,832m to £104,262m. Derivatives assets also fell sharply, from £99,545m to £78,904m. At the same time, loans to customers grew by £15,093m to £381,433m, while settlement balances and securities subject to repurchase agreements increased considerably. Assets of disposal groups fell from £6,861m to £902m, suggesting reduced or completed disposal activity. Overall, the group shifted resources from highly liquid assets and derivatives into customer lending and other financial instruments, implying a continued focus on core lending and a possibly more credit-intensive balance sheet, although the lower cash buffer could reduce immediate liquidity headroom.","Based on the information typically found in the 2023 Annual Report of NatWest Group plc, one of the most significant changes in the asset side of the group's consolidated balance sheet between 2022 and 2023 was an increase in loans and advances to customers. Specifically, the gross loan book grew by approximately £14 billion, from £285.7 billion in 2022 to £300.7 billion in 2023.

This suggests that NatWest Group deployed its resources more heavily into lending activities during this period. The growth in loans indicates an expansion of the bank’s customer lending portfolio, which could be driven by various factors such as increased demand for credit, competitive strategies to capture market share, or a broader economic environment that supports higher lending activity.",,,,,,,,169,0,10.57,,,0.2987551867219917,0.15564202334630348,0.0,,,122.0,780.0,0.85032719373703,3.0,
E0085,true_false,lloyds,,According to Lloyds Banking Group's 2023 Annual Report: The underlying impairment charge for 2023 was £308 million.,true,True,,,,,,,,2,0,0.32,1.0,,,,0.0,0.0,,1.0,4.0,,,1.0
E0086,short_answer,hsbc,,"According to HSBC's 2023 Annual Report and Accounts, what was the internally allocated funding cost in 2023 to generate trading and fair value income?",$8.7bn,1.59 billion pounds,,,,,,,,7,0,0.62,0.0,,0.0,,0.0,1.0,,3.0,19.0,,,0.0
E0087,single_choice,hsbc,,"According to HSBC's 2023 Annual Report and Accounts: , what was the increase in net interest income after excluding the unfavourable impact of foreign currency translation differences?",A,A,,,,,,,,2,0,0.34,1.0,,,,0.0,0.0,,1.0,1.0,,,1.0
E0088,short_answer,hsbc,,What percentage interest does HSBC maintain in BoCom?,19.03%,19.9%,,,,,,,,6,0,0.52,0.0,,0.0,,0.0,1.0,,1.0,5.0,,,0.0
E0089,short_answer,hsbc,,"According to HSBC's 2023 Annual Report and Accounts, in millions of dollars, what was the total interest expense on total interest-bearing liabilities in 2022?",22449,"15,896",,,,,,,,7,0,0.61,0.0,,0.0,,0.0,1.0,,1.0,6.0,,,0.0
E0090,single_choice,natwest,,"According to NatWest Group's 2023 Annual Report: , what was the bank's Net Interest Margin (NIM) in 2023?",A,A,,,,,,,,2,0,0.34,1.0,,,,0.0,0.0,,1.0,1.0,,,1.0
E0091,open_ended,hsbc,,According to HSBC's 2023 Annual Report and Accounts: Use the balance sheet data to assess the entity's liquidity position at the end of 2023. Which items would you focus on and why?,"At the end of 2023, the entity held $285,868m in cash and balances at central banks, about 9.4% of total assets, which is a core buffer for meeting deposit outflows and settlement needs. Reverse repurchase agreements of $252,217m provide secured lending backed by collateral, so they are generally liquid. Customer accounts of $1,611,647m are the main funding source, so the available cash and high-quality liquid assets should be compared with expected deposit withdrawals and wholesale maturities. The large gross derivative liabilities of $234,772m and trading liabilities of $73,150m are potential sources of liquidity demand because adverse moves can trigger collateral calls. Assets held for sale of $114,134m may convert to cash if sold, but they are not necessarily liquid and are separately classified. A thorough liquidity assessment would need maturity data, netting agreements, encumbrance information and regulatory liquidity ratios, but the balance sheet already shows that the firm relies on a substantial deposit base plus significant trading and derivatives activity, implying a liquidity risk profile typical of a large international bank.","To assess HSBC's liquidity position at the end of 2023 using the balance sheet data, the following key items should be focused on:

1. **Cash and Cash Equivalents**: This is the most liquid asset and provides an immediate measure of short-term liquidity.

2. **Short-Term Investments**: These can be quickly converted into cash and are important for assessing the bank’s ability to meet short-term obligations.

3. **Loans and Advances Due Within One Year**: While these are not as liquid as cash or short-term investments, they represent potential sources of cash that can be recovered within a year.

4. **Trade and Other Receivables**: These represent amounts due from customers and are generally considered to be relatively liquid.

5. **Current Liabilities**: Specifically, the components of current liabilities such as customer deposits, short-term borrowings, and other short-term payables, which indicate the amount of cash the bank needs to meet its short-term obligations.

6. **Net Borrowings**: This includes short-term borrowings and loans from other banks, which can provide additional liquidity if needed.

By analyzing these items, one can get a comprehensive view of HSBC's liquidity position, ensuring it has sufficient resources to meet its short-term obligations while also considering the potential for converting assets into cash when necessary.",,,,,,,,268,0,16.09,,,0.3582887700534759,0.1569620253164557,0.0,,,203.0,1367.0,0.8320454359054565,2.0,
E0092,short_answer,natwest,,"According to NatWest Group's 2023 Annual Report, how much did derivative assets decrease by?",20.6 billion,-1987 million pounds,,,,,,,,8,0,0.61,0.0,,0.0,,0.0,1.0,,3.0,20.0,,,0.0
E0093,short_answer,natwest,,"According to NatWest Group's 2023 Annual Report, what was the amount of customer deposits in 2023?",431377,£185.9 billion,,,,,,,,8,0,0.6,0.0,,0.0,,0.0,1.0,,2.0,14.0,,,0.0
E0094,single_choice,lloyds,,"According to Lloyds Banking Group's 2023 Annual Report, based on the statement of financial position, which asset category increased the most in absolute terms from 2022 to 2023?",B,C,,,,,,,,2,0,0.33,0.0,,,,0.0,1.0,,1.0,1.0,,,0.0
E0095,multiple_choice,lloyds,,"According to Lloyds Banking Group's 2023 Annual Report, which of the following statements about the Group's defined benefit pension scheme funding are correct?","A,B,C","A, D",,,,,,,,4,0,0.48,0.0,0.25,,,0.0,1.0,,2.0,4.0,,,0.0
E0096,multiple_choice,natwest,,"According to NatWest Group's 2023 Annual Report: , which of the following statements are correct?","A,B,C","C, E",,,,,,,,4,0,0.49,0.0,0.25,,,0.0,1.0,,2.0,4.0,,,0.0
E0097,open_ended,natwest,,According to NatWest Group's 2023 Annual Report: Analyze the main drivers of the CET1 capital movement in 2023. How did these drivers affect the bank's overall capital position?,"CET1 capital fell from £24,992m to £24,440m, a net decrease of £552m, while AT1 remained unchanged at £3,875m and Tier 2 rose from £5,053m to £5,317m. The most significant positive driver was attributable profit of £4,394m. This was more than offset by several uses and deductions: ordinary interim dividend paid (£491m), directed buyback (£1,259m), foreseeable ordinary dividends (£1,013m), foreseeable charges (£870m), foreign exchange reserve movements (£637m), goodwill and intangible deductions (£498m), the IFRS 9 transitional adjustment (£159m) and other smaller deductions. Some minor offsets came from FVOCI reserve movements, own credit and employee share schemes. Overall, total regulatory capital declined by £288m to £33,632m, because the profit generated was largely absorbed by shareholder distributions, buybacks, prudential deductions and adverse FX movements, with Tier 2 issuance only partly cushioning the decline.","From the 2023 Annual Report of NatWest Group plc, the main drivers of the CET1 (Common Equity Tier 1) capital movement can be analyzed as follows:

1. **Dividends Paid**: NatWest paid dividends to shareholders, which reduced its CET1 capital. The report indicates that the bank paid dividends totaling £2.4 billion, contributing to a decrease in CET1 capital.

2. **Share Buybacks**: The bank conducted share buybacks, which also led to a reduction in CET1 capital. NatWest repurchased shares worth £1.5 billion, thereby decreasing its CET1 ratio.

3. **Net Profit After Tax**: NatWest reported a net profit after tax of £2.8 billion. This positive earnings figure contributed positively to the CET1 capital, as profits increase the retained earnings component of equity.

4. **Other Comprehensive Income**: The bank recognized other comprehensive income items, including changes in the fair value of certain financial instruments and pension assets. These movements had an impact on the CET1 capital, though specific figures were not provided in the general summary.

Overall, the combination of these factors affected NatWest's CET1 capital position. The dividends and share buybacks had a negative impact by reducing the capital base, while the net profit after tax and other comprehensive income items provided a positive contribution. The net effect of these movements would depend on the relative magnitudes of each factor. NatWest's overall capital position was thus influenced by these movements, with the exact impact needing detailed examination of the specific figures for each item.",,,,,,,,317,0,19.67,,,0.21024258760107817,0.13506493506493508,1.0,,,241.0,1594.0,0.8234313130378723,2.0,
E0098,single_choice,natwest,,In accordance with which financial reporting standards are NatWest Group's financial statements prepared?,A,A,,,,,,,,2,0,0.33,1.0,,,,0.0,0.0,,1.0,1.0,,,1.0
E0099,single_choice,hsbc,,"According to HSBC's 2023 Annual Report and Accounts: , what was the net interest income (NII) for 2022?",B,B,,,,,,,,2,0,0.34,1.0,,,,0.0,0.0,,1.0,1.0,,,1.0
E0100,single_choice,natwest,,"According to NatWest Group's 2023 Annual Report, which statement about loans and impairment in 2023 is correct?",C,C,,,,,,,,2,0,0.35,1.0,,,,0.0,0.0,,1.0,1.0,,,1.0
E0101,short_answer,hsbc,,"According to HSBC's 2023 Annual Report and Accounts, which classification is used for a portfolio of debt instruments reported within financial investments?",hold-to-collect-and-sell,Financial Assets at Fair Value Through Profit or Loss,,,,,,,,10,0,0.78,0.0,,0.0,,0.0,1.0,,9.0,53.0,,,0.0
E0102,short_answer,hsbc,,"According to HSBC's 2023 Annual Report and Accounts, which item increased by $78bn or 21%?",financial investments,Total assets,,,,,,,,3,0,0.34,0.0,,0.0,,0.0,1.0,,2.0,12.0,,,0.0
E0103,open_ended,hsbc,,According to HSBC's 2023 Annual Report and Accounts: Analyze the changes in shareholders' equity components across the three reporting periods. What possible underlying transactions or events could explain the sharp movement in 'Other reserves' and the steady trend in 'Retained earnings'?,"The equity data show that retained earnings increased consistently from the earlier period to the latest period, rising to 152,148, which suggests cumulative profitable operations or a dividend policy that retains a significant share of earnings. Meanwhile, other reserves moved sharply from a positive 6,447 to a negative (9,133), and then to (8,907). This kind of movement indicates valuation or remeasurement items recognized outside profit or loss, such as unrealized losses on financial assets, foreign currency translation adjustments, actuarial losses on defined benefit plans, or cash flow hedge movements. The total shareholders' equity initially fell from 189,015 to 177,833, mainly because the positive reserve balance reversed into a large deficit, but it later recovered to 185,329 as retained earnings growth outweighed the still-negative other reserves. Non-controlling interests stayed relatively stable, so the fluctuations were driven primarily by parent shareholders' equity. Overall, the data point to ongoing operational profitability combined with volatility in other comprehensive income items affecting reported equity.","Based on the typical structure of an annual report for HSBC Holdings plc, the changes in shareholders' equity components can be analyzed as follows:

1. **Retained Earnings**: The steady trend in retained earnings suggests that HSBC has been consistently profitable over the three reporting periods without distributing significant profits to shareholders through dividends. Retained earnings increase when the company earns net income and decrease if there are net losses. The absence of a sharp movement indicates stable profitability.

2. **Other Reserves**: The sharp movement in other reserves could be due to several underlying transactions or events:
   - **Share Repurchase Programs**: HSBC might have conducted share repurchase programs, which would reduce the number of shares outstanding and affect the composition of shareholders' equity.
   - **Dividend Reinvestment Plans**: If HSBC had a dividend reinvestment plan, this could also impact other reserves as it involves the conversion of dividends into additional shares.
   - **Revaluation of Assets**: Changes in the fair value of certain assets (like property, plant, and equipment) could lead to adjustments in other reserves.
   - **Reserve for Credit Losses**: Adjustments in the reserve for credit losses could also contribute to movements in other reserves, especially if there were significant changes in loan loss provisions.
   - **Foreign Exchange Gains/Losses**: Fluctuations in foreign exchange rates could affect the valuation of non-functional currency balances, impacting other reserves.

To provide a more precise analysis, one would need to refer to the specific notes to the financial statements in HSBC's 2023 Annual Report and Accounts, which detail the exact nature of these movements.",,,,,,,,333,0,19.8,,,0.340632603406326,0.14657210401891252,0.0,,,257.0,1772.0,0.8289666771888733,3.0,
E0104,short_answer,natwest,,"According to NatWest Group's 2023 Annual Report, what were total assets in 2023?",£692.7bn,"196,857 million pounds",,,,,,,,10,0,0.71,0.0,,0.0,,0.0,1.0,,3.0,22.0,,,0.0
E0105,open_ended,natwest,,According to NatWest Group's 2023 Annual Report: Evaluate the change in the group's equity capital and its relationship to total assets between 2022 and 2023. What does this indicate about financial resilience?,"Total equity rose from £36,496m to £37,188m, an increase of £692m. This was driven mainly by ordinary shareholders' interests increasing from £32,598m to £33,267m, while non-controlling interests grew from £8m to £31m and other owners' interests were unchanged at £3,890m. Because total assets fell by £27,380m, the equity-to-assets ratio improved from approximately 5.07% (36,496/720,053) to 5.37% (37,188/692,673). This indicates a modest strengthening of the group's capital cushion relative to its balance-sheet size, which supports resilience against losses. However, the improvement is limited: the group remains highly leveraged and the reduction in cash balances and growth in customer loans could increase credit and liquidity risks, so the equity increase alone does not guarantee overall financial resilience.","To provide an accurate assessment of the change in NatWest Group's equity capital relative to total assets between 2022 and 2023, I would need specific figures from their 2023 Annual Report. Without those exact figures, I cannot determine the precise change or evaluate the implications for financial resilience.

However, generally speaking, an increase in equity capital as a percentage of total assets can indicate improved financial resilience, as it suggests the company has more capital to absorb potential losses. Conversely, a decrease might suggest increased leverage, which could be a risk factor depending on the context.

For a definitive answer, please refer to the actual figures provided in NatWest Group's 2023 Annual Report.",,,,,,,,147,0,9.31,,,0.3070175438596491,0.14457831325301204,1.0,,,113.0,741.0,0.8292876482009888,1.0,
E0106,open_ended,lloyds,,"According to Lloyds Banking Group's 2023 Annual Report, according to the 2023 financial data, analyze how total equity is composed and what the size of non-controlling interests relative to total equity suggests about the company's consolidated ownership structure across the three periods.","The data show that total equity is the sum of equity attributable to the parent company (total equity excluding non-controlling interests) and non-controlling interests. In each period, the two components add exactly to total equity: 47,164 + 201 = 47,365; 43,667 + 244 = 43,911; and 50,982 + 235 = 51,217. Non-controlling interests are very small in absolute terms and account for only about 0.42%, 0.56%, and 0.46% of total equity across the three periods. This suggests that the company's subsidiaries are almost entirely owned by the parent, with only minor outside shareholder stakes. The parent controls virtually all of the consolidated equity, making the ownership structure highly consolidated. In addition, total equity changes modestly from period to period, while total equity and liabilities remain near 881,000, implying that shifts in financing structure are mainly reflected in liabilities rather than in significant changes to the equity base.","I don't have access to the specific details from Lloyds Banking Group's 2023 Annual Report to provide an exact composition of total equity or the size of non-controlling interests for each period. Non-controlling interests (NCIs) represent the portion of equity not owned by the parent company, indicating the share of equity attributable to minority shareholders.

To analyze how total equity is composed and the implications of non-controlling interests, we would typically look at the balance sheet and notes to the financial statements. The composition of total equity generally includes:

1. Share Capital: The amount raised from issuing shares.
2. Retained Earnings: Profits accumulated over time that have not been distributed as dividends.
3. Reserves: Various reserve funds set aside for specific purposes like capital maintenance, share repurchase, etc.
4. Non-Controlling Interests: The equity attributable to minority shareholders in subsidiaries.

The size of non-controlling interests relative to total equity can suggest several things about the company’s consolidated ownership structure:

- **Diversification of Ownership**: A larger NCI might indicate a more diversified ownership base, which could imply a broader distribution of risk among shareholders.
- **Control and Governance**: A smaller NCI might suggest that the parent company has significant control over the subsidiary, while a larger NCI could mean more dispersed control.
- **Consolidation Practices**: The level of NCI can also reflect the company’s approach to consolidation, with higher NCIs often seen in industries where there are many small shareholders or where the parent company does not hold a controlling stake.

For a precise analysis, one would need to refer to Lloyds Banking Group's 2023 Annual Report, specifically the balance sheet and related notes, to extract the relevant figures for each period.",,,,,,,,364,0,22.15,,,0.32057416267942584,0.19457013574660634,0.0,,,280.0,1899.0,0.8279510736465454,1.0,
E0107,true_false,lloyds,,"According to Lloyds Banking Group's 2023 Annual Report, at 31 December 2023, the Group's liquidity coverage ratio was 142 per cent.",true,True,,,,,,,,2,0,0.36,1.0,,,,0.0,0.0,,1.0,4.0,,,1.0
E0108,short_answer,lloyds,,"According to Lloyds Banking Group's 2023 Annual Report, what was the impairment net charge in 2023?",£303 million,1.1 billion pounds,,,,,,,,6,0,0.53,0.0,,0.0,,0.0,1.0,,3.0,18.0,,,0.0
E0109,short_answer,hsbc,,"According to HSBC's 2023 Annual Report and Accounts, what type of gain was recognised in respect of the acquisition of SVB UK?",provisional gain,No gain was recognised in respect of the acquisition of SVB UK.,,,,,,,,15,0,1.1,0.0,,0.14285714285714285,,0.0,1.0,,12.0,63.0,,,0.0
E0110,short_answer,lloyds,,"According to Lloyds Banking Group's 2023 Annual Report, what dividend amount did the Group receive from the Insurance business?",£250 million,Not specified in the provided context.,,,,,,,,8,0,0.65,0.0,,0.0,,1.0,0.0,,6.0,38.0,,,0.0
E0111,short_answer,lloyds,,"According to Lloyds Banking Group's 2023 Annual Report, what accounting standard led to the restatement of 2022 comparatives?",IFRS 17,IFRS 16,,,,,,,,6,0,0.54,0.0,,0.5,,0.0,1.0,,2.0,7.0,,,0.0
E0112,open_ended,hsbc,,According to HSBC's 2023 Annual Report and Accounts: Analyze why financial investments increased and how this relates to other balance sheet movements.,"Financial investments increased by $78bn, or 21%, mainly in Asia and Europe from the purchase of debt securities, treasury and other eligible bills. The bank redeployed its commercial surplus to benefit from higher yield curves and to enhance hedging activities on net interest income. This connects to the decline in cash and balances: cash was reduced as surplus liquidity was shifted into financial investments. It also connects to subdued customer lending demand; instead of leaving cash idle or lending more, the bank invested in higher-yielding debt instruments across both fair value through other comprehensive income and amortised cost categories.","From HSBC's 2023 Annual Report and Accounts, financial investments increased by £14.5 billion, bringing the total to £168.7 billion. This increase is primarily due to higher market valuations and the bank's strategic decision to allocate more capital to its investment portfolio.

The increase in financial investments relates to other balance sheet movements as follows:

1. **Market Valuation Fluctuations**: The rise in financial investments reflects positive market conditions that led to higher valuations of these assets. This is common in financial institutions where the value of investments can fluctuate based on market performance.

2. **Capital Allocation Strategy**: HSBC has been focusing on optimizing its capital allocation to maximize returns and improve its risk-adjusted profitability. By increasing its financial investments, the bank aims to enhance its earnings potential through better asset management.

3. **Debt Reduction**: The report also indicates that HSBC reduced its net debt by £19.5 billion during the year. This reduction in debt, combined with the increase in financial investments, suggests that HSBC is shifting its focus towards higher-returning assets rather than maintaining lower-yielding liabilities or debt.

4. **Liquidity Management**: With an increase in financial investments, HSBC can maintain adequate liquidity while still generating higher returns. This aligns with the bank’s strategy to balance risk and return effectively.

Overall, the increase in financial investments at HSBC is part of a broader strategy to optimize its balance sheet, enhance profitability, and manage risk more effectively.",,,,,,,,310,0,18.57,,,0.25825825825825827,0.1457725947521866,0.0,,,234.0,1651.0,0.8405682444572449,2.0,
E0113,short_answer,hsbc,,"According to HSBC's 2023 Annual Report and Accounts, what was the amount of impairment loss recognised in the fourth quarter of 2023 relating to the sale of retail banking operations in France?",2.0bn,1.1 billion pounds,,,,,,,,6,0,0.56,0.0,,0.0,,0.0,1.0,,3.0,18.0,,,0.0
E0114,short_answer,natwest,,"According to NatWest Group's 2023 Annual Report, what was the average wage increase effective in April 2023?",6.4%,5.2%,,,,,,,,5,0,0.44,0.0,,0.0,,0.0,1.0,,1.0,4.0,,,0.0
E0115,open_ended,hsbc,,According to HSBC's 2023 Annual Report and Accounts: Analyze how the 2023 net interest margin (NIM) movement was affected by the yield on average interest-earning assets (AIEA) and the funding costs of average interest-bearing liabilities. What role did foreign currency translation differences play?,"NIM for 2023 was 1.66%, up 24bps year-on-year. This was the net effect of a 220bps rise in the yield on average interest-earning assets, partly offset by a 196bps rise in funding costs on average interest-bearing liabilities. The 24bps reported increase included an unfavourable foreign currency translation effect, because excluding FX translation differences NIM increased by 27bps. In other words, asset yields repriced upward faster than liability costs, but currency translation reduced the reported improvement by 3bps.","From HSBC's 2023 Annual Report and Accounts, the net interest margin (NIM) for 2023 was reported to have increased compared to the previous year. The NIM is calculated as the difference between the yield on average interest-earning assets (AIEA) and the cost of average interest-bearing liabilities (CIBL), divided by AIEA.

The report indicates that the increase in NIM was driven by higher yields on AIEA, which were partially offset by an increase in funding costs for CIBL. Specifically, the yield on AIEA rose due to the central banks' tightening of monetary policy, which led to higher interest rates. This rise in yields contributed positively to the NIM.

However, the cost of CIBL also increased, reflecting the higher interest rates that banks had to pay to attract deposits and fund their operations. Despite this, the increase in yields on AIEA was more significant, leading to an overall positive impact on NIM.

Regarding foreign currency translation differences, the report notes that these had a neutral effect on the NIM for 2023. This means that any changes in exchange rates between reporting currencies and the functional currencies of subsidiaries did not significantly impact the NIM calculation for 2023.

In summary, the 2023 NIM at HSBC was positively influenced by the rise in yields on AIEA due to higher interest rates, while the increase in funding costs for CIBL provided some resistance. Foreign currency translation differences played a neutral role in this context.",,,,,,,,323,0,20.11,,,0.3037974683544304,0.20987654320987653,0.0,,,239.0,1498.0,0.8563677668571472,2.0,
E0116,short_answer,lloyds,,"According to Lloyds Banking Group's 2023 Annual Report, what was the tax on post-retirement defined benefit scheme remeasurements in 2021?",-658,-17 million,,,,,,,,5,0,0.5,0.0,,0.0,,0.0,1.0,,2.0,11.0,,,0.0
E0117,open_ended,lloyds,,According to Lloyds Banking Group's 2023 Annual Report: Underlying other income rose 10% in 2023. Analyze the business-level drivers and explain any offsets or negative factors.,"Underlying other income increased from £4,666m to £5,123m. Retail rose 25%, supported by higher current-account and credit-card activity, improved Lex performance, and the acquisition of Tusker. Commercial Banking rose 8%, reflecting improved capital-markets financing and trading. Insurance, Pensions and Investments rose 26%, helped by business growth, favourable market returns, and the accounting unwind benefit from adding a drawdown feature in 2022. The main offsetting factor was in Equity Investments and Central Items, where higher funding costs on structured medium-term notes, though offset by interest income on the funds raised, and subdued exit markets affected income. In the fourth quarter, underlying other income was broadly stable versus the third, with consistent business performance and some impact from severe weather event claims in the Insurance business. Overall, growth was broad-based, with particularly strong contributions from Retail and Insurance, Pensions and Investments.","Based on the information provided in Lloyds Banking Group's 2023 Annual Report, underlying other income increased by 10% in 2023. To analyze the business-level drivers behind this growth and identify any offsets or negative factors, we can consider several potential drivers and challenges:

### Business-Level Drivers:
1. **Investment Income**: This could include gains from investments, dividends from equity stakes, and interest income from securities. An increase in investment returns or a larger portfolio might drive up this component.
2. **Fee Income**: Fees from services such as asset management, wealth management, and advisory services often contribute to other income. Growth in these fee-based services can boost overall other income.
3. **Foreign Exchange Gains**: Fluctuations in currency exchange rates can impact other income, particularly for banks with significant international operations. A favorable exchange rate movement could contribute positively.
4. **Government Grants and Other Non-Recurring Items**: Sometimes, non-recurring items like government grants or one-off transactions can affect other income.

### Offsets or Negative Factors:
1. **Cost of Operations**: Increased operational costs, including staff salaries, technology upgrades, and compliance expenses, could offset some of the gains in other income.
2. **Regulatory Changes**: New regulations or changes in regulatory requirements might impose additional costs or restrictions that could negatively impact other income.
3. **Market Conditions**: Economic downturns or market volatility can reduce fee income and investment returns, thereby affecting other income.
4. **Competition**: Intense competition in the banking sector could lead to lower fees and reduced margins, impacting other income.
5. **Credit Losses**: Any increase in credit losses or provisions against loans could negatively affect other income, especially if they are not fully offset by gains in other areas.

Without specific details from the report, these points provide a general framework for understanding the drivers and potential offsets to the 10% rise in underlying other income at Lloyds Banking Group in 2023.",,,,,,,,409,0,25.07,,,0.24774774774774777,0.12663755458515283,0.0,,,307.0,2184.0,0.8197461366653442,1.0,
E0118,single_choice,hsbc,,"According to HSBC's 2023 Annual Report and Accounts, which of the following asset categories increased by $71bn, or 33%, during the period?",B,B,,,,,,,,2,0,0.37,1.0,,,,0.0,0.0,,1.0,1.0,,,1.0
E0119,single_choice,natwest,,"According to NatWest Group's 2023 Annual Report, which of the following was the largest liability at 31 December 2023?",A,A,,,,,,,,2,0,0.34,1.0,,,,0.0,0.0,,1.0,1.0,,,1.0
E0120,short_answer,natwest,,"According to NatWest Group's 2023 Annual Report, what was the liquidity coverage ratio in 2023?",144%,148%,,,,,,,,5,0,0.45,0.0,,0.0,,0.0,1.0,,1.0,4.0,,,0.0
E0121,single_choice,hsbc,,"According to HSBC's 2023 Annual Report and Accounts, under IFRS 17, how is profit recognised?",B,B,,,,,,,,2,0,0.34,1.0,,,,0.0,0.0,,1.0,1.0,,,1.0
E0122,short_answer,natwest,,What was NatWest Group's profit for the year ended 31 December 2023 (in £m)?,4632,"4,657",,,,,,,,6,0,0.52,0.0,,0.0,,0.0,1.0,,1.0,5.0,,,0.0
E0123,open_ended,lloyds,,"According to Lloyds Banking Group's 2023 Annual Report, compare the 2023 and 2022 net income components shown in the annual report, and evaluate which component contributed most to the change in net income.","Underlying net interest income increased by £593 million, from £13,172 million to £13,765 million, a 5% rise. Underlying other income increased by £457 million, from £4,666 million to £5,123 million, a 10% rise. However, operating lease depreciation rose sharply from £373 million to £956 million, an additional charge of £583 million. As a result, net income increased by only £467 million, or 3%, to £17,932 million. The largest positive contributor was net interest income in absolute terms, but other income grew faster in percentage terms. The increase in operating lease depreciation significantly offset those revenue gains and explains why net income growth was much lower than the growth in net interest income and other income.","To provide an accurate comparison and evaluation of the components that contributed most to the change in net income for Lloyds Banking Group plc between 2022 and 2023, I would need specific figures from their 2023 Annual Report. The annual report typically breaks down net income into several components such as revenue, gains or losses on financial instruments, impairment charges, and other operating income.

Without access to the exact figures from the 2023 Annual Report, I cannot specify which component contributed most to the change in net income. However, generally, the largest contributors to changes in net income can be revenue (from banking activities), gains or losses on financial instruments, and impairment charges. To determine which component was most significant, one would need to look at the detailed financial statements provided in the annual report.

If you have specific figures or more details from the report, I can help analyze them further.",,,,,,,,189,0,11.6,,,0.2696629213483146,0.1544117647058824,0.0,,,152.0,972.0,0.8121600151062012,1.0,
E0124,single_choice,natwest,,"According to NatWest Group's 2023 Annual Report, under the PRA UK leverage framework, what is the total minimum Total Tier 1 leverage ratio including the countercyclical leverage ratio buffer?",B,C,,,,,,,,2,0,0.38,0.0,,,,0.0,1.0,,1.0,1.0,,,0.0
E0125,short_answer,natwest,,"According to NatWest Group's 2023 Annual Report, which asset class increased by £20.2 billion?",Other financial assets,mortgage lending,,,,,,,,4,0,0.44,0.0,,0.0,,0.0,1.0,,2.0,16.0,,,0.0
E0126,single_choice,hsbc,,"According to HSBC's 2023 Annual Report and Accounts, what was the reported increase in customer accounts?",B,B,,,,,,,,2,0,0.34,1.0,,,,0.0,0.0,,1.0,1.0,,,1.0
E0127,open_ended,hsbc,,"According to HSBC's 2023 Annual Report and Accounts: Using the table, analyze the key drivers behind the increase in Group net interest income from 2022 to 2023, noting the roles of volume, yield, and cost of funds.","Net interest income rose from $30,377m in 2022 to $35,796m in 2023, an increase of about $5.4bn, even though average interest-earning assets were almost flat at $2,143,758m and $2,161,746m respectively. The main driver was therefore not balance-sheet growth but a sharp rise in interest rates, reflected in gross interest yield jumping from 2.46% to 4.67%. This lifted interest income from $52,826m to $100,868m. However, funding costs also rose substantially: interest expense increased from $22,449m to $65,072m, and gross interest payable increased from 1.24% to 3.47%. As a result, net interest margin widened from 1.42% to 1.66%, while net interest spread was roughly stable at 1.22% versus 1.20%. Thus, the annual increase was rate-driven and partly offset by liability repricing, not by asset growth. The 2022 comparatives are restated under IFRS 17, so this comparison is on a consistent accounting basis.","Based on the information typically found in HSBC's 2023 Annual Report and Accounts, the increase in Group net interest income from 2022 to 2023 can be analyzed through the following key drivers:

1. **Volume**: This refers to the amount of loans and deposits that the bank has. An increase in the volume of loans or deposits would generally lead to higher net interest income, as the bank earns more from lending out money and pays less for deposits.

2. **Yield**: This is the interest rate earned on loans and investments. An increase in the yield means that the bank is earning more on its loan portfolio and investment securities, which contributes to higher net interest income.

3. **Cost of Funds**: This refers to the interest rate paid by the bank on deposits and other sources of funding. A decrease in the cost of funds would lower the expenses associated with funding the bank’s assets, thereby increasing net interest income.

From the 2023 Annual Report, HSBC reported that the Group net interest income increased due to a combination of these factors. Specifically, HSBC noted an improvement in both the yield and the volume of its loan book, contributing to the rise in net interest income. Additionally, while not explicitly stated, the cost of funds likely remained stable or decreased, further enhancing the net interest margin.

For precise figures and detailed analysis, one would need to refer to the specific sections of the 2023 Annual Report discussing net interest income and the factors affecting it.",,,,,,,,311,0,18.59,,,0.2849872773536896,0.19664268585131897,0.0,,,253.0,1527.0,0.8178576827049255,2.0,
E0128,open_ended,natwest,,According to NatWest Group's 2023 Annual Report: Evaluate the company's 2023 performance from the perspective of ordinary shareholders. How does the attribution of total comprehensive income to different equity classes and non-controlling interests affect this evaluation?,"From an ordinary shareholder perspective, the most relevant figure is total comprehensive income attributable to ordinary shareholders, which was £4,448m in 2023. This is the total change in economic value allocated to ordinary shareholders after taking account of OCI as well as profit. Total comprehensive income for the year was £4,686m, and the table allocates £242m to paid-in equity holders and -£4m to non-controlling interests, with no allocation to preference shareholders in 2023. Profit for the year was £4,632m, so ordinary shareholders benefited from positive OCI of only £54m overall. The attribution matters because profit for the year is a group-wide figure; claims of preference shareholders and non-controlling interests must be considered before assessing ordinary equity returns. In 2021, for example, preference shareholders received £19m of comprehensive income and NCI received £48m; in 2023 NCI reduced total comprehensive income by £4m. Therefore, ordinary shareholder wealth is best measured by the attributable comprehensive income line, not simply by the headline profit line.","To provide an accurate evaluation of NatWest Group's 2023 performance from the perspective of ordinary shareholders, we need to consider how the total comprehensive income is attributed to different equity classes and non-controlling interests. However, without specific figures from NatWest Group's 2023 Annual Report, I can outline the general impact:

1. **Attribution to Ordinary Shareholders**: The majority of the total comprehensive income would typically be attributed to ordinary shareholders, as they hold the common equity of the company. This means that any increase in profits or other comprehensive income directly benefits the ordinary shareholders, assuming no significant dividends are paid out.

2. **Attribution to Non-Controlling Interests**: Non-controlling interests refer to the share of profit attributable to minority shareholders or other external investors who do not control the subsidiary. Any income attributed to these interests reduces the amount available for ordinary shareholders.

3. **Impact on Evaluation**:
   - **Positive Impact**: If the total comprehensive income is high and a significant portion is attributed to ordinary shareholders, it indicates strong profitability and growth, which is positive for ordinary shareholders.
   - **Negative Impact**: If a large portion of the income is attributed to non-controlling interests or if there are significant one-off items that affect the income, this could negatively impact the evaluation from the perspective of ordinary shareholders.

For a precise evaluation, one would need to look at the specific figures from NatWest Group's 2023 Annual Report, such as the breakdown of total comprehensive income between ordinary shareholders' equity and non-controlling interests, and any significant changes in these figures compared to previous years.",,,,,,,,331,0,20.14,,,0.3923444976076555,0.22580645161290325,0.0,,,259.0,1838.0,0.8417844772338867,2.0,
E0129,multiple_choice,lloyds,,"According to Lloyds Banking Group's 2023 Annual Report, which of the following are reported in the annual report as positive contributors to the Group's capital generation before regulatory headwinds in 2023?","A,B,C","A, B, F",,,,,,,,6,0,0.64,0.0,0.5,,,0.0,1.0,,3.0,7.0,,,0.0
E0130,short_answer,natwest,,"According to NatWest Group's 2023 Annual Report, what was the percentage increase in settlement balances assets from 2022 to 2023?",181%,17%,,,,,,,,4,0,0.51,0.0,,0.0,,0.0,1.0,,1.0,3.0,,,0.0
E0131,multiple_choice,hsbc,,"According to HSBC's 2023 Annual Report and Accounts, based on the tax expense section, which of the following statements are correct?","A,B,C,D","A, E",,,,,,,,4,0,0.67,0.0,0.2,,,0.0,1.0,,2.0,4.0,,,0.0
E0132,open_ended,lloyds,,"According to Lloyds Banking Group's 2023 Annual Report, compare the movements in financial assets at fair value through profit or loss, financial assets at amortised cost, and financial assets at fair value through other comprehensive income between 2022 and 2023. What might this indicate about the bank's balance-sheet strategy?","The composition of financial assets changed noticeably. Financial assets at fair value through profit or loss increased by £22,549m, from £180,769m to £203,318m. Financial assets at amortised cost decreased by £5,687m, from £520,322m to £514,635m, with loans and advances to customers falling by £5,154m and reverse repurchase agreements falling by £6,094m, partially offset by a £5,429m rise in debt securities at amortised cost. Financial assets at fair value through other comprehensive income rose by £4,438m, from £23,154m to £27,592m. This mix suggests a strategic shift towards more trading-related and fair-value sensitive assets, and away from traditional lending and reverse repo balance-sheet exposure. Holding a larger FVTPL portfolio can support client-driven market activity or reflect a deliberate decision to hold more liquid, marketable securities, but it also increases the sensitivity of reported profit to market movements. The increase in FVOCI assets provides flexibility to hold debt instruments for both yield and potential sale, with valuation changes recorded in equity rather than profit until realisation. The decline in amortised-cost assets, especially loans and reverse repos, may signal reduced net interest income from traditional intermediation, although the increase in debt securities at amortised cost shows continued appetite for holding interest-earning instruments to maturity.","I don't have direct access to the specific figures from Lloyds Banking Group's 2023 Annual Report. However, I can provide a general framework for how to interpret the movements in these categories:

1. **Financial Assets at Fair Value Through Profit or Loss (FVTPL)**: These assets are marked to market, meaning their value is adjusted to reflect current market conditions. An increase in FVTPL could indicate that the bank has seen an improvement in the market value of its trading book, possibly due to favorable market conditions or strategic decisions to hold more volatile assets. A decrease might suggest adverse market conditions or strategic realignments.

2. **Financial Assets at Amortised Cost (A/C)**: These assets are carried at their original cost, with any changes in value recognized over time through interest income. Movements here can reflect changes in the bank’s loan portfolio, including new lending, repayments, and the impact of interest rate changes on existing loans.

3. **Financial Assets at Fair Value Through Other Comprehensive Income (FVOCI)**: These assets are also marked to market but the changes in value are not recognized in profit or loss immediately but rather in other comprehensive income, affecting equity directly. Changes in this category can indicate the bank’s investment in securities or other financial instruments where the bank does not intend to sell them in the near term but may need to revalue them frequently.

**Interpretation of Balance-Sheet Strategy:**
- **Increased FVTPL**: Might indicate a focus on trading activities or a belief in the future performance of certain asset classes.
- **Decreased FVTPL**: Could suggest a reduction in risk-taking or a shift away from volatile assets.
- **Changes in A/C**: Reflects the bank’s lending activity and the management of its loan portfolio, which can be influenced by credit policies and economic conditions.
- **Changes in FVOCI**: Might indicate a strategic decision to hold certain investments for the long term, possibly for income generation or diversification purposes.

For precise figures and detailed analysis, you would need to refer to Lloyds Banking Group's 2023 Annual Report.",,,,,,,,437,0,26.11,,,0.37078651685393255,0.17437722419928828,0.0,,,338.0,2196.0,0.8264212608337402,2.0,
E0133,short_answer,hsbc,,"According to HSBC's 2023 Annual Report and Accounts, what was the net asset value per ordinary share at year-end in 2023 ($)?",8.82,154.95,,,,,,,,7,0,0.73,0.0,,0.0,,0.0,1.0,,1.0,6.0,,,0.0
E0134,open_ended,hsbc,,"According to HSBC's 2023 Annual Report and Accounts, explain the effect of hyperinflation in Argentina on reported NII and NIM in 2023. Why was the fourth-quarter impact particularly significant?","Hyperinflation in Argentina caused an adverse movement of $0.5bn in NII for 2023 and an associated 2bps adverse impact on NIM. The fourth quarter itself recorded a $0.5bn adverse NII movement and a 9bps adverse NIM impact, compared with minimal movements in 2022. The text attributes the increase to the devaluation of the Argentinian peso. Because hyperinflation accounting remeasures local-currency balances and income, the peso devaluation created a large negative translation/re-measurement effect in the fourth quarter, making the Q4 impact heavier than the 2022 comparatives.","Based on the information provided in HSBC's 2023 Annual Report and Accounts, there is no specific mention of the impact of hyperinflation in Argentina on reported Net Interest Income (NII) or Net Interest Margin (NIM) for HSBC. The report generally focuses on global economic trends and regional impacts relevant to HSBC’s operations, but it does not detail the specific effects of hyperinflation in Argentina.

The fourth quarter of 2023 might have been particularly significant if there were any localized or sudden changes in the Argentine economy that affected HSBC’s operations there, but without specific details from the report, it's not possible to provide a precise explanation of how this would have impacted NII or NIM. Typically, such impacts would be noted if they were material to HSBC’s overall financial performance.

To provide a more accurate response, one would need to refer directly to the sections of HSBC's 2023 Annual Report and Accounts that discuss regional risks and the performance of its operations in Argentina. If the report did not mention these effects, it suggests that the impact, if any, was not significant enough to warrant a detailed discussion.",,,,,,,,240,0,14.55,,,0.2710622710622711,0.16901408450704225,0.0,,,188.0,1184.0,0.8404284715652466,1.0,
E0135,true_false,natwest,,NatWest Group's CET1 capital ratio at 31 December 2023 was 13.4%.,true,True,,,,,,,,2,0,0.29,1.0,,,,0.0,0.0,,1.0,4.0,,,1.0
E0136,single_choice,natwest,,"According to NatWest Group's 2023 Annual Report, what primarily drove the decrease in derivative assets and derivative liabilities in 2023?",A,A,,,,,,,,2,0,0.35,1.0,,,,0.0,0.0,,1.0,1.0,,,1.0
E0137,open_ended,natwest,,"According to NatWest Group's 2023 Annual Report, compare the profit attributable to ordinary shareholders, paid-in equity holders, and non-controlling interests between 2022 and 2023. What does this comparison suggest about how the improved profit was distributed?","Profit attributable to ordinary shareholders rose by 31.6% to £4,394m, a faster increase than the 23.0% growth in profit from continuing operations and the 28.8% increase in total profit. By contrast, profit attributable to paid-in equity holders fell slightly by 2.8% to £242m, and non-controlling interests moved from a positive £6m to a negative £4m. This suggests that ordinary shareholders received the dominant share of the improvement, while returns to paid-in equity holders were broadly stable and non-controlling interests did not participate in the profit growth; in fact their allocated share became negative. The comparison indicates that the distribution of improved earnings was not uniform: the gains were concentrated in ordinary shareholders.","I do not have specific data from NatWest Group's 2023 Annual Report to provide a direct comparison of profit attributable to ordinary shareholders, paid-in equity holders, and non-controlling interests for both years. To accurately answer your question, I would need to refer to the actual figures reported in the 2023 Annual Report.

However, generally speaking, an improvement in these figures could suggest several things:
1. **Ordinary Shareholders' Profit**: An increase here might indicate that the company is distributing more profits to its owners, possibly through higher dividends or retained earnings.
2. **Paid-In Equity Holders' Profit**: This typically reflects the profit after accounting for any preferred dividends. An increase here suggests that even after paying out preferred dividends, the remaining profit is growing.
3. **Non-Controlling Interests' Profit**: Any growth here indicates that the profit share allocated to minority shareholders or other non-controlling parties has increased.

To draw a specific conclusion about how the improved profit was distributed, we would need to see the exact figures for each category for both years.",,,,,,,,222,0,13.46,,,0.41134751773049644,0.22895622895622897,0.0,,,170.0,1163.0,0.8384063839912415,1.0,
E0138,short_answer,lloyds,,"According to Lloyds Banking Group's 2023 Annual Report, what was the underlying net interest income in 2023 (in £m)?",13765,"14,859",,,,,,,,7,0,0.59,0.0,,0.0,,0.0,1.0,,1.0,6.0,,,0.0
E0139,short_answer,lloyds,,"According to Lloyds Banking Group's 2023 Annual Report, what was the net stable funding ratio at 31 December 2023?",130%,94%,,,,,,,,4,0,0.42,0.0,,0.0,,0.0,1.0,,1.0,3.0,,,0.0
E0140,multiple_choice,natwest,,"According to NatWest Group's 2023 Annual Report: , which of the following balance sheet movements are correct?","A,B,D,F","To provide the correct answer, I would need to refer to NatWest Group's 2023 Annual Report. Given the information provided, I cannot determine the exact balance sheet movements without access to the report. Therefore, I cannot select any of the options as correct based on the available data.

Thus, I must state that the necessary information is not provided to make this determination.",,,,,,,,78,0,4.57,0.0,0.0,,,1.0,0.0,,63.0,387.0,,,0.0
E0141,single_choice,hsbc,,"According to HSBC's 2023 Annual Report and Accounts, what was the amount of the impairment loss recognised in the fourth quarter of 2023 when the disposal group was remeasured?",C,B,,,,,,,,2,0,0.35,0.0,,,,0.0,1.0,,1.0,1.0,,,0.0
E0142,true_false,hsbc,,"According to HSBC's 2023 Annual Report and Accounts, in 2023, total operating expenses excluding impairment of goodwill and other intangible assets were higher than in 2022.",false,False,,,,,,,,2,0,0.32,1.0,,,,0.0,0.0,,1.0,5.0,,,1.0
E0143,short_answer,lloyds,,"According to Lloyds Banking Group's 2023 Annual Report, what was the profit for the year 2023?","5,518",£4.8 billion,,,,,,,,6,0,0.52,0.0,,0.0,,0.0,1.0,,2.0,12.0,,,0.0
E0144,short_answer,lloyds,,"According to Lloyds Banking Group's 2023 Annual Report, what was the risk-weighted assets adjustment for part of the impact of Retail secured CRD IV model updates?",£5 billion,-1.5 billion pounds,,,,,,,,7,0,0.61,0.0,,0.4,,0.0,1.0,,3.0,19.0,,,0.0
E0145,short_answer,natwest,,"According to NatWest Group's 2023 Annual Report, which authority increased the CCyB on Irish exposures?",Central Bank of Ireland,European Central Bank,,,,,,,,4,0,0.39,0.0,,0.5714285714285715,,0.0,1.0,,3.0,21.0,,,0.0
E0146,multiple_choice,lloyds,,"According to Lloyds Banking Group's 2023 Annual Report, according to the 2023 text, which of the following statements about the Group's 2023 financial results are correct?","A,B,D","A, B, D, F",,,,,,,,8,0,0.78,0.0,0.75,,,0.0,1.0,,4.0,10.0,,,0.0
E0147,short_answer,natwest,,"According to NatWest Group's 2023 Annual Report, by how much did income from trading activities decrease compared with 2022?",£339 million,-179 million pounds,,,,,,,,7,0,0.6,0.0,,0.4,,0.0,1.0,,3.0,19.0,,,0.0
E0148,short_answer,natwest,,What standards issued by the IASB are NatWest Group's financial statements prepared in accordance with?,IFRS,IFRS (International Financial Reporting Standards),,,,,,,,9,0,0.79,1.0,,0.33333333333333337,,0.0,0.0,,5.0,50.0,,,1.0
E0149,short_answer,lloyds,,"According to Lloyds Banking Group's 2023 Annual Report, which acquisition utilised 21 basis points of capital?",Tusker,NatWest Group acquisition,,,,,,,,5,0,0.49,0.0,,0.0,,0.0,1.0,,3.0,25.0,,,0.0
E0150,single_choice,hsbc,,"According to HSBC's 2023 Annual Report and Accounts, what was the net interest margin (NIM) for the fourth quarter of 2023?",B,B,,,,,,,,2,0,0.35,1.0,,,,0.0,0.0,,1.0,1.0,,,1.0
E0151,short_answer,lloyds,,"According to Lloyds Banking Group's 2023 Annual Report, what was the 2023 asset quality ratio in basis points?",7,145bps,,,,,,,,5,0,0.56,0.0,,0.0,,0.0,1.0,,1.0,6.0,,,0.0
E0152,multiple_choice,lloyds,,"According to Lloyds Banking Group's 2023 Annual Report: , which of the following statements are correct?","A,B,C,D","A, E, F",,,,,,,,6,0,0.81,0.0,0.16666666666666666,,,0.0,1.0,,3.0,7.0,,,0.0
E0153,short_answer,natwest,,"According to NatWest Group's 2023 Annual Report, what was the UK leverage ratio at 31 December 2023?",5.0%,5.7%,,,,,,,,5,0,0.6,0.0,,0.0,,0.0,1.0,,1.0,4.0,,,0.0
E0154,short_answer,natwest,,"According to NatWest Group's 2023 Annual Report, what were customer deposits in 2022?",£450.3bn,£185.9 billion,,,,,,,,8,0,0.62,0.0,,0.0,,0.0,1.0,,2.0,14.0,,,0.0
E0155,multiple_choice,natwest,,"According to NatWest Group's 2023 Annual Report, according to the 2023 results narrative, which of the following were drivers of the increase in total income excluding notable items compared with 2022?","A,B,C","B, C",,,,,,,,4,0,0.46,0.0,0.6666666666666666,,,0.0,1.0,,2.0,4.0,,,0.0
E0156,short_answer,lloyds,,"According to Lloyds Banking Group's 2023 Annual Report, which division recorded a net £487 million release in pre-updated MES impairment?",Commercial Banking,Retail Banking and Wealth Management,,,,,,,,6,0,0.55,0.0,,0.28571428571428575,,0.0,1.0,,5.0,36.0,,,0.0
E0157,single_choice,natwest,,"According to NatWest Group's 2023 Annual Report, according to the balance sheet, what was the main reason for the decrease in total assets from 2022 to 2023?",B,B,,,,,,,,2,0,0.35,1.0,,,,0.0,0.0,,1.0,1.0,,,1.0
E0158,short_answer,hsbc,,"According to HSBC's 2023 Annual Report and Accounts, what was the loans and advances to customers as a percentage of customer accounts in 2019?",72.0%,45%,,,,,,,,4,0,0.43,0.0,,0.0,,0.0,1.0,,1.0,3.0,,,0.0
E0159,multiple_choice,lloyds,,"According to Lloyds Banking Group's 2023 Annual Report, based on the consolidated statement of comprehensive income for the year ended 31 December, which of the following are components of other comprehensive income (OCI) presented in the statement?","A,B,D,E","A, B, D",,,,,,,,6,0,0.59,0.0,0.75,,,0.0,1.0,,3.0,7.0,,,0.0
E0160,multiple_choice,hsbc,,"According to HSBC's 2023 Annual Report and Accounts, which of the following statements about shareholders' equity and its movements are correct?","A,B,D,E","A, B, D, E, F",,,,,,,,10,0,0.92,0.0,0.8,,,0.0,1.0,,5.0,13.0,,,0.0
E0161,multiple_choice,hsbc,,"According to HSBC's 2023 Annual Report and Accounts, which of the following statements accurately reflect the information in the annual report about the Group's debt instruments and interest rate exposure?","A,B,F","B, D, F",,,,,,,,6,0,0.68,0.0,0.5,,,0.0,1.0,,3.0,7.0,,,0.0
E0162,short_answer,natwest,,"According to NatWest Group's 2023 Annual Report, what was the unrounded total earnings per share attributable to ordinary shareholders – basic in 2023?",47.948p,198.54,,,,,,,,7,0,0.6,0.0,,0.0,,0.0,1.0,,1.0,6.0,,,0.0
E0163,short_answer,lloyds,,"According to Lloyds Banking Group's 2023 Annual Report, which body's decisions in favour of customers were cited in relation to motor finance commission complaints?",Financial Ombudsman Service,Financial Ombudsman Service,,,,,,,,7,0,0.6,1.0,,1.0,,0.0,0.0,,3.0,27.0,,,1.0
E0164,open_ended,hsbc,,"According to HSBC's 2023 Annual Report and Accounts, compare Q4 2023 net interest income with Q3 2023 and Q4 2022. What explains the divergence between the annual improvement and the quarterly decline?","Q4 2023 net interest income was $8,284m, down from $9,248m in Q3 2023 and also down from $8,986m in Q4 2022. Although the full-year 2023 result was higher than 2022, the fourth quarter showed clear margin pressure. Sequentially, gross interest yield fell slightly from 5.00% to 4.90%, while gross interest payable rose from 3.80% to 3.83%, causing net interest spread to narrow from 1.20% to 1.07% and net interest margin to fall from 1.70% to 1.52%. Year-on-year, Q4 2023 had a much higher gross yield than Q4 2022: 4.90% versus 3.55%. But gross interest payable increased even more sharply, from 2.21% to 3.83%, so the net interest spread compressed from 1.34% to 1.07%. This meant higher asset yields were more than offset by higher funding costs, leading to lower net interest income despite a considerably higher interest-rate environment.","According to HSBC Holdings plc's 2023 Annual Report and Accounts, the Q4 2023 net interest income was £5.1 billion, compared to £5.3 billion in Q3 2023 and £4.9 billion in Q4 2022.

The divergence between the annual improvement and the quarterly decline can be explained by several factors:

1. **Seasonal Variations**: Quarterly fluctuations in net interest income can be influenced by seasonal patterns in loan demand, deposit flows, and market conditions. For example, certain periods may see higher or lower levels of customer activity, which can impact interest income.

2. **Interest Rate Environment**: Changes in the interest rate environment can affect net interest income. If there is a change in the base rate or other benchmark rates during the quarter, it can lead to a temporary dip in net interest income as the bank adjusts its lending and deposit rates.

3. **Loan and Deposit Mix**: The mix of loans and deposits can also influence net interest income. If there is a shift in the mix of assets and liabilities, such as an increase in lower-yielding deposits or a decrease in higher-yielding loans, this can reduce net interest income.

4. **Credit Quality and Provisioning**: Changes in credit quality and the need for provisions can also impact net interest income. If there is an increase in expected credit losses, this can reduce reported net interest income.

5. **Market Conditions**: Market conditions, including changes in bond yields and foreign exchange rates, can affect the bank’s net interest income. Fluctuations in these markets can impact the value of the bank’s investment portfolio and the interest income generated from these investments.

These factors collectively can explain why there might be a quarterly decline despite an overall annual improvement in net interest income.",,,,,,,,369,0,22.67,,,0.21176470588235294,0.16740088105726872,0.0,,,287.0,1816.0,0.8388295769691467,1.0,
E0165,open_ended,lloyds,,According to Lloyds Banking Group's 2023 Annual Report: Discuss the positive and negative effects of the rising UK Bank Rate environment on the Group's net interest income and net interest margin in 2023.,"The rising UK Bank Rate environment had both positive and negative effects. Positively, it supported a stronger banking net interest margin through higher UK Bank Rate pass-through and increased structural hedge earnings. This was visible in the full-year net interest margin rising to 3.11% from 2.94%. Negatively, rising rates contributed to deposit mix effects, as customers moved into higher-rate deposits, and to asset margin compression, particularly in the mortgage book. There was also higher non-banking interest expense due to increased funding costs. Overall, the positive effects dominated in 2023, but the negative factors became more prominent by the fourth quarter, when the quarterly margin fell to 2.98%.","Based on the typical impacts observed in banking environments, here is an analysis of the potential effects of the rising UK Bank Rate on Lloyds Banking Group's (LBG) net interest income and net interest margin in 2023:

**Positive Effects:**
1. **Increased Net Interest Income:** As the Bank Rate rises, LBG can increase its lending rates to customers, thereby increasing the spread between the interest earned on loans and the interest paid on deposits. This can lead to higher net interest income, assuming the volume of loans remains stable or grows.
2. **Improved Net Interest Margin:** A rising Bank Rate generally leads to a steeper yield curve, which can improve the net interest margin by widening the gap between the interest rates at which LBG lends and borrows.

**Negative Effects:**
1. **Reduced Deposit Attraction:** Higher interest rates can attract more deposits from other banks, potentially increasing funding costs for LBG if it needs to offer higher rates to retain or attract deposits.
2. **Impact on Mortgages and Consumer Loans:** For mortgage and consumer loan products, higher interest rates can reduce demand as borrowing becomes more expensive. This could lead to lower loan volumes and, consequently, lower net interest income.
3. **Credit Risk:** While higher interest rates can improve the profitability of loans, they also increase the risk of default, especially for borrowers with variable-rate debt. This could lead to higher provisions for credit losses, which would negatively impact net interest income.

For precise figures and detailed analysis, one would need to refer to Lloyds Banking Group's 2023 Annual Report, where specific data on net interest income and net interest margin would be provided.",,,,,,,,344,0,20.44,,,0.3113456464379947,0.18508997429305912,0.0,,,272.0,1741.0,0.8445472121238708,2.0,
E0166,single_choice,hsbc,,"According to HSBC's 2023 Annual Report and Accounts, according to the consolidated statement of comprehensive income for the year ended 31 December 2023, which of the following is classified under ""Items that will not be reclassified subsequently to profit or loss""?",C,C,,,,,,,,2,0,0.34,1.0,,,,0.0,0.0,,1.0,1.0,,,1.0
E0167,open_ended,natwest,,"According to NatWest Group's 2023 Annual Report, why did the effective tax rate fall from 24.8% to 23.2% in 2023 even though the UK corporation tax rate rose from 19.0% to 23.5%?","The effective tax rate is not the same as the headline corporation tax rate. Despite the UK rate rising to 23.5%, the actual tax charge was £1,434m, which was lower than the expected charge of £1,452m based on the 23.5% rate. The lower effective rate resulted from tax credits relating to the carrying value of loss deferred tax assets and from foreign exchange recycling on the UBIDAC capital reduction. These positive factors were partially offset by the UK banking surcharge, no tax relief for Republic of Ireland tax losses, prior-year adjustments, and other non-deductible items. So the effective rate declined because the tax credits outweighed these offsetting items, even though the statutory rate increased.","The decrease in NatWest Group's effective tax rate from 24.8% in 2022 to 23.2% in 2023, despite the UK corporation tax rate rising from 19.0% to 23.5%, is likely due to a combination of factors including tax planning strategies, changes in the mix of earnings across different jurisdictions with varying tax rates, and the impact of one-off items or transactions that affected the tax liability. NatWest Group may have benefited from favorable tax rulings, utilized tax credits, or had lower taxable income in certain areas, which collectively contributed to the reduction in the effective tax rate. For precise details, one would need to refer to the specific sections of NatWest Group's 2023 Annual Report discussing tax strategies and policies.",,,,,,,,168,0,10.63,,,0.36909871244635195,0.23577235772357724,0.0,,,119.0,747.0,0.8632255792617798,2.0,
E0168,short_answer,lloyds,,"According to Lloyds Banking Group's 2023 Annual Report, what was the statutory profit before tax in 2023 (in £m)?",7503,"5,189",,,,,,,,6,0,0.54,0.0,,0.0,,0.0,1.0,,1.0,5.0,,,0.0
E0169,short_answer,hsbc,,"According to HSBC's 2023 Annual Report and Accounts, what was the loss on net monetary positions in 2023 as a result of applying IAS 29?",1667m,-1657 million,,,,,,,,7,0,0.61,0.0,,0.0,,0.0,1.0,,2.0,13.0,,,0.0
E0170,open_ended,lloyds,,According to Lloyds Banking Group's 2023 Annual Report: Analyze the difference between underlying profit and statutory profit before tax in 2023. What do the reconciling items reveal about the quality of earnings?,"In 2023, underlying profit was £7,809m while statutory profit before tax was £7,503m, with the difference explained by restructuring costs of £154m and a volatility and other items loss of £152m. Underlying profit is intended to give a cleaner view of recurring trading performance by stripping out these items. The very small size of the reconciling items in 2023 contrasts with 2022, when volatility and other items were a large negative £2,166m, which is why statutory profit before tax jumped 57% while underlying profit grew 11%. This suggests statutory growth was boosted by the absence of large one-off or market-related losses rather than by a corresponding acceleration in underlying profitability. The quality of earnings is also supported by a substantial fall in impairment charges, but the cost base grew and remediation costs increased, so the 2023 result is a mix of better credit performance and cost pressures.","I don't have access to the specific details of Lloyds Banking Group's 2023 Annual Report to provide an exact figure for the difference between underlying profit and statutory profit before tax. However, I can explain how these figures are typically reconciled and what the differences might indicate about the quality of earnings.

Underlying profit is a measure that excludes one-off or exceptional items, providing a clearer picture of the bank's core performance. Statutory profit before tax, on the other hand, includes all items as per accounting standards, which may include one-off events, impairments, and other non-recurring items.

The difference between these two figures often reveals the impact of such exceptional items. If the underlying profit is significantly lower than the statutory profit before tax, it could suggest that the bank has experienced significant one-off events that negatively impacted its reported earnings. This could be due to factors like large impairment charges, restructuring costs, or gains/losses from disposals.

Conversely, if the underlying profit is higher, it might indicate that the bank has been able to maintain its core profitability despite some external challenges or that it has managed to offset some negative impacts with positive developments.

To analyze the quality of earnings, investors and analysts look at the consistency of underlying profits over time, the reasons behind any significant differences between underlying and statutory profits, and whether the bank's core business is generating stable and sustainable earnings.",,,,,,,,286,0,17.29,,,0.34464751958224543,0.21662468513853905,0.0,,,236.0,1591.0,0.8469833731651306,1.0,
E0171,short_answer,natwest,,"According to NatWest Group's 2023 Annual Report, what was the Bank NIM in the annual report?",3.04%,2.1%,,,,,,,,5,0,0.54,0.0,,0.0,,0.0,1.0,,1.0,4.0,,,0.0
E0172,open_ended,natwest,,According to NatWest Group's 2023 Annual Report: Analyze the relationship between profit for the year and total comprehensive income in 2021-2023. What do the other comprehensive income components reveal about the sources of volatility beyond net profit?,"Profit for the year rose steadily from £3,312m in 2021 to £3,595m in 2022 and £4,632m in 2023. However, total comprehensive income was far more volatile: £1,674m, £625m and £4,686m respectively. The bridge is other comprehensive income after tax, which was -£1,638m in 2021, -£2,970m in 2022 and +£54m in 2023. The OCI lines identify the main non-P&L sources of volatility: remeasurement of retirement benefit schemes was negative in all three years, especially -£840m in 2022; cash flow hedge movements swung from -£848m in 2021 to +£1,208m in 2023; currency translation produced a large negative effect in 2022; and FVOCI financial asset movements were comparatively small. Thus, while underlying profitability improved, comprehensive results were buffeted by pension, hedging, tax and translation effects that do not flow through profit.","Based on the typical structure of an annual report, I can provide a general analysis based on common financial reporting practices, but I don't have access to the specific figures from NatWest Group's 2023 Annual Report. However, I can outline what such an analysis might look like:

1. **Profit for the Year vs. Total Comprehensive Income**:
   - **Profit for the Year**: This is the primary measure of profitability, reflecting the earnings generated by the company’s core business activities.
   - **Total Comprehensive Income**: This includes not only the profit for the year but also any other comprehensive income items that affect equity during the period. These items are typically found in the ""Other Comprehensive Income"" section of the statement of comprehensive income.

2. **Analysis**:
   - The difference between profit for the year and total comprehensive income would be due to items in the ""Other Comprehensive Income"" section, which could include items like changes in fair value of derivatives, foreign currency translation differences, revaluation of property, plant, and equipment, and actuarial gains or losses on defined benefit pension schemes.
   - If the total comprehensive income is significantly different from the profit for the year, it suggests that there were non-operating factors affecting the equity of the company during the period.

3. **Other Comprehensive Income Components**:
   - **Foreign Currency Translation Differences**: Fluctuations in exchange rates can lead to gains or losses on foreign currency transactions and monetary assets and liabilities denominated in foreign currencies.
   - **Fair Value Changes**: Gains or losses from changes in the fair value of financial instruments, such as derivatives, held at fair value through profit or loss.
   - **Actuarial Gains/Losses**: In the case of defined benefit pension schemes, these can arise from changes in the assumptions used to calculate the pension liability or from changes in the actual experience of the scheme compared to expectations.
   - **Revaluations**: Changes in the fair value of property, plant, and equipment, which can be volatile depending on market conditions.

These components can reveal sources of volatility beyond net profit, such as market fluctuations, changes in exchange rates, and actuarial assumptions, which can significantly impact the total comprehensive income and thus the overall financial position of the company.",,,,,,,,462,0,28.24,,,0.24380165289256198,0.1282565130260521,0.0,,,364.0,2456.0,0.7968246340751648,1.0,
E0173,short_answer,natwest,,"According to NatWest Group's 2023 Annual Report, what was the UK corporation tax rate for 2023?",23.5%,19%,,,,,,,,4,0,0.44,0.0,,0.0,,0.0,1.0,,1.0,3.0,,,0.0
E0174,short_answer,lloyds,,"According to Lloyds Banking Group's 2023 Annual Report, what was the percentage change in underlying profit from 2022 to 2023?",11%,17%,,,,,,,,4,0,0.48,0.0,,0.0,,0.0,1.0,,1.0,3.0,,,0.0
E0175,short_answer,hsbc,,"According to HSBC's 2023 Annual Report and Accounts, how many employees, expressed in full-time equivalent staff, were there at 31 December 2023?","220,861","215,897",,,,,,,,8,0,0.86,0.0,,0.0,,0.0,1.0,,1.0,7.0,,,0.0
E0176,short_answer,lloyds,,"According to Lloyds Banking Group's 2023 Annual Report, what was the effective portion of changes in fair value taken to other comprehensive income in 2022?",-6990,-196 million,,,,,,,,6,0,0.69,0.0,,0.0,,0.0,1.0,,2.0,12.0,,,0.0
E0177,short_answer,lloyds,,"According to Lloyds Banking Group's 2023 Annual Report, what was the amount of underlying other income in 2023?","£5,123 million","£1,589m",,,,,,,,8,0,0.66,0.0,,0.0,,0.0,1.0,,1.0,7.0,,,0.0
E0178,open_ended,lloyds,,"According to Lloyds Banking Group's 2023 Annual Report: Evaluate the relationship between profit before tax, tax expense, and profit for the year. What does the implied effective tax rate suggest, and what questions might an analyst ask?","Profit before tax increased 57% from £4,782m to £7,503m, but tax expense increased from £859m to £1,985m, an increase of 131%. As a result, profit for the year increased by 41% to £5,518m, which is lower than the pre-tax profit growth. The implied effective tax rate rose from roughly 18% in 2022 to about 26.5% in 2023. The summary does not disclose why the effective rate increased, so an analyst would need to examine the notes. Possible explanations could include changes in the geographical mix of profits, non-deductible expenses, one-off prior-year tax items, or the treatment of insurance and investment contract results. This illustrates that pre-tax profit growth does not automatically translate into the same rate of net income growth after tax.","To evaluate the relationship between profit before tax, tax expense, and profit for the year at Lloyds Banking Group plc as per its 2023 Annual Report, we need to look at the following:

1. **Profit Before Tax**: This is the income from operations before deducting income taxes.
2. **Tax Expense**: The amount of tax paid on the profit before tax.
3. **Profit for the Year**: This is the net income after tax expenses have been deducted from the profit before tax.

The implied effective tax rate can be calculated using the formula:
\[ \text{Effective Tax Rate} = \frac{\text{Tax Expense}}{\text{Profit Before Tax}} \times 100\% \]

An analyst would typically look at these figures to assess the accuracy of the reported tax expense and the overall financial health of the company. An implied effective tax rate that significantly deviates from the statutory tax rate (the official tax rate set by the government) could indicate various issues such as tax planning strategies, one-off events affecting tax expense, or errors in reporting.

**Questions an Analyst Might Ask:**

1. **Statutory vs. Effective Tax Rate**: Is the effective tax rate close to the statutory rate, or is there a significant difference? If there is a difference, why?
2. **Tax Expense Variance**: Has there been a significant change in the tax expense compared to previous years? If so, what factors contributed to this change?
3. **One-Off Events**: Were there any one-off events that affected the tax expense, such as changes in accounting policies or legal settlements?
4. **Tax Planning Strategies**: Are there indications of aggressive tax planning or tax avoidance strategies being used?
5. **Regulatory Changes**: Have there been any regulatory changes that impacted the company’s tax liability?

Without specific figures from Lloyds Banking Group's 2023 Annual Report, I cannot provide numerical values for the effective tax rate or make definitive statements about the relationship between these figures. However, the above framework and questions should guide the analysis.",,,,,,,,424,0,25.75,,,0.30454545454545456,0.18695652173913044,0.0,,,321.0,2058.0,0.8148185014724731,2.0,
E0179,open_ended,natwest,,"Analyze the main factors behind the changes in NatWest Group's CET1 capital ratio and risk-weighted assets during 2023, and explain what these movements suggest about the bank's strategic priorities.","The CET1 ratio declined by 80 basis points to 13.4% (13.2% excluding IFRS 9 transitional relief). This mainly reflected distributions deducted from capital of around 200 basis points, which were only partially offset by the bank's attributable profit. Meanwhile, RWAs increased by £6.9 billion to £183.0 billion, driven primarily by lending growth in Commercial & Institutional and a £3.0 billion uplift from CRD IV model updates. This was partially offset by a £4.0 billion reduction from the continued exit from the Republic of Ireland. Together, these movements indicate a bank balancing capital return to shareholders with continued lending expansion, while also de-risking through exiting a non-core market and adjusting to regulatory model changes.","To provide an accurate analysis of the changes in NatWest Group's CET1 capital ratio and risk-weighted assets during 2023, I would need specific figures or details from their 2023 annual report. However, based on typical trends observed in the banking sector, I can outline some potential factors that might have influenced these metrics:

1. **CET1 Capital Ratio**:
   - **Regulatory Changes**: The introduction or tightening of regulatory requirements could lead to an increase in the CET1 capital ratio as banks may need to hold more capital to meet new standards.
   - **Dividend Policy**: If NatWest reduced its dividends or retained more earnings, this would increase the CET1 ratio.
   - **Asset Growth**: Stronger earnings or lower provisions could also contribute to a higher CET1 ratio.

2. **Risk-Weighted Assets (RWA)**:
   - **Loan Portfolio Growth**: Expansion of the loan portfolio, especially in higher-risk segments like commercial real estate or corporate lending, would increase RWA.
   - **Credit Quality**: An improvement in credit quality leading to lower provisions for loan losses would reduce RWA.
   - **Market Risk**: Increased trading activities or exposure to volatile markets could also raise RWA.

**Strategic Priorities Suggested by Movements**:
- **Capital Management**: A rising CET1 ratio suggests a focus on maintaining strong capital levels, possibly indicating a cautious approach to growth or compliance with stricter capital adequacy requirements.
- **Risk Appetite**: An increase in RWA could indicate a more aggressive risk-taking strategy, potentially targeting higher returns but also increasing the risk profile.
- **Growth Strategy**: Significant growth in RWA might suggest an expansionary strategy focused on increasing market share or entering new markets, which could be driven by strategic acquisitions or organic growth.

For precise analysis, one would need to refer to NatWest Group's 2023 annual report for detailed figures and commentary on these metrics.",,,,,,,,401,0,23.74,,,0.2065491183879093,0.11165048543689321,0.0,,,294.0,2011.0,0.8086939454078674,1.0,
E0180,short_answer,hsbc,,"According to HSBC's 2023 Annual Report and Accounts, what percentage did trading assets increase by?",33%,12%,,,,,,,,4,0,0.38,0.0,,0.0,,0.0,1.0,,1.0,3.0,,,0.0
E0181,short_answer,lloyds,,"According to Lloyds Banking Group's 2023 Annual Report, what was the amount of the charge arising from the potential impact of the FCA review of historical motor finance commission arrangements?",£450 million,£1.4 billion,,,,,,,,6,0,0.65,0.0,,0.0,,0.0,1.0,,2.0,12.0,,,0.0
E0182,single_choice,natwest,,"According to NatWest Group's 2023 Annual Report, what was the total amount provided towards the £100 billion climate and sustainable funding and financing target as of 31 December 2023?",B,A,,,,,,,,2,0,0.36,0.0,,,,0.0,1.0,,1.0,1.0,,,0.0
E0183,short_answer,lloyds,,"According to Lloyds Banking Group's 2023 Annual Report, what assets were the Group's liquid assets mainly held in?",cash and government bonds,Cash and near-cash assets,,,,,,,,7,0,0.64,0.0,,0.5,,0.0,1.0,,4.0,25.0,,,0.0
E0184,short_answer,natwest,,"According to NatWest Group's 2023 Annual Report, what was the total fully diluted earnings per share attributable to ordinary shareholders in 2023?",47.7p,59.1 pence,,,,,,,,7,0,0.7,0.0,,0.0,,0.0,1.0,,2.0,10.0,,,0.0
E0185,short_answer,lloyds,,"According to Lloyds Banking Group's 2023 Annual Report, what was the value of the share buyback programme completed during 2023?",£2 billion,£1.5 billion,,,,,,,,6,0,0.63,1.0,,0.5,,0.0,0.0,,2.0,12.0,,,0.0
E0186,single_choice,lloyds,,"According to Lloyds Banking Group's 2023 Annual Report, according to the summary income statement, which item increased by 46% in 2023 compared with 2022?",C,A,,,,,,,,2,0,0.36,0.0,,,,0.0,1.0,,1.0,1.0,,,0.0
E0187,short_answer,hsbc,,"According to HSBC's 2023 Annual Report and Accounts, which category appears immediately after 'preference shareholders of the parent company' under the 'Attributable to' section?",other equity holders,ordinary shareholders of the parent company,,,,,,,,7,0,0.77,0.0,,0.0,,0.0,1.0,,6.0,43.0,,,0.0
E0188,multiple_choice,hsbc,,"According to HSBC's 2023 Annual Report and Accounts, based on the five-year selected financial information, which of the following statements are correct?","A,C,D","A, D, F",,,,,,,,6,0,0.7,0.0,0.5,,,0.0,1.0,,3.0,7.0,,,0.0
E0189,open_ended,lloyds,,According to Lloyds Banking Group's 2023 Annual Report: Analyze how the Retail secured CRD IV model updates and the IFRS 9 transitional relief changes affected the Group's capital position. How did impairment movements interact with these effects?,"The Retail secured CRD IV model updates led to a £5 billion increase in risk-weighted assets, which was a major component of the 50 basis point regulatory headwind. The end of IFRS 9 static transitional relief and the lower factor applied to IFRS 9 dynamic relief also reduced the capital benefit previously provided by transitional arrangements. Together these items reduced capital generation from 223 basis points to 173 basis points. Within that post-headwind figure, the Group benefited by just under 30 basis points from a fourth-quarter impairment write-back, but this benefit was materially offset by around 15 basis points in relation to the £450 million charge arising from the FCA review of historical motor finance commission arrangements. The net impairment effect was therefore limited, and the overall capital build after headwinds was significantly lower than the underlying banking build of 237 basis points.","Based on the information typically found in Lloyds Banking Group's 2023 Annual Report, the Retail secured CRD IV (Capital Requirements Directive IV) model updates and the IFRS 9 (International Financial Reporting Standards 9) transitional relief changes had significant impacts on the Group's capital position.

1. **Retail Secured CRD IV Model Updates**: The CRD IV model updates likely led to more stringent capital requirements for retail loans, particularly those that are secured. This could result in higher risk weights for certain types of retail loans, thereby increasing the amount of regulatory capital required to support these assets. As a result, Lloyds might have seen an increase in its total capital requirement, potentially leading to a reduction in the amount of capital available for other business activities or dividends.

2. **IFRS 9 Transitional Relief Changes**: IFRS 9 introduced new accounting standards for financial instruments, which required banks to measure expected credit losses (ECLs) rather than incurred credit losses. The transitional relief allowed banks to apply the new standard without immediately recognizing the full impact of ECLs, thus providing a buffer period. However, as this relief expired, Lloyds would have needed to recognize the full ECLs, which could lead to higher impairment charges and thus reduce the reported profit and increase the capital required to cover potential losses.

3. **Impairment Movements**: Impairment movements can significantly affect a bank’s capital position. Higher impairment charges due to the application of IFRS 9 could reduce the bank’s reported profits and, consequently, its retained earnings, which are a key component of its capital base. Additionally, if the impairment provisions were increased to reflect higher expected credit losses, this would also contribute to a higher capital requirement under the CRD IV framework.

In summary, the Retail secured CRD IV model updates and the IFRS 9 transitional relief changes likely contributed to a more conservative capital position at Lloyds Banking Group by increasing the capital requirements for retail loans and reducing the available capital due to higher impairment charges. Impairment movements played a crucial role in these effects, as they directly impacted the bank’s profitability and, consequently, its capital adequacy ratio.",,,,,,,,451,0,27.83,,,0.24646464646464647,0.16666666666666666,0.0,,,352.0,2379.0,0.8270453214645386,2.0,
E0190,short_answer,lloyds,,"According to Lloyds Banking Group's 2023 Annual Report, what was the notional balance of the sterling structural hedge?",£247 billion,"£150,000 million",,,,,,,,10,0,0.72,0.0,,0.0,,0.0,1.0,,2.0,16.0,,,0.0
E0191,short_answer,hsbc,,"According to HSBC's 2023 Annual Report and Accounts, what was the reported amount of loans and advances to customers?",$939bn,"$1,475,896 million",,,,,,,,12,0,0.85,0.0,,0.0,,0.0,1.0,,2.0,18.0,,,0.0
E0192,single_choice,natwest,,"According to NatWest Group's 2023 Annual Report: , what was the primary reason for the decrease in income from trading activities?",A,C,,,,,,,,2,0,0.33,0.0,,,,0.0,1.0,,1.0,1.0,,,0.0
E0193,short_answer,hsbc,,"According to HSBC's 2023 Annual Report and Accounts, what were total assets at 31 Dec 2023 in $m?",3038677,"1,658,479",,,,,,,,10,0,0.77,0.0,,0.0,,0.0,1.0,,1.0,9.0,,,0.0
E0194,short_answer,hsbc,,"According to HSBC's 2023 Annual Report and Accounts, which acquisition contributed $6bn to CMB customer accounts?",SVB UK,"HSBC acquired Standard Chartered, contributing $6bn to CMB customer accounts.",,,,,,,,18,0,1.25,0.0,,0.0,,0.0,1.0,,10.0,77.0,,,0.0
E0195,short_answer,natwest,,"According to NatWest Group's 2023 Annual Report, what was the amount of foreign exchange recycling gains reported in the annual report?",£484 million,179 million pounds,,,,,,,,6,0,0.51,0.0,,0.4,,0.0,1.0,,3.0,18.0,,,0.0
E0196,short_answer,natwest,,"According to NatWest Group's 2023 Annual Report, what was the total customer deposits excluding central items in 2023?",£419.1 billion,£165.9 billion,,,,,,,,8,0,0.66,0.0,,0.5,,0.0,1.0,,2.0,14.0,,,0.0
E0197,single_choice,lloyds,,"According to Lloyds Banking Group's 2023 Annual Report: , what was the Group's pro forma CET1 capital ratio at 31 December 2023?",A,B,,,,,,,,2,0,0.34,0.0,,,,0.0,1.0,,1.0,1.0,,,0.0
E0198,multiple_choice,natwest,,Which of the following statements about NatWest Group's capital position at 31 December 2023 are correct?,"A,B,D","To answer this question accurately, I would need to refer to NatWest Group's 2023 annual report. Since I don't have access to the specific details from the 2023 annual report, I can't definitively state which of these options are correct. Therefore, I must indicate that the information required to answer this question is not available based on the provided context.

However, if we hypothetically had the data, we would compare each statement against the actual figures reported in the 2023 annual report. For example, if the report stated the CET1 ratio was indeed 13.4%, then option A would be correct. 

Given the lack of specific data, the most accurate response is:

N/A",,,,,,,,152,0,9.63,0.0,0.3333333333333333,,,1.0,0.0,,112.0,677.0,,,0.0
E0199,multiple_choice,hsbc,,"According to HSBC's 2023 Annual Report and Accounts: , which of the following are reported as factors affecting net fee income in 2023?","A,B,C,D","A, B, C, D, E",,,,,,,,10,0,0.84,0.0,0.8,,,0.0,1.0,,5.0,13.0,,,0.0
E0200,open_ended,natwest,,"According to NatWest Group's 2023 Annual Report: Analyze the main factors behind the 28 pence rise in TNAV per share in 2023, and what does the £498 million increase in intangible assets imply about the quality of that book value growth?","The increase in TNAV per share to 292 pence was primarily attributable to the period’s profit and a positive £872 million movement in cash flow hedging reserves, which occurred as rate expectations lowered. This was partially offset by distributions, such as dividends or buybacks, which reduce retained capital. The £498 million increase in intangible assets, mainly from software capitalisation and the acquisition of Cushon, means that a larger part of total assets is not in physical or purely tangible form. Software capitalisation reflects investment in internally developed assets, while the Cushon acquisition adds intangibles such as goodwill and customer relationships. Although these can support future earnings, they are less liquid and more subjective in valuation than tangible assets. Therefore, while TNAV per share rose from strong operating results and favourable hedging movements, the composition of growth is important: some of the increase in reported assets is intangible and may be subject to amortisation or impairment, so the quality of tangible book value growth is lower than if it had come entirely from retained cash and tangible earnings.","Based on the information provided in NatWest Group's 2023 Annual Report, the 28 pence rise in Tangible Net Asset Value (TNAV) per share in 2023 can be attributed to several factors:

1. **Strong Profit Performance**: NatWest reported strong profit performance, which contributed to the overall growth in TNAV.
2. **Cost Reductions**: The bank has been focused on cost reduction initiatives, which helped improve its efficiency ratios and contributed to the TNAV increase.
3. **Loan Book Growth**: An expansion in the loan book, particularly in commercial and retail banking, also played a significant role in boosting TNAV.

Regarding the £498 million increase in intangible assets, this implies that the book value growth is not solely driven by tangible assets but also by investments in intangible assets such as brand equity, customer relationships, software, and other non-physical assets. This suggests that NatWest is investing in areas that may not be immediately visible or tangible but are expected to provide long-term benefits, such as enhancing customer experience through digital platforms or strengthening its market position. Such investments often reflect a strategic focus on sustainable growth and competitive advantage, indicating that the growth in book value is of high quality and sustainable in the long term.",,,,,,,,261,0,16.13,,,0.3905013192612137,0.2193211488250653,0.0,,,202.0,1333.0,0.8546960353851318,2.0,
E0201,open_ended,natwest,,"According to NatWest Group's 2023 Annual Report: Analyze the relationship between the fall in cash and balances at central banks, the decline in customer deposits, and the increase in other financial assets. What does this suggest about the bank's liquidity and funding position?","Customer deposits decreased by £18.9 billion, or 4%, to £431.4 billion, representing a funding outflow. Cash and balances at central banks fell by a larger amount, £40.6 billion, because the decline was driven not only by business segment funding outflows but also by the acquisition of £19.5 billion of non-cash liquid assets as part of ongoing liquidity management. The increase in other financial assets by £20.2 billion, particularly net bonds activity of £16.5 billion and increases in held-to-collect securities, is consistent with the bank swapping central bank cash for liquid securities and other financial instruments. This suggests that the bank was actively managing its liquidity buffer, maintaining liquid asset holdings in a different form rather than simply losing cash. However, the decline in customer deposits is still a funding headwind and needs to be monitored. The overall picture is one of active liquidity management and balance sheet reshaping, but with some pressure on customer funding.","Based on the typical financial statements and notes provided in an annual report, a fall in cash and balances at central banks combined with a decline in customer deposits while there is an increase in other financial assets could indicate several things about NatWest Group's liquidity and funding position:

1. **Liquidity Management**: The decrease in cash and balances at central banks might suggest that the bank has reduced its holdings of liquid assets to invest in other financial instruments or to manage its balance sheet more efficiently. This could be a strategic move to optimize returns or to align with regulatory requirements.

2. **Customer Deposit Trends**: A decline in customer deposits could indicate a shift in customer behavior, possibly due to changes in interest rates, economic conditions, or competition from other financial institutions. This trend can affect the bank’s ability to fund its operations and lend to customers, impacting its liquidity position.

3. **Investment Strategy**: An increase in other financial assets suggests that NatWest Group may have shifted its investment strategy to include more diversified holdings such as loans, securities, or other financial instruments. This diversification can help manage risk but also requires careful management to ensure adequate liquidity.

4. **Funding Position**: The combination of these factors can provide insights into the bank’s funding position. If the decline in deposits is not offset by an equivalent reduction in liabilities (like reducing borrowings), it could signal potential challenges in maintaining sufficient liquidity. However, if the increase in other financial assets is managed effectively, it can enhance the bank’s overall funding resilience.

Overall, these trends suggest that NatWest Group is actively managing its liquidity and funding position. The bank needs to ensure that it maintains sufficient liquid assets to meet short-term obligations while optimizing its investment portfolio for better returns. Any significant changes in these areas should be closely monitored to assess the bank’s overall financial health and stability.",,,,,,,,370,0,24.1,,,0.37711864406779655,0.18480492813141686,0.0,,,317.0,2151.0,0.8440077304840088,3.0,
E0202,true_false,hsbc,,According to HSBC's 2023 Annual Report and Accounts: The loans and advances to customers as a percentage of customer accounts in 2020 was 63.2%.,true,False,,,,,,,,2,0,0.32,0.0,,,,0.0,1.0,,1.0,5.0,,,0.0
E0203,short_answer,natwest,,"According to NatWest Group's 2023 Annual Report, what was the approximate FTE headcount after reductions?","61,200","14,500",,,,,,,,7,0,0.59,0.0,,0.0,,0.0,1.0,,1.0,6.0,,,0.0
E0204,short_answer,natwest,,"According to NatWest Group's 2023 Annual Report, who signed the accounts as Group Chief Financial Officer?",Katie Murray,Simon Cooper,,,,,,,,3,0,0.33,0.0,,0.0,,0.0,1.0,,2.0,12.0,,,0.0
E0205,short_answer,natwest,,"According to NatWest Group's 2023 Annual Report, what was the IFRS 9 transitional adjustment impact on CET1 capital at 31 December 2023?",0.2 billion,-154 million pounds,,,,,,,,7,0,0.62,1.0,,0.0,,0.0,0.0,,3.0,19.0,,,0.0
E0206,short_answer,lloyds,,"According to Lloyds Banking Group's 2023 Annual Report, what was the charge recognised for costs and potential redress in light of the FCA section 166 review?",£450 million,"£1,450 million",,,,,,,,8,0,0.67,0.0,,0.5,,0.0,1.0,,2.0,14.0,,,0.0
E0207,true_false,natwest,,NatWest Group's total risk-weighted assets decreased from 2022 to 2023.,false,True,,,,,,,,2,0,0.27,0.0,,,,0.0,1.0,,1.0,4.0,,,0.0
E0208,true_false,lloyds,,"According to Lloyds Banking Group's 2023 Annual Report: The Group's underlying profit for 2023 was £7,809 million.",true,True,,,,,,,,2,0,0.32,1.0,,,,0.0,0.0,,1.0,4.0,,,1.0
E0209,multiple_choice,lloyds,,"According to Lloyds Banking Group's 2023 Annual Report, which of the following statements about the Group's impairment charge are supported by the annual report?","A,B,C,D","B, C, D",,,,,,,,6,0,0.62,0.0,0.75,,,0.0,1.0,,3.0,7.0,,,0.0
E0210,short_answer,lloyds,,"According to Lloyds Banking Group's 2023 Annual Report, what was the currency translation difference in 2023?",-53,-14 million pounds,,,,,,,,6,0,0.5,0.0,,0.0,,0.0,1.0,,3.0,18.0,,,0.0
E0211,open_ended,natwest,,"According to NatWest Group's 2023 Annual Report, why might total income excluding notable items be a better indicator of underlying performance than reported total income? Use evidence from the table.","Total income excluding notable items increased 9.8% to £14,339m, while reported total income increased 12.1% to £14,752m. The difference is attributable to a range of notable items, including fair value losses, disposal losses, own credit adjustments, tax interest on prior periods, loss on redemption of own debt, asset sale losses, insurance liability gains/losses, property strategy updates, and foreign exchange recycling gains. Because these items are often one-off or fair-value-driven, they can distort reported growth. The excluding-notable-items measure provides a more consistent comparison of the core revenue trends in lending, markets, and fees, although the absolute reported total income is the statutory figure.","To provide an accurate response, I would need to refer to specific details from NatWest Group's 2023 Annual Report. However, generally, total income excluding notable items can be a better indicator of underlying performance because it removes one-time events or exceptional items that may distort the regular operating results. This allows for a clearer view of the bank’s core business performance.

For example, if the report includes a table showing income components, it might show that excluding notable items such as gains or losses from disposals, impairments, or other non-recurring events provides a more stable and consistent measure of the bank’s operational earnings. This can help investors and analysts understand the bank’s performance without the influence of these extraordinary items.

Without access to the specific table from NatWest Group's 2023 Annual Report, I cannot provide a direct reference or figure. If you could share the relevant section or table from the report, I could give a more precise answer.",,,,,,,,196,0,12.24,,,0.2835249042145594,0.1798561151079137,0.0,,,159.0,1031.0,0.8386982679367065,2.0,
E0212,true_false,lloyds,,According to Lloyds Banking Group's 2023 Annual Report: Interest expense decreased from 2022 to 2023.,false,True,,,,,,,,2,0,0.32,0.0,,,,0.0,1.0,,1.0,4.0,,,0.0
E0213,open_ended,natwest,,"According to NatWest Group's 2023 Annual Report, why did customer deposits fall by £13.8 billion in 2023, and why might the bank still view its funding position as healthy?","The decrease was principally driven by the competitive environment for deposits and an overall contraction in market liquidity, rather than by a single strategic action. In the fourth quarter, active management within Corporate & Institutions reduced balances by £4.5 billion, but this was partially offset by growth in Retail Banking and Private Banking. Despite the lower deposit base, the loan-to-deposit ratio remains at 84%, which suggests the bank is not over-reliant on customer deposits to fund lending and retains a prudent funding buffer. The bank also continued to shift its deposit mix toward interest-bearing and term balances—non-interest-bearing balances are 34% and term balances are 16%—indicating that it is actively managing the stability and cost of its funding even as total balances decline.","The 2023 Annual Report for NatWest Group does not provide a specific explanation for the £13.8 billion decrease in customer deposits in 2023. However, such a significant drop could be due to various factors including changes in customer behavior, competition from other financial institutions, or broader economic conditions that affected customer preferences for holding deposits.

Regarding the health of NatWest's funding position despite this decrease, the bank might still consider its funding position healthy for several reasons:

1. **Alternative Funding Sources**: The bank may have maintained or increased its reliance on wholesale funding sources, such as interbank markets, bond issuance, or other corporate deposits, which can be more stable and less volatile than retail deposits.

2. **Liquidity Management**: Effective liquidity management practices can ensure that the bank has sufficient liquid assets to meet its obligations, even if deposit levels fluctuate.

3. **Regulatory Compliance**: NatWest may have maintained compliance with regulatory capital requirements, which can provide a buffer against short-term fluctuations in deposit levels.

4. **Customer Relationships**: While deposit levels may have fallen, the bank might have retained strong relationships with key customers, ensuring continued business and transactional activity.

5. **Market Conditions**: Favorable market conditions for alternative funding sources could also contribute to the bank maintaining a healthy funding position.

For precise details, one would need to refer directly to the 2023 Annual Report of NatWest Group, where these points might be elaborated upon.",,,,,,,,302,0,18.27,,,0.2824858757062147,0.13661202185792348,1.0,,,233.0,1665.0,0.8459132313728333,2.0,
E0214,multiple_choice,natwest,,"According to NatWest Group's 2023 Annual Report, based on the consolidated balance sheet for the year ended 31 December 2023, which of the following line items decreased compared to 2022?","A,B,C","To answer this question accurately, I would need to refer to NatWest Group's 2023 Annual Report specifically. Since I don't have access to the actual report, I can't definitively state which line items decreased. Therefore, I cannot provide a specific answer using the given options.

However, typically in banking, customer deposits and loans to customers might increase over time due to lending activities and customer demand, while cash and balances at central banks or derivatives might fluctuate based on short-term market conditions. Trading liabilities could also change depending on the bank's trading activities. Equity generally increases with profits and decreases with losses, but it can also be influenced by share buybacks or capital raises.

Given the lack of specific data from NatWest Group's 2023 Annual Report, no definitive answer can be provided among the options A through F.",,,,,,,,173,0,10.91,0.0,0.25,,,0.0,1.0,,138.0,897.0,,,0.0
E0215,short_answer,lloyds,,"According to Lloyds Banking Group's 2023 Annual Report, what was the percentage increase in total income on 2022?",20%,17%,,,,,,,,4,0,0.43,1.0,,0.0,,0.0,0.0,,1.0,3.0,,,0.0
E0216,multiple_choice,hsbc,,"According to HSBC's 2023 Annual Report and Accounts, which of the following statements about return on average tangible equity (RoTE) are correct?","A,B,C,D","A, B, C, D",,,,,,,,8,0,0.81,1.0,1.0,,,0.0,0.0,,4.0,10.0,,,1.0
E0217,single_choice,lloyds,,"According to Lloyds Banking Group's 2023 Annual Report, what was the basic earnings per share for the year ended 31 December 2023?",A,B,,,,,,,,2,0,0.34,0.0,,,,0.0,1.0,,1.0,1.0,,,0.0
E0218,short_answer,lloyds,,"According to Lloyds Banking Group's 2023 Annual Report, what is the expected average interest-earning banking assets level for 2024?",greater than £450 billion,£195.0 billion,,,,,,,,8,0,0.65,0.0,,0.3333333333333333,,0.0,1.0,,2.0,14.0,,,0.0
E0219,open_ended,lloyds,,"According to Lloyds Banking Group's 2023 Annual Report, why does the Group use securitisation as part of its balance sheet management, and what trade-offs does it create in 2023?","Securitisation activity is conducted to manage risk on the balance sheet and to offset regulatory capital pressures, but only where market opportunities allow net present value positive transactions for the Group. In 2023, securitisations reduced loans by £5.2 billion: £2.5 billion of legacy Retail mortgages in Q1, with £2.1 billion in the closed mortgage book, and £2.7 billion of Retail unsecured loans in Q4. The main benefit is risk transfer and capital relief, which can mitigate regulatory constraints. The trade-off is that securitised assets leave the balance sheet, reducing reported customer loans and contributing to the headline decline in lending. The Group appears willing to accept lower reported loan balances when the capital, risk and net present value benefits are favourable.","Based on the typical practices described in banking annual reports, Lloyds Banking Group might use securitisation as part of its balance sheet management for several reasons:

1. **Improving Liquidity**: Securitisation can help improve the liquidity position by converting illiquid assets into more liquid securities that can be sold in the capital markets.
2. **Reducing Regulatory Capital Requirements**: By transferring assets to special purpose vehicles (SPVs), the bank can reduce its regulatory capital requirements, thereby freeing up capital for other uses such as lending or investment.
3. **Managing Risk**: Securitisation allows the bank to manage credit risk by transferring it to investors who are willing to bear this risk in exchange for a higher return.

In terms of trade-offs in 2023, these could include:

1. **Credit Risk Transfer**: While the bank may reduce its direct exposure to credit risk, it retains some residual risk through the structure of the securitisation deal.
2. **Market Access**: The bank must maintain good market access to sell securitised products, which can be challenging during periods of market stress.
3. **Regulatory Scrutiny**: Increased regulatory scrutiny and potential changes in regulations can impact the effectiveness and cost of securitisation activities.

For precise details, one would need to refer to Lloyds Banking Group's specific 2023 Annual Report.",,,,,,,,285,0,18.11,,,0.30303030303030304,0.142433234421365,0.0,,,209.0,1411.0,0.8388755321502686,2.0,
E0220,open_ended,hsbc,,"Explain why a $3.0bn impairment charge had no material impact on HSBC's capital, capital ratios, or distribution capacity.","The impairment charge was a non-cash accounting write-down. Although it reduced the balance sheet carrying value of the BoCom investment, its impact on regulatory capital was offset by a compensating release of regulatory capital deductions related to the investment. Because the CET1 ratio and overall capital position were not materially affected, the impairment had no impact on HSBC's capacity to pay dividends or conduct share buy-backs.","The $3.0 billion impairment charge for HSBC Holdings plc in its 2023 annual report did not have a material impact on its capital, capital ratios, or distribution capacity because HSBC reported a strong capital position with a Common Equity Tier 1 (CET1) ratio of around 14.5% as of December 31, 2023. This high CET1 ratio provides a buffer against potential losses, including impairment charges. Additionally, HSBC maintained a robust Tier 1 Capital Ratio of approximately 16.1%, which further underscores its strong capital strength. Given these high capital levels, the $3.0 billion impairment charge was absorbed without significantly affecting its capital adequacy ratios or its ability to distribute dividends or engage in other capital-return activities. Therefore, the impairment charge was not considered material to HSBC's overall financial health or regulatory compliance.",,,,,,,,183,0,11.05,,,0.31632653061224486,0.17475728155339806,0.0,,,130.0,882.0,0.8668144345283508,2.0,
E0221,multiple_choice,natwest,,"According to NatWest Group's 2023 Annual Report, according to the table, which of the following groups have amounts attributed from total comprehensive income for the year ended 31 December 2023?","A,C,D","A, D, E",,,,,,,,6,0,0.68,0.0,0.5,,,0.0,1.0,,3.0,7.0,,,0.0
E0222,multiple_choice,lloyds,,"According to Lloyds Banking Group's 2023 Annual Report, according to the table and narrative, which of the following were uses of capital that reduced the Group's pro forma CET1 ratio in 2023?","A,B,D,F","B, F",,,,,,,,4,0,0.52,0.0,0.5,,,0.0,1.0,,2.0,4.0,,,0.0
E0223,short_answer,lloyds,,"According to Lloyds Banking Group's 2023 Annual Report, how many shares were purchased under the share buyback programme?",4.4 billion,"1,189,547,659",,,,,,,,14,0,1.29,0.0,,0.0,,0.0,1.0,,1.0,13.0,,,0.0
E0224,multiple_choice,natwest,,"According to NatWest Group's 2023 Annual Report, based on the notable items within total income table, which of the following are included as notable items?","A,B,D,F","B, F",,,,,,,,4,0,0.46,0.0,0.5,,,0.0,1.0,,2.0,4.0,,,0.0
E0225,short_answer,natwest,,"According to NatWest Group's 2023 Annual Report, what was the net stable funding ratio in 2022?",145%,104%,,,,,,,,5,0,0.46,0.0,,0.0,,0.0,1.0,,1.0,4.0,,,0.0
E0226,short_answer,hsbc,,"According to HSBC's 2023 Annual Report and Accounts, which global business had the highest number of staff in 2023?",Wealth and Personal Banking,"145,000",,,,,,,,8,0,0.68,0.0,,0.0,,0.0,1.0,,1.0,7.0,,,0.0
E0227,open_ended,hsbc,,According to HSBC's 2023 Annual Report and Accounts: Analyze the possible reasons for the sharp decrease in loans and advances to customers from 2021 to 2022 and its effects on the balance sheet ratios.,"Loans and advances to customers fell from $1,045,814m in 2021 to $923,561m in 2022, a decrease of over $122bn. The most likely reason visible in the data is reclassification of loans to 'Assets held for sale', which rose from $3,411m to $115,919m, and the related 'Liabilities of disposal groups held for sale' rose from $9,005m to $114,597m. This indicates that a large lending business was classified as a disposal group under IFRS 5. The reclassification reduces reported loans even without a loss of economic control. It also affects ratios: the loan-to-customer-deposit ratio declines, leverage measures based on total assets remain elevated because the assets are still on balance sheet, and future interest income will decline once the disposal is completed. The 2023 data show loans recovering slightly to $938,535m and held-for-sale assets remaining high, suggesting the disposal may still be in progress or additional portfolios were classified.","From the 2023 Annual Report and Accounts of HSBC Holdings plc, there is no specific mention of a sharp decrease in loans and advances to customers from 2021 to 2022. However, if such a decrease were observed, potential reasons could include regulatory changes, shifts in risk appetite, customer behavior changes due to economic conditions, or strategic decisions by the bank to reduce exposure to certain sectors or types of loans.

The effects on balance sheet ratios would depend on the magnitude and nature of the decrease. A reduction in loans and advances could lead to:

1. **Leverage Ratio**: A lower leverage ratio as total assets (which include loans) would decrease relative to capital.
2. **Loan-to-Deposit Ratio**: This might increase if deposits remain stable or grow at a slower rate than loans, indicating a shift towards a more deposit-based funding model.
3. **Net Interest Margin**: Depending on the interest rates charged and paid, this could either increase or decrease, but typically, a reduction in loan volume could lead to a narrower net interest margin.
4. **Credit Quality Indicators**: Higher levels of non-performing loans or increased provisions for loan losses could indicate deteriorating credit quality.
5. **Liquidity Ratios**: These might improve if the bank reduces its loan portfolio without a corresponding reduction in liabilities, thus improving liquidity.

For precise analysis, one would need to refer to the specific sections of the report discussing asset-liability management, risk management, and the notes to the financial statements for detailed figures and explanations.",,,,,,,,317,0,19.73,,,0.34010152284263956,0.18932038834951453,0.0,,,247.0,1618.0,0.8285468220710754,1.0,
E0228,open_ended,hsbc,,"According to HSBC's 2023 Annual Report and Accounts, explain why derivative assets and derivative liabilities both decreased, and what drove the change in derivative assets.","Derivative assets decreased by $54bn, or 19%, mainly in Europe. The decrease was driven by adverse revaluation movements on interest rate contracts because long-term yield curve rates stabilised and shifted downward in most major markets. Foreign exchange contracts, primarily in HSBC Bank plc, also fell because volatility in foreign exchange rate movements was reduced in 2023. The asset decrease was consistent with a decrease in derivative liabilities because the underlying risk is broadly matched; derivative portfolios typically have offsetting asset and liability positions, so market movements affect both sides symmetrically.","From the 2023 Annual Report and Accounts of HSBC Holdings plc, there is no specific detailed explanation provided for the decrease in both derivative assets and derivative liabilities. However, typically such changes can be driven by several factors:

1. **Market Conditions**: Fluctuations in market conditions, such as interest rates or commodity prices, can lead to adjustments in derivative positions.
2. **Risk Management Strategies**: HSBC may have adjusted its risk management strategies, leading to a reduction in the volume of derivatives held.
3. **Regulatory Changes**: Compliance with new regulatory requirements might have influenced the bank’s derivative holdings.
4. **Business Strategy**: Shifts in business strategy could also impact the level of derivative assets and liabilities.

For a precise understanding of the reasons behind the specific changes in derivative assets and liabilities at HSBC in 2023, one would need to refer to the detailed notes and management commentary sections of the annual report, where such strategic decisions and market impacts are often discussed.",,,,,,,,203,0,12.59,,,0.28,0.15873015873015872,0.0,,,160.0,1098.0,0.8455291986465454,1.0,
E0229,multiple_choice,lloyds,,"According to Lloyds Banking Group's 2023 Annual Report, which of the following accurately describe the Group's dividends and share buyback programme?","A,B,C,E","A, B, C, E",,,,,,,,8,0,0.82,1.0,1.0,,,0.0,0.0,,4.0,10.0,,,1.0
E0230,open_ended,natwest,,"According to NatWest Group's 2023 Annual Report, compare the movement in the ECL charge with the movement in amounts written off. What can this comparison indicate about the bank's credit risk experience in 2023?","The ECL charge increased sharply from £337m to £578m, an increase of 71.5%, while amounts written off fell from £482m to £319m, a decrease of 33.8%. These two figures measure different things: the ECL charge is an accounting estimate of expected future losses, while amounts written off represent loans actually removed from the balance sheet as uncollectible. The divergence suggests that the bank built significantly higher provisions even though actual write-offs declined. This could reflect a larger loan book, since loans grew by 3.9%, or updated forward-looking assumptions, higher provisioning on existing loans, or a more cautious view of future credit risk. The ECL coverage ratio also rose slightly from 0.91% to 0.93%, supporting the interpretation that provisioning intensity increased rather than realised losses.","To provide an accurate comparison between the movement in the Expected Credit Loss (ECL) charge and the movement in amounts written off for NatWest Group in 2023, I would need specific figures from their 2023 Annual Report. Without these exact figures, I cannot make a direct comparison or draw conclusions about the bank's credit risk experience.

However, generally speaking, if the ECL charge increases while the amount written off decreases, it could indicate that the bank is anticipating higher future credit losses than previously estimated, suggesting an increase in perceived credit risk. Conversely, if the ECL charge decreases while the amount written off increases, it might suggest that the bank is now recognizing more current credit losses than initially expected, possibly due to deteriorating credit conditions.

For a precise analysis, you would need to refer to the specific sections of NatWest Group's 2023 Annual Report that detail the changes in ECL charges and write-offs.",,,,,,,,194,0,12.14,,,0.3381294964028777,0.19444444444444445,0.0,,,154.0,995.0,0.8476957082748413,2.0,
E0231,short_answer,lloyds,,"According to Lloyds Banking Group's 2023 Annual Report, how much did customer deposits decrease since the end of 2022?",£3.9 billion,-15.7 billion pounds,,,,,,,,8,0,0.65,0.0,,0.4,,0.0,1.0,,3.0,20.0,,,0.0
E0232,open_ended,natwest,,"According to NatWest Group's 2023 Annual Report: Analyze the main drivers of the improvement in profitability between 2022 and 2023, distinguishing underlying performance from one-off items.","Profit attributable to ordinary shareholders rose by 31.6%, from £3,340m to £4,394m. The main income driver was total income growth of 12.1%, from £13,156m to £14,752m. However, notable items within total income rose from £95m to £413m, so underlying income excluding notable items still grew by 9.8% to £14,339m. Revenue also benefited from a stronger bank net interest margin, up 19bps to 3.04%, and higher average interest-earning assets, up 5.2% to £363bn. Cost control contributed as well: the cost:income ratio excluding litigation and conduct improved from 55.5% to 51.8%. Partially offsetting these positive drivers, the loan impairment rate increased from 9bps to 15bps. Return on tangible equity also rose sharply, from 12.3% to 17.8%. Overall, profit growth was driven mainly by solid underlying revenue expansion and improved operating efficiency, with notable items adding a relatively small boost to reported profit.","To provide an accurate analysis of the main drivers of the improvement in profitability at NatWest Group between 2022 and 2023, I would need to refer to specific details from their 2023 Annual Report. However, based on typical factors affecting bank profitability, the following could be considered:

1. **Net Interest Income (NII)**: An increase in NII can indicate better management of interest rates and loan-to-deposit ratios, which can drive profitability.

2. **Fee and Commission Income**: Growth in fee-based services such as investment banking, wealth management, and transaction fees can contribute to higher profitability.

3. **Cost Control Measures**: Reductions in operating expenses or improvements in efficiency can enhance profitability by increasing net income margins.

4. **Credit Quality**: Improved credit quality leading to lower provisions for loan losses can positively impact profitability.

5. **One-off Items**: These might include gains from asset sales, restructuring costs, or other non-recurring events that can significantly affect reported earnings.

For a precise analysis, you would need to review NatWest Group’s 2023 Annual Report to identify any specific mentions of these factors and how they contributed to the improvement in profitability. The report typically provides detailed insights into the performance drivers, including segmental analysis and management commentary sections.",,,,,,,,267,0,16.41,,,0.24705882352941178,0.143646408839779,0.0,,,200.0,1424.0,0.8129551410675049,2.0,
E0233,short_answer,lloyds,,"According to Lloyds Banking Group's 2023 Annual Report, what further increase in risk-weighted assets is estimated over 2024 to 2026?",£5 billion,15%,,,,,,,,4,0,0.44,0.0,,0.0,,0.0,1.0,,1.0,3.0,,,0.0
E0234,open_ended,natwest,,"According to NatWest Group's 2023 Annual Report: Analyze the drivers of the reported 12.1% increase in total income in 2023, and explain why the company also presents an 'excluding notable items' measure.","Reported total income rose from £13,156m to £14,752m, up £1,596m (12.1%), but this includes notable items. Underlying total income excluding notable items rose 9.8% to £14,339m. The underlying increase was driven by lending growth, higher income in the markets business, and favourable yield curve movements, partially offset by the shift from non-interest bearing to interest-bearing deposits and lower deposit balances. Notable items create volatility; examples include fair value and disposal losses, own credit adjustments, tax interest on prior periods, loss on redemption of own debt, asset sale losses, and property strategy update. Presenting an excluding-notable-items measure helps separate ongoing business performance from one-off or fair-value adjustments.","NatWest Group's 2023 Annual Report indicates that the 12.1% increase in total income was driven by several factors:

1. **Lending and Fee Income**: The report highlights growth in lending and fee income, particularly from corporate and commercial banking, as well as retail banking. This suggests that NatWest benefited from increased loan volumes and higher fees associated with its services.

2. **Investment Banking**: There was a significant improvement in investment banking activities, which contributed to the overall income growth. This could be due to increased market activity and successful execution of deals.

3. **Retail Banking**: Strong performance in retail banking segments likely played a crucial role, reflecting customer trust and satisfaction, which can lead to higher transaction volumes and customer retention.

4. **Cost Management**: Effective cost management and operational efficiency also contributed to the income growth, allowing the bank to maintain profitability despite the rise in revenues.

NatWest Group presents an 'excluding notable items' measure to provide a clearer picture of its underlying performance. This approach helps investors and analysts understand the core business trends by excluding one-off events or significant transactions that may distort the regular operating results. For example, it might exclude the impact of a large sale, acquisition, or other extraordinary events that do not reflect ongoing business operations. This measure is useful for assessing the sustainability of the bank’s performance and for comparing it with peers over time.",,,,,,,,283,0,17.93,,,0.24925816023738875,0.16430594900849857,0.0,,,231.0,1604.0,0.83738112449646,2.0,
E0235,open_ended,hsbc,,"According to HSBC's 2023 Annual Report and Accounts, compare the composition of assets in 2020 and 2023. Which categories changed most, and what does this suggest about the business mix?","Between 2020 and 2023, total assets increased from $2,984,164m to $3,038,677m, but the composition shifted. Cash and balances at central banks fell from $304,481m to $285,868m, after peaking at $403,018m in 2021. Derivatives assets fell from $307,726m to $229,714m, while trading assets rose from $231,990m to $289,159m. Financial assets at FVTPL more than doubled from $45,553m to $110,643m. Loans and advances to customers fell from $1,037,987m to $938,535m, while assets held for sale surged from $299m to $114,134m. These shifts suggest a strategy of reallocating away from traditional lending and derivatives toward more liquid trading assets, fair-value instruments and a major disposal or restructuring program.","Based on the information typically found in HSBC's Annual Reports, the composition of assets can change over time due to various factors such as strategic decisions, market conditions, and regulatory requirements. For HSBC, the key asset categories include loans and advances, trading and available-for-sale securities, and cash and balances with banks.

Without access to the specific figures from HSBC's 2023 Annual Report, I can provide a general comparison based on past trends:

1. **Loans and Advances**: This category often shows significant changes as it directly reflects the bank's lending activities. If there was an increase in loans and advances, it might indicate a focus on growing the retail or corporate lending businesses, or expanding into new markets.

2. **Trading and Available-for-Sale Securities**: Fluctuations in this category could be due to market conditions and the bank's investment strategy. An increase might suggest more aggressive trading activities or investments in volatile markets, while a decrease could indicate a shift towards a more conservative approach.

3. **Cash and Balances with Banks**: Changes in this category can reflect the bank’s liquidity management and its relationship with other financial institutions. An increase might indicate better cash management practices or higher reserves, while a decrease could suggest more active use of funds for lending or investing.

To determine which categories changed most and what this suggests about the business mix, one would need to look at the percentage changes in each category between 2020 and 2023. A significant change in any of these categories would suggest that HSBC has made strategic shifts in its business model, possibly focusing more on certain areas of the business or adjusting its risk profile.

For precise figures and detailed analysis, reviewing the actual 2023 Annual Report of HSBC Holdings plc would be necessary.",,,,,,,,364,0,21.8,,,0.20603015075376882,0.10823529411764707,0.0,,,293.0,1935.0,0.7994787096977234,1.0,
E0236,short_answer,natwest,,"According to NatWest Group's 2023 Annual Report, what was the total amount of loans to customers after the increase?",£381.4 billion,£185.9 billion,,,,,,,,8,0,0.65,0.0,,0.5,,0.0,1.0,,2.0,14.0,,,0.0
E0237,true_false,natwest,,"According to NatWest Group's 2023 Annual Report: The CET1 ratio was 13.4%, or 13.2% excluding IFRS 9 transitional relief.",true,True,,,,,,,,2,0,0.33,1.0,,,,0.0,0.0,,1.0,4.0,,,1.0
E0238,short_answer,hsbc,,According to HSBC's 2023 Annual Report and Accounts: By what percentage did operating expenses decrease compared with 2022?,2%,-4%,,,,,,,,4,0,0.47,0.0,,0.0,,0.0,1.0,,1.0,3.0,,,0.0
E0239,short_answer,lloyds,,"According to Lloyds Banking Group's 2023 Annual Report, what accounting standard was adopted requiring the restatement?",IFRS 17,IFRS 16,,,,,,,,6,0,0.63,0.0,,0.5,,0.0,1.0,,2.0,7.0,,,0.0
E0240,short_answer,lloyds,,"According to Lloyds Banking Group's 2023 Annual Report, what was the amount of loans and advances to customers in 2023 (£m)?",449745,"458,196",,,,,,,,8,0,0.77,0.0,,0.0,,0.0,1.0,,1.0,7.0,,,0.0
E0241,short_answer,hsbc,,"According to HSBC's 2023 Annual Report and Accounts, which year reported a profit of 14,693?",2021,2023,,,,,,,,5,0,0.51,0.0,,0.0,,0.0,1.0,,1.0,4.0,,,0.0
E0242,true_false,natwest,,"According to NatWest Group's 2023 Annual Report: Cash and balances at central banks decreased from £144,832m in 2022 to £104,262m in 2023.",true,True,,,,,,,,2,0,0.35,1.0,,,,0.0,0.0,,1.0,4.0,,,1.0
E0243,short_answer,natwest,,"According to NatWest Group's 2023 Annual Report, what was the coupon rate of the Tier 2 Notes issued in February 2023?",5.763%,5.1%,,,,,,,,5,0,0.55,0.0,,0.0,,0.0,1.0,,1.0,4.0,,,0.0
E0244,short_answer,hsbc,,"According to HSBC's 2023 Annual Report and Accounts, in billions of dollars, what amount of customer accounts met the criteria to be classified as held for sale at 31 December 2023?",86,0.5,,,,,,,,4,0,0.51,0.0,,0.0,,0.0,1.0,,1.0,3.0,,,0.0
E0245,short_answer,hsbc,,"According to HSBC's 2023 Annual Report and Accounts, what was the combined customer lending at constant currency in 2023 in $m?","1,011,912","1,658,947",,,,,,,,10,0,0.87,0.0,,0.0,,0.0,1.0,,1.0,9.0,,,0.0
E0246,short_answer,lloyds,,"According to Lloyds Banking Group's 2023 Annual Report, what were total liabilities in 2022 (£m)?",829483,"198,547",,,,,,,,8,0,0.61,0.0,,0.0,,0.0,1.0,,1.0,7.0,,,0.0
E0247,single_choice,natwest,,"According to NatWest Group's 2023 Annual Report: , which item decreased by £18.9 billion?",B,A,,,,,,,,2,0,0.33,0.0,,,,0.0,1.0,,1.0,1.0,,,0.0
E0248,single_choice,lloyds,,"According to Lloyds Banking Group's 2023 Annual Report, based on the consolidated financial statements, what was the total income for the year ended 2023?",A,A,,,,,,,,2,0,0.34,1.0,,,,0.0,0.0,,1.0,1.0,,,1.0
E0249,single_choice,natwest,,"According to NatWest Group's 2023 Annual Report, according to the financial data, what was the profit from continuing operations for 2023?",A,B,,,,,,,,2,0,0.33,0.0,,,,0.0,1.0,,1.0,1.0,,,0.0
E0250,open_ended,lloyds,,According to Lloyds Banking Group's 2023 Annual Report: Evaluate the Group's 2024 guidance for banking net interest margin to be greater than 290 basis points and average interest-earning banking assets to be greater than £450 billion.,"The guidance suggests that banking net interest margin will remain relatively resilient but moderate from 3.11% in 2023 to above 290 basis points. This implies continued headwinds from mortgage pricing and deposit mix effects, partly offset by structural hedge earnings and the higher rate environment. Average interest-earning banking assets above £450 billion would represent a slight decline from £453.3 billion, reflecting continued run-off in the closed mortgage book and repayments of government-backed SME lending, while open mortgage growth and other portfolios provide partial support. The guidance is conditional on the macroeconomic and rate environment; risks include deposit migration, competition, asset margin compression, and rising funding costs, particularly in non-banking businesses.","Based on the information provided in the question, I can state that Lloyds Banking Group's 2024 guidance includes a projected banking net interest margin (NIM) greater than 290 basis points and average interest-earning banking assets greater than £450 billion. However, without access to the actual 2023 Annual Report or other official statements from Lloyds Banking Group, I cannot verify these specific figures or provide additional context about the assumptions underlying this guidance.",,,,,,,,102,0,5.92,,,0.3296703296703296,0.23157894736842105,0.0,,,72.0,490.0,0.8503255248069763,2.0,
E0251,open_ended,hsbc,,"According to HSBC's 2023 Annual Report and Accounts: Analyze the most significant structural changes in this balance sheet between 2021 and 2022, and evaluate what they imply about the entity's operations.","The most significant structural change is the sharp rise in assets held for sale from $3,411m in 2021 to $115,919m in 2022, with a corresponding increase in liabilities of disposal groups held for sale from $9,005m to $114,597m. At the same time, loans and advances to customers fell from $1,045,814m to $923,561m. This pattern strongly suggests that a large lending portfolio or business unit was reclassified as held for sale under IFRS 5. Total assets declined only modestly because the assets were not yet sold, but the classification changes both balance-sheet presentation and prospective earnings: the disposed business will no longer contribute income once sold, and the assets are measured at the lower of carrying amount and fair value less costs to sell.","Based on the 2023 Annual Report and Accounts of HSBC Holdings plc, one of the most significant structural changes in the balance sheet between 2021 and 2022 was the reduction in customer loans and advances. Specifically, customer loans and advances decreased by approximately $15 billion from 2021 to 2022.

This change implies several things about HSBC's operations:
1. **Shift in Risk Profile**: A decrease in customer loans and advances suggests that HSBC may be reducing its exposure to credit risk. This could be due to various factors such as regulatory pressures, changes in lending policies, or a strategic decision to focus on other areas of the business.
2. **Focus on Other Revenue Streams**: The reduction in loans might indicate an increased focus on non-interest income sources, such as fees and commissions, investment banking, and trading activities.
3. **Capital Management**: Reducing the size of loan portfolios can help improve capital ratios, which is beneficial for regulatory compliance and maintaining a strong capital position.
4. **Market Conditions**: Changes in market conditions, such as economic downturns or shifts in consumer behavior, might have influenced HSBC’s lending practices and led to a reduction in new loan issuance.

These changes reflect a broader strategy within HSBC to diversify its revenue streams and manage risk more effectively.",,,,,,,,276,0,17.05,,,0.2694610778443114,0.16231884057971013,0.0,,,211.0,1380.0,0.8326974511146545,2.0,
E0252,short_answer,natwest,,"According to NatWest Group's 2023 Annual Report, what is excluded from the number of ordinary shares in issue?",own shares held,Treasury Shares,,,,,,,,4,0,0.44,0.0,,0.4,,0.0,1.0,,2.0,15.0,,,0.0
E0253,open_ended,natwest,,"According to NatWest Group's 2023 Annual Report: Evaluate the credit quality and impairment position in 2023, including the role of post-model adjustments.","The 2023 impairment charge was £578 million, equivalent to 15 basis points of gross customer loans. The charge primarily reflected continued low and stable levels of Stage 3 defaults across the portfolio, plus good book charges related to unsecured lending. The ECL provision increased by £0.2 billion to £3.6 billion, and the ECL coverage ratio rose modestly from 0.91% to 0.93%. Importantly, the bank retained £0.4 billion of post-model adjustments related to economic uncertainty, representing 11.8% of total impairment provisions. This indicates that the overall credit environment remained relatively benign, but the bank maintained an additional layer of prudence against economic uncertainty rather than relying solely on modelled outcomes.","Based on the information typically found in NatWest Group's 2023 Annual Report, the credit quality and impairment position for 2023 would be discussed under the ""Risk Management"" or ""Credit Risk"" sections. The report likely details the credit quality indicators such as non-performing loans (NPLs), loan loss provisions, and the overall credit risk profile.

Post-model adjustments are also mentioned, which generally refer to adjustments made after applying the credit risk models to account for factors that the models may not capture, such as local market conditions, specific borrower characteristics, or other qualitative factors. These adjustments can significantly impact the final impairment allowances reported by the bank.

For exact figures and detailed analysis, one would need to refer to the specific sections of NatWest Group's 2023 Annual Report, particularly the Risk Management section or the notes to the financial statements where these details are provided.",,,,,,,,184,0,10.98,,,0.23015873015873017,0.13688212927756652,0.0,,,143.0,978.0,0.8335064053535461,2.0,
E0254,short_answer,hsbc,,"According to HSBC's 2023 Annual Report and Accounts, what is the difference between the average annualised interest rate earned on average interest-earning assets and the average annualised interest rate payable on average interest-bearing funds?",net interest spread,1.45%,,,,,,,,6,0,0.56,0.0,,0.0,,0.0,1.0,,1.0,5.0,,,0.0
E0255,true_false,hsbc,,"According to HSBC's 2023 Annual Report and Accounts, at 31 December 2023, total deposits were greater than total loans and advances.",true,False,,,,,,,,2,0,0.32,0.0,,,,0.0,1.0,,1.0,5.0,,,0.0
E0256,short_answer,natwest,,At what percentage of NatWest Group's CCyB is the countercyclical leverage ratio buffer set?,35%,10%,,,,,,,,4,0,0.46,0.0,,0.0,,0.0,1.0,,1.0,3.0,,,0.0
E0257,short_answer,hsbc,,"According to HSBC's 2023 Annual Report and Accounts, which asset category had the highest average balance in 2023?",Loans and advances to customers,"Customer loans and advances - £1,457,869 million",,,,,,,,17,0,1.41,0.0,,0.5454545454545454,,0.0,1.0,,7.0,48.0,,,0.0
E0258,open_ended,lloyds,,"According to Lloyds Banking Group's 2023 Annual Report, why is the restatement for IFRS 17 and presentational changes important for evaluating the group's reported results? Use the income statement and balance sheet to illustrate.","The 2022 comparatives are restated for presentational changes and the adoption of IFRS 17, so without restatement the year-on-year analysis would mix different accounting bases. IFRS 17 changes how insurance and investment contracts are measured and presented, particularly the line 'net finance expense/income in respect of insurance and investment contracts', which swung from +£20,887m in 2022 to -£16,776m in 2023. It also affects the classification and measurement of insurance and participating investment contract liabilities on the balance sheet. The restatement ensures that the 2023 figures are compared with 2022 figures prepared on the same basis, making changes such as the 20% increase in total income after net finance expense and the 1% increase in total assets meaningful. The referenced notes would contain the detailed accounting-policy transition and reconciliations.","The restatement for IFRS 17 and presentational changes in Lloyds Banking Group's 2023 Annual Report is important for evaluating the group's reported results because it aligns the financial statements with the new accounting standards, providing a more accurate and consistent view of the company's financial position and performance.

IFRS 17, Insurance Contracts, requires companies to recognize insurance contracts at fair value and measure them at amortized cost, which impacts the income statement by changing the way revenue and expenses are recognized over the life of an insurance contract. This can lead to significant changes in reported earnings and could affect the comparability of the company’s financial statements with previous years or with other companies.

Presentational changes might include adjustments to how assets, liabilities, income, and expenses are categorized on the income statement and balance sheet, which can also impact the interpretation of the financial statements.

For example, if Lloyds Banking Group had previously recognized certain insurance contract revenues differently under older accounting standards, the restatement would now reflect these revenues according to IFRS 17 principles. This could result in different timing of revenue recognition, affecting the income statement. On the balance sheet, the reclassification of certain items to better reflect their nature under IFRS 17 could change the composition of assets and liabilities, impacting the overall financial position.

Thus, when analyzing Lloyds Banking Group's 2023 financial statements, it is crucial to understand the impact of these restatements and presentational changes to accurately assess the group's financial health and performance.",,,,,,,,319,0,19.86,,,0.3395225464190981,0.20565552699228792,0.0,,,249.0,1753.0,0.8488695025444031,2.0,
E0259,single_choice,hsbc,,"According to HSBC's 2023 Annual Report and Accounts, which of the following line items represents a liability rather than an asset?",C,B,,,,,,,,2,0,0.34,0.0,,,,0.0,1.0,,1.0,1.0,,,0.0
E0260,open_ended,lloyds,,"According to Lloyds Banking Group's 2023 Annual Report: Analyze the change in risk-weighted assets from 31 December 2022 to 31 December 2023, including the main drivers and the expected future impact of Retail secured CRD IV model updates.","Risk-weighted assets increased by £8 billion, from around £211 billion to £219 billion. The largest explicitly identified driver was Retail secured CRD IV model updates, which contributed £5 billion. Within the table, IRB approach RWAs rose from £147.4 billion to £150.9 billion, mainly due to the Retail IRB portfolio, while Foundation IRB declined and Other IRB increased. Standardised approach RWAs fell from £23.1 billion to £22.1 billion. Securitisation RWAs increased from £6.4 billion to £9.0 billion, operational risk increased from £24.2 billion to £26.4 billion, and market risk increased from £3.2 billion to £4.2 billion. Counterparty credit risk and CVA risk changed only modestly. These increases were partly offset by optimisation, including capital efficient securitisation activity in the balance sheet. Looking ahead, the text estimates that a further £5 billion increase will be required over 2024 to 2026 from Retail secured CRD IV model updates, although this will be subject to final model outcomes.","I do not have specific data on the change in risk-weighted assets for Lloyds Banking Group from 31 December 2022 to 31 December 2023 in the provided information. To provide an accurate analysis, I would need to refer to Lloyds Banking Group's 2023 Annual Report or relevant press releases that discuss this metric.

However, generally, the change in risk-weighted assets can be influenced by several factors such as:

- Growth in loan and deposit portfolios
- Changes in the composition of the balance sheet (e.g., more or less capital-intensive assets)
- Regulatory changes affecting how assets are risk-weighted under the Capital Requirements Directive IV (CRD IV) or other regulations

Retail secured CRD IV model updates could lead to changes in the risk weights assigned to certain types of loans, potentially increasing or decreasing risk-weighted assets depending on the specifics of those updates. For example, if the new model assigns higher risk weights to certain types of retail loans, this could increase risk-weighted assets.

For a precise analysis, you would need to review Lloyds Banking Group's 2023 Annual Report for detailed figures and commentary on these changes.",,,,,,,,249,0,15.29,,,0.255192878338279,0.1456582633053221,0.0,,,186.0,1185.0,0.8193339109420776,1.0,
E0261,short_answer,natwest,,"According to NatWest Group's 2023 Annual Report, what amount of foreseeable items was excluded from the pro forma CET1 ratio at 31 December 2023?","£1,538 million",£1.5 billion,,,,,,,,6,0,0.56,0.0,,0.0,,0.0,1.0,,2.0,12.0,,,0.0
E0262,single_choice,hsbc,,"According to HSBC's 2023 Annual Report and Accounts, according to the five-year selected financial information, what was the tangible net asset value per ordinary share at year-end 2023?",B,B,,,,,,,,2,0,0.33,1.0,,,,0.0,0.0,,1.0,1.0,,,1.0
E0263,multiple_choice,lloyds,,"According to Lloyds Banking Group's 2023 Annual Report, which of the following statements accurately reflect the information in the annual report?","A,B,D,E","C, B",,,,,,,,4,0,0.59,0.0,0.2,,,0.0,1.0,,2.0,4.0,,,0.0
E0264,short_answer,natwest,,"According to NatWest Group's 2023 Annual Report, which capital component remained unchanged at £3,875m throughout the year?",AT1,Tier 2 Capital,,,,,,,,5,0,0.48,0.0,,0.0,,0.0,1.0,,3.0,14.0,,,0.0
E0265,short_answer,lloyds,,"According to Lloyds Banking Group's 2023 Annual Report, what was the earnings per share in 2023?",7.6p,65.9 pence,,,,,,,,7,0,0.55,0.0,,0.0,,0.0,1.0,,2.0,10.0,,,0.0
E0266,single_choice,hsbc,,"According to HSBC's 2023 Annual Report and Accounts: , which factor caused a $19.9bn decrease in risk-weighted assets (RWAs) during 2023?",A,A,,,,,,,,2,0,0.34,1.0,,,,0.0,0.0,,1.0,1.0,,,1.0
E0267,true_false,lloyds,,"According to Lloyds Banking Group's 2023 Annual Report: Underlying profit increased from £7,028m in 2022 to £7,809m in 2023",true,True,,,,,,,,2,0,0.32,1.0,,,,0.0,0.0,,1.0,4.0,,,1.0
E0268,single_choice,lloyds,,"According to Lloyds Banking Group's 2023 Annual Report, which of the following statements about the Group's balance sheet at 31 December 2023 is correct?",C,B,,,,,,,,2,0,0.34,0.0,,,,0.0,1.0,,1.0,1.0,,,0.0
E0269,open_ended,lloyds,,"According to Lloyds Banking Group's 2023 Annual Report, compare the Group's capital return actions in respect of 2022 and 2023, and assess the significance of the total capital return announced for 2023.","For 2022, the Group returned surplus capital through a share buyback programme of up to £2 billion, which began in February 2023 and completed on 25 August 2023, repurchasing around 4.4 billion ordinary shares, equivalent to about 7 per cent of shares. For 2023, the Group recommended a final ordinary dividend of 1.84 pence per share, bringing the total ordinary dividend to 2.76 pence per share, a 15 per cent increase compared with 2022. It also announced an intention to implement an ordinary share buyback of up to £2.0 billion, expected to be completed by 31 December 2024. Together, the total ordinary dividend and intended buyback represent total capital returns in respect of 2023 of up to £3.8 billion, equivalent to about 14 per cent of the Group's market capitalisation as at 16 February 2024. This shows a consistent but growing commitment to returning capital, combining a higher dividend with a similar-sized buyback to the prior year, and underscores confidence in the Group's cash generation and balance sheet.","Based on the information typically found in Lloyds Banking Group's 2023 Annual Report, the Group announced a total capital return of £1.5 billion for 2023, which includes a final dividend of £1.1 billion and share buybacks of £0.4 billion.

In comparison, for 2022, Lloyds Banking Group announced a total capital return of £1.7 billion, comprising a final dividend of £1.3 billion and share buybacks of £0.4 billion.

The significance of the total capital return for 2023 can be assessed as follows:

1. **Consistency with Previous Years**: The 2023 capital return is slightly lower than that of 2022, indicating a consistent approach to capital returns over the past two years.
2. **Dividend Component**: The dividend component remains a significant portion of the capital return, suggesting that dividends remain a key focus for returning value to shareholders.
3. **Share Buybacks**: The share buyback program continues to play a role in capital returns, though it has been reduced compared to 2022.
4. **Financial Stability**: The capital return actions reflect the Group’s financial stability and its ability to distribute capital to shareholders while maintaining a strong capital position.

Overall, the 2023 capital return of £1.5 billion signifies a continued commitment to shareholder returns while balancing the need to maintain a robust capital base for future growth and resilience.",,,,,,,,309,0,19.49,,,0.4083769633507853,0.2105263157894737,0.0,,,214.0,1395.0,0.8599598407745361,1.0,
E0270,true_false,hsbc,,"According to HSBC's 2023 Annual Report and Accounts, in 2023, the profit for the year attributable to ordinary shareholders of the parent company was $22,432 million.",true,True,,,,,,,,2,0,0.32,1.0,,,,0.0,0.0,,1.0,4.0,,,1.0
E0271,short_answer,lloyds,,"According to Lloyds Banking Group's 2023 Annual Report, what remediation cost was recognised in the fourth quarter?",£541 million,£19 million,,,,,,,,5,0,0.45,0.0,,0.5,,0.0,1.0,,2.0,11.0,,,0.0
E0272,short_answer,hsbc,,"According to HSBC's 2023 Annual Report and Accounts, what were total customer accounts at 31 December 2023, in millions of dollars?","1,611,647","1,548",,,,,,,,6,0,0.56,0.0,,0.0,,0.0,1.0,,1.0,5.0,,,0.0
E0273,open_ended,hsbc,,"According to HSBC's 2023 Annual Report and Accounts, compare the financial profile of the planned disposal groups—Canada banking and France retail—and evaluate the potential effect of these disposals on the group's earnings and capital.","The Canada banking business is significantly larger and profitable: it generated $2.0bn of revenue, operating expenses of $1.0bn, and profit before tax of $0.9bn, with $0.7bn of those expenses expected to be exited. It had loans and advances to customers of $56.1bn, customer accounts of $63.0bn, and risk-weighted assets of $31.9bn, including $3.5bn of operational risk RWAs. France retail, by contrast, is much smaller and loss-making: revenue was $0.3bn, operating expenses were $0.6bn, and profit before tax was -$0.2bn, with $0.4bn of expenses expected to be exited. It had loans of $16.9bn, customer accounts of $22.3bn, and RWAs of $4.1bn, including $0.6bn of operational risk RWAs. Divesting Canada would remove a meaningful profit stream and a large block of RWAs, lowering capital requirements but reducing reported earnings. Divesting France would eliminate a loss-making operation, improving group profit before tax, while also reducing revenue, expenses, and RWAs. Both have customer deposits in excess of loans, so the disposals would also reduce funding balances. The Canada disposal is likely to be more significant for capital and earnings, whereas the France disposal mainly removes a drag on profitability. Also, the Canada sale agreement implies the pre-tax profit on sale is booked partly through consolidated results from 30 June 2022 until completion and the rest at completion, which will affect the timing of any recognized gain.","Based on the information provided in HSBC's 2023 Annual Report and Accounts, the planned disposal groups include the Canada banking business and the France retail banking business. Here is a comparison of their financial profiles and an evaluation of the potential effects on HSBC's earnings and capital:

1. **Financial Profile:**
   - **Canada Banking Business:**
     - **Revenue:** The Canada banking business contributed approximately $4.5 billion in revenue for the year.
     - **Operating Profit:** It generated an operating profit of around $1.8 billion.
     - **Assets:** The business held assets worth approximately $170 billion.
     - **Liabilities:** Liabilities were around $160 billion.

   - **France Retail Banking Business:**
     - **Revenue:** The France retail banking business reported revenues of about €2.2 billion (approximately $2.4 billion).
     - **Operating Profit:** It had an operating profit of roughly €900 million (approximately $1 billion).
     - **Assets:** Assets under management were valued at approximately €150 billion (around $165 billion).
     - **Liabilities:** Liabilities were around €145 billion (approximately $161 billion).

2. **Potential Effects on Earnings and Capital:**
   - **Earnings Impact:** Disposing of these businesses could lead to a significant increase in earnings per share (EPS) due to the removal of lower-margin operations and the associated costs. For instance, the Canada banking business and France retail banking business together contribute to a substantial portion of HSBC’s lower-margin operations, which can dilute EPS if not performing well.
   - **Capital Impact:** The disposal of these businesses would reduce HSBC’s total assets and liabilities, thereby improving its capital ratios. This could enhance HSBC’s Tier 1 Capital Ratio and leverage ratio, making it more resilient and better positioned to absorb future risks.

In summary, the planned disposals of the Canada banking and France retail banking businesses are expected to have a positive impact on HSBC’s earnings by removing underperforming assets and reducing dilution on EPS. Additionally, these disposals will positively affect HSBC’s capital position by reducing its balance sheet size and improving its capital ratios.",,,,,,,,462,0,28.14,,,0.34469696969696967,0.16399286987522282,0.0,,,318.0,2270.0,0.8178948760032654,1.0,
E0274,short_answer,hsbc,,"According to HSBC's 2023 Annual Report and Accounts, which country had the largest customer accounts in 2023?",Hong Kong,China,,,,,,,,2,0,0.28,0.0,,0.0,,0.0,1.0,,1.0,5.0,,,0.0
E0275,multiple_choice,hsbc,,"According to HSBC's 2023 Annual Report and Accounts, which of the following are included in 'Total interest-earning assets' according to the table?","A,B,D,F","B, D, E",,,,,,,,6,0,0.56,0.0,0.4,,,0.0,1.0,,3.0,7.0,,,0.0
E0276,short_answer,lloyds,,"According to Lloyds Banking Group's 2023 Annual Report, what was the loan to deposit ratio at 31 December 2023?",95%,89%,,,,,,,,4,0,0.44,0.0,,0.0,,0.0,1.0,,1.0,3.0,,,0.0
E0277,true_false,hsbc,,"According to HSBC's 2023 Annual Report and Accounts, in WPB, net fee income increased by $0.1bn, mainly due to higher cards income.",true,True,,,,,,,,2,0,0.32,1.0,,,,0.0,0.0,,1.0,4.0,,,1.0
E0278,short_answer,natwest,,"According to NatWest Group's 2023 Annual Report, what share consolidation ratio was applied on 30 August 2022?",14 for 13,1.0000,,,,,,,,7,0,0.61,0.0,,0.0,,0.0,1.0,,1.0,6.0,,,0.0
E0279,single_choice,lloyds,,"According to Lloyds Banking Group's 2023 Annual Report, what was the reported total assets as at 1 January 2022?",A,B,,,,,,,,2,0,0.34,0.0,,,,0.0,1.0,,1.0,1.0,,,0.0
E0280,short_answer,natwest,,According to NatWest Group's 2023 Annual Report: To what percentage was the UK countercyclical capital buffer increased effective from 5 July 2023?,2%,1%,,,,,,,,3,0,0.37,0.0,,0.0,,0.0,1.0,,1.0,2.0,,,0.0
E0281,short_answer,natwest,,"According to NatWest Group's 2023 Annual Report, what was the tangible net asset value per ordinary share in 2023?",292p,167.9 pence,,,,,,,,8,0,0.66,0.0,,0.0,,0.0,1.0,,2.0,11.0,,,0.0
E0282,open_ended,lloyds,,"According to Lloyds Banking Group's 2023 Annual Report, compare the roles of operating costs and remediation costs in assessing the Group's financial performance. Why might presenting a cost:income ratio that includes remediation be useful, and what are its limitations?","Operating costs represent the ongoing costs of running the business, including strategic investment, severance, new business costs and inflation, partially mitigated by efficiency. Remediation costs are provisions for historical conduct and customer redress, such as the £675m charge in 2023, which includes £450m for the FCA motor finance review and provisions related to pre-existing programmes. Remediation costs are more volatile and judgment-based than normal operating costs. Presenting a cost:income ratio that includes remediation is useful because it shows the full cost burden of the year and captures how conduct issues affect the bottom line; the ratio deteriorated from 51.1% to 54.7% partly because of these charges. The limitation is that remediation costs are not necessarily recurring, so including them can make the underlying cost structure look worse than it is. Separate disclosure helps analysts distinguish between recurring operating efficiency and one-off or uncertain provisions, and it highlights the quality of management's estimates.","Based on the 2023 Annual Report of Lloyds Banking Group plc, operating costs and remediation costs play distinct but important roles in assessing the Group's financial performance.

**Operating Costs**: These are the day-to-day expenses incurred by the bank in running its business, including salaries, rent, utilities, and other operational expenses. Operating costs are a key indicator of the efficiency and effectiveness of the bank’s operations. A lower operating cost relative to income can indicate better cost management and operational efficiency.

**Remediation Costs**: These refer to the costs associated with past misconduct or regulatory issues, such as fines, legal fees, and other expenses related to rectifying previous mistakes. Remediation costs can significantly impact the Group’s profitability in the short term but are necessary for maintaining compliance and trust with regulators and customers.

**Cost:Income Ratio Including Remediation**: Presenting a cost:income ratio that includes remediation costs can provide a more comprehensive view of the bank’s underlying cost structure and profitability. It helps stakeholders understand the true cost burden, especially during periods when remediation costs are high. This can be particularly useful for assessing the sustainability of the bank’s earnings and the effectiveness of its cost control measures over time.

**Limitations**:
1. **Short-term Impact**: Remediation costs can vary widely from year to year, which can distort the cost:income ratio if not properly adjusted.
2. **Non-recurring Nature**: Remediation costs are often non-recurring and do not reflect ongoing operational costs, making it difficult to use them for long-term trend analysis.
3. **Distortion of Efficiency**: Including one-off remediation costs can obscure the underlying operational efficiency and may not accurately represent the bank’s core business performance.

In summary, while the cost:income ratio that includes remediation costs provides valuable insights into the overall financial health of Lloyds Banking Group, it is important to consider these limitations when interpreting the data.",,,,,,,,392,0,24.34,,,0.39293598233995586,0.22641509433962262,0.0,,,301.0,2153.0,0.8519245386123657,3.0,
E0283,short_answer,hsbc,,"According to HSBC's 2023 Annual Report and Accounts, how much did total shareholders' equity increase by compared with 31 December 2022?",$7bn,"14,859 million pounds",,,,,,,,9,0,0.72,0.0,,0.0,,0.0,1.0,,3.0,21.0,,,0.0
E0284,single_choice,hsbc,,", what was the impairment charge related to HSBC's investment in BoCom at 31 December 2023?",C,B,,,,,,,,2,0,0.33,0.0,,,,0.0,1.0,,1.0,1.0,,,0.0
E0285,open_ended,lloyds,,"According to Lloyds Banking Group's 2023 Annual Report: Discuss the Group's capital generation expectations for 2024 and 2026, and why they are relevant to regulatory headwinds and shareholder distributions.","The Group expects capital generation in 2024 to be around 175 basis points after taking into account further expected in-year regulatory headwinds. For 2026, it reaffirms guidance for capital generation of greater than 200 basis points. These figures are relevant because capital generation provides the buffer needed to absorb RWA growth and regulatory requirement increases, notably the expected further £5 billion increase from Retail secured CRD IV models. Higher generation also supports the Board's plan to pay down towards 13.5 per cent by end 2024 and 13.0 per cent by end 2026, while maintaining distributions in a controlled manner.","Based on the typical content found in banking annual reports, Lloyds Banking Group would likely discuss its capital generation expectations as part of its strategic planning and regulatory compliance. For 2024 and 2026, the bank might expect to generate sufficient capital through earnings growth, asset quality improvements, and possibly additional capital markets activities to meet regulatory requirements and support business expansion.

These expectations are relevant to regulatory headwinds because banks must maintain adequate capital levels to ensure they can absorb potential losses and continue operating during economic downturns. Regulatory bodies like the Prudential Regulation Authority (PRA) in the UK set minimum capital requirements to protect depositors and the financial system. Meeting or exceeding these requirements helps the bank avoid regulatory penalties and maintains its reputation.

Regarding shareholder distributions, the bank may aim to balance returning value to shareholders with maintaining strong capital buffers. In periods of robust earnings and stable capital ratios, the bank might consider increasing dividends or share buybacks. However, if capital generation is expected to be lower than desired, the bank might prioritize retaining more earnings to bolster its capital position, which could impact shareholder distributions.

For precise figures and details, one would need to refer to Lloyds Banking Group's specific 2023 Annual Report.",,,,,,,,254,0,15.55,,,0.24183006535947713,0.1607717041800643,0.0,,,207.0,1481.0,0.837129533290863,2.0,
E0286,multiple_choice,lloyds,,"According to Lloyds Banking Group's 2023 Annual Report, which of the following statements about the Group's liquidity and funding position at 31 December 2023 are correct?","A,B,D",B,,,,,,,,2,0,0.37,0.0,0.3333333333333333,,,0.0,1.0,,1.0,1.0,,,0.0
E0287,multiple_choice,lloyds,,"According to Lloyds Banking Group's 2023 Annual Report, which of the following items increased from 2022 to 2023 according to the balance sheet?","A,D","To provide the correct answer, I would need to refer to Lloyds Banking Group's 2023 Annual Report specifically. Since I don't have access to the actual report, I cannot definitively state which of these items increased from 2022 to 2023. Therefore, I cannot select any of the given options with certainty.

None,",,,,,,,,77,0,5.45,0.0,0.0,,,0.0,1.0,,52.0,312.0,,,0.0
E0288,single_choice,hsbc,,"According to HSBC's 2023 Annual Report and Accounts, according to the table, what was the combined customer lending at constant currency in 2023?",B,B,,,,,,,,2,0,0.38,1.0,,,,0.0,0.0,,1.0,1.0,,,1.0
E0289,single_choice,hsbc,,"According to HSBC's 2023 Annual Report and Accounts, what was the nature of the 2023 item related to the sale of the retail banking operations in France?",B,A,,,,,,,,2,0,0.36,0.0,,,,0.0,1.0,,1.0,1.0,,,0.0
E0290,open_ended,natwest,,Analyze the factors that contributed to the decline in NatWest Group's CET1 capital ratio from 14.2% in 2022 to 13.4% in 2023.,"The decline in the CET1 ratio was driven by the combined effect of a slightly lower CET1 capital base and higher risk-weighted assets. CET1 capital decreased from £24,992 million in 2022 to £24,440 million in 2023, while total RWAs increased from £176,101 million to £182,989 million. The table also shows that the positive impact of IFRS 9 transitional adjustments on CET1 capital was smaller in 2023 than in 2022: the adjustment added £0.2 billion to CET1 capital in 2023 versus £0.4 billion in 2022. Excluding these transitional adjustments, the CET1 ratio would have been 13.2% in 2023 and 14.0% in 2022. Therefore, the decline was not caused by a single factor, but by a combination of lower capital, higher risk-weighted assets, and reduced transitional relief.","Based on the typical factors affecting capital ratios and the information generally available for banks like NatWest Group, several elements could have contributed to the decline in NatWest Group's CET1 (Common Equity Tier 1) capital ratio from 14.2% in 2022 to 13.4% in 2023:

1. **Credit Loss Provisions**: An increase in credit losses or provisions for expected credit losses (ECL) can reduce the CET1 ratio as these provisions are deducted from equity.

2. **Dividends and Share Repurchases**: The payment of dividends or share repurchases can reduce the amount of equity, thereby lowering the CET1 ratio.

3. **Changes in Market Risk**: Fluctuations in market risk, such as changes in the fair value of trading book assets, can impact the capital ratio.

4. **Acquisitions and Divestitures**: Significant acquisitions or divestitures can affect the capital ratio depending on how they are financed and their impact on earnings.

5. **Regulatory Changes**: New regulatory requirements or changes in existing regulations might affect the calculation of CET1, potentially leading to a lower reported ratio.

6. **Economic Conditions**: Economic downturns or specific sectoral issues can lead to higher loan loss provisions and lower profitability, impacting the capital ratio.

For an exact analysis, one would need to refer to NatWest Group's 2023 annual report and related disclosures, which provide detailed insights into these factors. Without access to the specific report, this is a general assessment based on common banking practices.",,,,,,,,322,0,19.45,,,0.2969187675070028,0.1671159029649596,0.0,,,232.0,1544.0,0.8376185894012451,1.0,
E0291,short_answer,hsbc,,"According to HSBC's 2023 Annual Report and Accounts, what was the total number of full-time equivalent staff at 31 December 2023?",220861,"214,500",,,,,,,,8,0,0.66,0.0,,0.0,,0.0,1.0,,1.0,7.0,,,0.0
E0292,open_ended,lloyds,,"According to Lloyds Banking Group's 2023 Annual Report: Evaluate the claim that 'asset quality remains strong' using evidence in the annual report, including any caveats or offsetting trends.","The evidence broadly supports the claim, but with important caveats. On the strong side, the underlying impairment charge fell to £308 million, resulting in an asset quality ratio of 7 basis points, credit performance was relatively stable, and portfolios remained broadly at or favourable to pre-pandemic experience. However, the very low 7 basis point ratio is helped by a £257 million MES release and a £541 million fourth-quarter credit largely driven by the full repayment of debt from a single-name client. Excluding the single-name write-back, the equivalent asset quality ratio was 29 basis points, still within guidance but materially higher than the reported figure. There was also modest deterioration from a low base, primarily in legacy variable-rate UK mortgages, and the charge included the impact of higher discount rates reducing the value of future recoveries, as well as an ECL allowance build from Stage 1 loans rolling forward into a deteriorating economic outlook. Therefore, asset quality remains resilient, but the improvement is partly driven by scenario releases and one-off write-backs rather than entirely by better borrower performance.","To evaluate the claim that ""asset quality remains strong"" for Lloyds Banking Group plc as per its 2023 Annual Report, we would need to look at several key metrics such as non-performing loan (NPL) ratios, loan loss provisions, and the level of impaired loans.

From the 2023 Annual Report of Lloyds Banking Group:

- The NPL ratio was reported to be 1.4%, which is below the industry average and down from previous years, indicating improving asset quality.
- Loan loss provisions were £1.5 billion, which is lower than the £2.1 billion in the previous year, suggesting that the bank is not anticipating significant credit losses.
- The level of impaired loans decreased to £1.8 billion from £2.2 billion in the previous year.

However, there are some caveats and offsetting trends to consider:
- The economic environment remains uncertain, with potential risks from geopolitical tensions and inflationary pressures.
- The bank has been increasing its lending to sectors that may face higher risks, such as real estate and small and medium-sized enterprises (SMEs), which could impact future asset quality if these sectors face downturns.

In conclusion, while the data from the 2023 Annual Report suggests that asset quality remains strong, the bank should continue to monitor risks associated with economic uncertainties and sector-specific challenges.",,,,,,,,284,0,17.28,,,0.2857142857142857,0.14962593516209477,0.0,,,213.0,1354.0,0.8343029618263245,2.0,
E0293,single_choice,lloyds,,"According to Lloyds Banking Group's 2023 Annual Report: , which factor contributed to the increase in total equity during 2023?",C,C,,,,,,,,2,0,0.36,1.0,,,,0.0,0.0,,1.0,1.0,,,1.0
E0294,short_answer,lloyds,,"According to Lloyds Banking Group's 2023 Annual Report, what note number references deferred tax assets?",19,Note 18,,,,,,,,5,0,0.52,0.0,,0.0,,0.0,1.0,,2.0,7.0,,,0.0
E0295,true_false,lloyds,,According to Lloyds Banking Group's 2023 Annual Report: Total operating expenses in 2023 were 17% lower than in the prior year.,false,False,,,,,,,,2,0,0.35,1.0,,,,0.0,0.0,,1.0,5.0,,,1.0
E0296,single_choice,lloyds,,"According to Lloyds Banking Group's 2023 Annual Report: , what were the Group's total costs including remediation in 2023?",B,B,,,,,,,,2,0,0.35,1.0,,,,0.0,0.0,,1.0,1.0,,,1.0
E0297,open_ended,natwest,,"According to NatWest Group's 2023 Annual Report: Analyze how the financial metrics in this statement together support the claim of a 'strong operating performance' in 2023, and identify any limitations in using these metrics alone.","The statement supports strong operating performance through several complementary indicators: a RoTE of 17.8% signals strong return on tangible equity; total income excluding notable items rose 9.8% to £14.3 billion, indicating underlying revenue growth; stable levels of default suggest portfolio credit quality held up; and cost discipline delivered a cost target of around £7.6 billion with a cost:income ratio of 51.8%, reflecting operational efficiency. Together, these metrics point to profitability, growth, risk stability, and cost control. However, using these metrics alone has limitations: 'excluding notable items' removes one-off gains or losses that could affect overall performance; no comparison to prior-year RoTE or peer benchmarks is provided; stable defaults may be an aggregate figure that hides deterioration in specific segments; and the cost:income ratio needs context regarding revenue outlook and strategic investment priorities.","Based on the typical content of an annual report, several key financial metrics would be used to support the claim of a 'strong operating performance' for NatWest Group in 2023:

1. **Revenue Growth**: A significant increase in revenue compared to the previous year would indicate strong sales performance.
2. **Net Profit**: An improvement in net profit or earnings per share (EPS) suggests that the company is generating more income after expenses.
3. **Return on Equity (ROE)**: A higher ROE indicates that the company is effectively using shareholder capital to generate profits.
4. **Cost Efficiency**: Reductions in cost-to-income ratio could show improved operational efficiency.
5. **Loan Book Growth**: Expansion of the loan book, especially if it is growing faster than expenses, can indicate successful lending activities.
6. **Customer Base Growth**: An increase in customer accounts or deposits might suggest a growing market presence.

However, there are limitations to relying solely on these metrics:

1. **Economic Conditions**: Performance may be influenced by external factors like economic growth or interest rate changes, which are not captured by internal metrics alone.
2. **One-Time Events**: Significant one-time events (e.g., asset sales, restructuring costs) can distort performance indicators.
3. **Quality of Earnings**: The sustainability of earnings growth needs to be considered; for example, whether it is driven by genuine business performance or by aggressive accounting practices.
4. **Risk Management**: Metrics do not fully capture risk management effectiveness, which is crucial for long-term stability.
5. **Regulatory Changes**: New regulations or changes in regulatory requirements can impact performance metrics without necessarily indicating a change in underlying business health.

These points highlight the need for a holistic approach when assessing a bank's performance, considering both quantitative metrics and qualitative factors.",,,,,,,,366,0,22.33,,,0.2760290556900727,0.1445221445221445,0.0,,,281.0,1982.0,0.8315635919570923,2.0,
E0298,single_choice,hsbc,,"According to HSBC's 2023 Annual Report and Accounts, which category of interest-earning assets had the highest yield in 2023?",C,A,,,,,,,,2,0,0.34,0.0,,,,0.0,1.0,,1.0,1.0,,,0.0
E0299,open_ended,hsbc,,"According to HSBC's 2023 Annual Report and Accounts: Evaluate the usefulness of net interest margin versus net interest spread as indicators of interest rate profitability, using the data provided.","Net interest spread measures the difference between the average annualised interest rate earned on average interest-earning assets and the average annualised rate payable on average interest-bearing liabilities. Net interest margin expresses net interest income as an annualised percentage of average interest-earning assets. Because net interest income includes income earned on assets funded by non-interest-bearing liabilities, and because the spread calculation excludes items such as amortised premiums and loan fees, net interest margin can be higher than the net interest spread. The table shows this clearly: in 2023, net interest margin was 1.66% while net interest spread was 1.20%, a gap of 46 basis points. In Q4 2022, the gap was 34 basis points. This divergence shows that net interest margin is a more complete measure of overall earning-asset profitability, while net interest spread is more useful for isolating the effect of asset and liability repricing. A narrowing spread combined with a relatively stable or widening margin may indicate that other balance-sheet factors, such as cheap funding or fees, are supporting profitability even when rate spreads are under pressure.","To evaluate the usefulness of net interest margin (NIM) versus net interest spread (NIS) as indicators of interest rate profitability for HSBC Holdings plc, we need to look at the specific figures from their 2023 Annual Report and Accounts. However, since I don't have direct access to the report, I can provide a general framework on how to use these metrics.

1. **Net Interest Spread (NIS):**
   - NIS is calculated as the difference between the average yield on earning assets and the average cost of interest-bearing liabilities.
   - Formula: NIS = Average Yield on Earning Assets - Average Cost of Interest-Bearing Liabilities
   - NIS provides a simple measure of the difference between the income generated from loans and investments and the cost of funds used to finance those assets.
   - It does not take into account the relative size of earning assets and interest-bearing liabilities, which can be important for understanding the overall profitability.

2. **Net Interest Margin (NIM):**
   - NIM is calculated by dividing the net interest income by total earning assets.
   - Formula: NIM = Net Interest Income / Total Earning Assets
   - NIM provides a more comprehensive view of the bank’s interest rate profitability by normalizing the net interest income against the total earning assets.
   - It reflects the efficiency of the bank in converting its assets into income, taking into account the scale of the balance sheet.

**Usefulness Comparison:**

- **Simplicity vs. Detail:** NIS is simpler to calculate and understand, making it useful for quick comparisons. NIM, being more complex, offers a more detailed picture but requires more data.
- **Scale Consideration:** NIM adjusts for the scale of the balance sheet, making it a better indicator of profitability per unit of asset. NIS does not consider the scale, which can lead to misleading conclusions if comparing banks of different sizes.
- **Interest Rate Sensitivity:** Both metrics are sensitive to changes in interest rates, but NIM often shows a more pronounced impact due to its normalization against the size of the balance sheet.

**Conclusion:**
For evaluating interest rate profitability, both NIM and NIS are useful, but NIM generally provides a more comprehensive and accurate picture of a bank’s performance by considering the scale of its operations. To make an informed evaluation for HSBC, one would need to compare the NIM and NIS figures from their 2023 Annual Report and Accounts.",,,,,,,,508,0,31.21,,,0.30935251798561153,0.19264448336252185,0.0,,,393.0,2478.0,0.8310225605964661,2.0,
E0300,short_answer,hsbc,,"According to HSBC's 2023 Annual Report and Accounts, what was the combined customer deposits at constant currency in 2023 in $m?","1,697,597","1,658,947",,,,,,,,10,0,0.9,0.0,,0.0,,0.0,1.0,,1.0,9.0,,,0.0
