chunk_id,parent_id,n_tokens,text,bank,bank_source,source_file,section,header
HSBC-2023-core-financials-part-1::s0,HSBC-2023-core-financials-part-1,480,"HSBC Holdings plc — 2023 Annual Report — Summary consolidated income statement - Part 1/2
| 2023 $m | 20221 $m | 2021 $m | 2020 $m | 2019
Net interest income | 35,796 | 30,377 | 26,489 | 27,578 | $m 30,462
Net fee income | 11,845 | 11,770 | 13,097 | 11,874 | 12,023
Net income from financial instruments held for trading or managed on a fair value basis | 16,661 | 10,278 | 7,744 | 9,582 | 10,231
Net income/(expense) from assets and liabilities of insurance businesses, including related | | | | | 
derivatives, measured at fair value through profit or loss | 7,887 | (13,831) | 4,053 | 2,081 | 3,478
Net insurance premium income | | | 10,870 | 10,093 | 10,636
Insurance finance (expense)/income | (7,809) | 13,799 | | | 
Insurance service result Gain on acquisition[2] | 1,078 | 809 | | | 
(Impairment)/reversal of impairment relating to the sale of our retail banking operations in | 1,591 | | | | 
France[3] | 150 | (2,316) | | | 
Other operating (expense)/income4 | (1,141) | (266) | 1,687 | 1,866 | 4,194
Total operating income Net insurance claims and benefits paid and movement in liabilities to policyholders | 66,058 | 50,620 | 63,940 (14,388) | 63,074 (12,645) | 71,024 (14,926)
Net operating income before change in expected credit losses and other | | | | | 
credit impairment charges[5] | 66,058 | 50,620 | 49,552 | 50,429 | 56,098
Change in expected credit losses and other credit impairment charges | (3,447) | (3,584) | 928 | (8,817) | (2,756)
Net operating income Total operating expenses",hsbc,filename,HSBC-2023-core-financials.pdf,Summary consolidated income statement - Part 1/2,HSBC Holdings plc — 2023 Annual Report — Summary consolidated income statement - Part 1/2
HSBC-2023-core-financials-part-1::s1,HSBC-2023-core-financials-part-1,462,"HSBC Holdings plc — 2023 Annual Report — Summary consolidated income statement - Part 1/2
,620 | 49,552 | 50,429 | 56,098
Change in expected credit losses and other credit impairment charges | (3,447) | (3,584) | 928 | (8,817) | (2,756)
Net operating income Total operating expenses excluding impairment of goodwill and other intangible assets | 62,611 | 47,036 | 50,480 | 41,612 | 53,342
 | (32,355) 285 | (32,554) | (33,887) | (33,044) | (34,955)
Impairment of goodwill and other intangible assets Operating profit | | (147) | (733) | (1,388) | (7,394)
Share of profit in associates and joint ventures | 30,541 | 14,335 | 15,860 | 7,180 | 10,993
Impairment of interest in associate | 2,807 | 2,723 | 3,046 | 1,597 | 2,354
Profit before tax | (3,000) | | | 1 | 
 | 30,348 | 17,058 | 18,906 | 8,777 | 13,347
Tax expense Profit for the year | (5,789) | (809) | (4,213) | (2,678) | (4,639)
Attributable to: | 24,559 | 16,249 | 14,693 | 6,099 | 8,708
ordinary shareholders of the parent company | 22,432 | 14,346 | 12,607 | 3,898 | 5,969
preference shareholders of the parent company | - | | 7 | 90 | 90
other equity holders | 1,101 | 1,213 | 1,303 | 1,241 | 1,324
non-controlling interests | 1,026 | 690 | 776 | 870 | 1,325
Profit for the year | 24,559 | 16,249 | 14,693 | 6,099 | 8,708
 | | | | | 

Five-year financial information",hsbc,filename,HSBC-2023-core-financials.pdf,Summary consolidated income statement - Part 1/2,HSBC Holdings plc — 2023 Annual Report — Summary consolidated income statement - Part 1/2
HSBC-2023-core-financials-part-2::s0,HSBC-2023-core-financials-part-2,480,"HSBC Holdings plc — 2023 Annual Report — Summary consolidated income statement - Part 2/2
| 2023 | 20221 | 2021 | 2020 | 2019
Basic earnings per share | $ 1.15 | $ | $ | $ | $
Diluted earnings per share | 1.14 | 0.72 0.72 | 0.62 0.62 | 0.19 0.19 | 0.3 0.3
Dividends per ordinary share (paid in the period)[6] | 0.53 | 0.27 | 0.22 | - | 0.51
 | % | % | % | | %
Dividend payout ratio7 | 50 | | 40 | % | 100
Post-tax return on average total assets | 0.8 | 44 | 0.5 | 79 | 0.3
Return on average ordinary shareholders' equity | 13.6 | 0.5 9.0 | 7.1 | 0.2 2.3 | 3.6
Return on average tangible equity | 14.6 | 10.0 | 8.3 | 3.1 | 8.4
Effective tax rate | 19.1 | 4.7 | 22.3 | 30.5 | 34.8

1 From 1 January 2023, we adopted IFRS 17 'Insurance Contracts', which replaced IFRS 4 'Insurance Contracts'. Comparative data for the financial year ended 31 December 2022 have been restated accordingly. Comparative data for the years ended 31 December 2021, 2020 and 2019 are prepared on an IFRS 4 basis.

2 Provisional gain recognised in respect of the acquisition of SVB UK.

3 In the fourth quarter of 2023, an impairment loss of \$2.0bn was recognised relating to the sale of our retail banking operations in France. This largely offset the \$2.1bn recognised in the first quarter of 2023 on the reversal of the held for sale classification at that time. In 2023, a total net \$0.1bn of credit was recognised in other operating income, reflecting the net asset value disposed under the final terms of sale. The \$0.4bn impairment of goodwill recognised in the third quarter in 2022 has not been reversed.

4 Other operating (expense)/income includes a loss on net monetary positions of \$1,667m (2022: \$678m",hsbc,filename,HSBC-2023-core-financials.pdf,Summary consolidated income statement - Part 2/2,HSBC Holdings plc — 2023 Annual Report — Summary consolidated income statement - Part 2/2
HSBC-2023-core-financials-part-2::s1,HSBC-2023-core-financials-part-2,393,"HSBC Holdings plc — 2023 Annual Report — Summary consolidated income statement - Part 2/2
value disposed under the final terms of sale. The \$0.4bn impairment of goodwill recognised in the third quarter in 2022 has not been reversed.

4 Other operating (expense)/income includes a loss on net monetary positions of \$1,667m (2022: \$678m; 2021: \$576m) as a result of applying IAS 29 'Financial Reporting in Hyperinflationary Economies' and disposal losses on capitalised markets treasury repositioning of \$977m in 2023.

5 Net operating income before change in expected credit losses and other credit impairment charges also referred to as revenue.

6Includes dividend paid during the period, which consisted of a second interim dividend of \$0.23 per ordinary share in respect of the financial year ended 31 December 2022 paid in April 2023 and the first, second and third interim dividends of \$0.30 per ordinary share in respect of the financial year ending 31 December 2023.

7 In 2023, our dividend payout ratio was adjusted for material notable items and related impacts. In 2022, our dividend payout ratio was adjusted for the loss on classification to held for sale of our retail banking business in France, items relating to the planned sale of our banking business in Canada, and the recognition of certain deferred tax assets. No items were adjusted for in 2021, 2020 or 2019.

Unless stated otherwise, all tables in the Annual Report and Accounts 2023 are presented on a reported basis.

For a summary of our financial performance in 2023, see page 27.

For further financial performance data for each global business and legal entity, see pages 111 to 114 and 120 to 130 respectively. The global business segmental results are presented on a constant currency basis in accordance with IFRS 8 'Operating Segments' as set out in Note 10: Segmental analysis on page 372.",hsbc,filename,HSBC-2023-core-financials.pdf,Summary consolidated income statement - Part 2/2,HSBC Holdings plc — 2023 Annual Report — Summary consolidated income statement - Part 2/2
HSBC-2023-core-financials-part-3::s0,HSBC-2023-core-financials-part-3,480,"HSBC Holdings plc — 2023 Annual Report — Income statement commentary - Part 1/8
The following commentary compares Group financial performance for the year ended 2023 with 2022, unless otherwise stated. Net interest income

 | Year ended | Quarter ended
31 Dec | 31 Dec | 31 Dec | 31 Dec | 30 Sep | 31 Dec
2023 | 20221 | 2021 | 2023 | 2023 | 20221
 | $m | $m | $m | $m | $m | $m
Interest income | 100,868 | 52,826 | 36,188 | 26,714 | 27,198 | 18,957
Interest expense | (65,072) | (22,449) | (9,699) | (18,430) | (17,950) | (9,971)
Net interest income | 35,796 | 30,377 | 26,489 | 8,284 | 9,248 | 8,986
Average interest-earning assets | 2,161,746 | 2,143,758 | 2,209,513 | 2,164,324 | 2,157,370 | 2,116,018
 | % | % | % | % | % | %
Gross interest yield[2] | 4.67 | 2.46 | 1.64 | 4.90 | 5.00 | 3.55
Less: gross interest payable[2] | (3.47) | (1.24) | (0.53) | (3.83) | (3.80) | (2.21)
Net interest spread3 | 1.20 | 1.22 | 1.11 | 1.07 | 1.20 | 1.34
Net interest margin4 | 1.66 | 1.42 | 1.20 | 1.52 | 1.70 | 1.68

1 From 1 January 2023, we adopted IFRS 17 'Insurance Contracts', which replaced IFRS 4 'Insurance Contracts'. Comparative data for the financial year ended 31 December 2022 have been restated accordingly. Comparative data for the year ended 31 December 2021 are prepared on an IFRS 4 basis. 2 Gross interest yield is the average annualised interest rate earned on average interest-earning assets ('AlEA'). Gross interest pay",hsbc,filename,HSBC-2023-core-financials.pdf,Income statement commentary - Part 1/8,HSBC Holdings plc — 2023 Annual Report — Income statement commentary - Part 1/8
HSBC-2023-core-financials-part-3::s1,HSBC-2023-core-financials-part-3,154,"HSBC Holdings plc — 2023 Annual Report — Income statement commentary - Part 1/8
. Comparative data for the financial year ended 31 December 2022 have been restated accordingly. Comparative data for the year ended 31 December 2021 are prepared on an IFRS 4 basis. 2 Gross interest yield is the average annualised interest rate earned on average interest-earning assets ('AlEA'). Gross interest payable is the average annualised interest cost as a percentage of average interest-bearing liabilities.

3 Net interest spread is the difference between the average annualised interest rate earned on AlEA, net of amortised premiums and loan fees, and the average annualised interest rate payable on average interest-bearing funds

4 Net interest margin is net interest income expressed as an annualised percentage of AlEA.

Summary of interest income by type of asset",hsbc,filename,HSBC-2023-core-financials.pdf,Income statement commentary - Part 1/8,HSBC Holdings plc — 2023 Annual Report — Income statement commentary - Part 1/8
HSBC-2023-core-financials-part-4::s0,HSBC-2023-core-financials-part-4,480,"HSBC Holdings plc — 2023 Annual Report — Income statement commentary - Part 2/8
| 2023 | 20221 | 2021
Average balance | Interest income | Yield | Average balance | Interest income | Yield | Average balance | Interest income | Yield
$m | $m | % | $m | $m | % | | $m $m | %
Short-term funds and loans and advances to banks | 403,674 | 14,770 | 3.66 | 445,659 | 5,577 | 1.25 | 450,678 | 1,105 | 0.25
Loans and advances to customers | 957,717 | 47,673 | 4.98 | 1,022,320 | 32,543 | 3.18 | 1,060,658 | 26,071 | 2.46
Reverse repurchase agreements – non-trading[2] | 240,263 | 14,391 | 5.99 | 231,058 | 4,886 | 2.11 | 206,246 | 1,019 | 0.49
Financial investments | 407,363 | 16,858 | 4.14 | 372,702 | 7,704 | 2.07 | 438,840 | 6,729 | 1.53
Other interest-earning assets | 152,729 | 7,176 | 4.70 | 72,019 | 2,116 | 2.94 | 53,091 | 1,264 | 2.38
Total interest-earning assets | 2,161,746 | 100,868 | 4.67 | 2,143,758 | 52,826 | 2.46 | 2,209,513 | 36,188 | 1.64

Summary of interest expense by type of liability

 | 2023 | 20221 | 2021
Average balance | Interest expense | Cost | Average balance | Interest expense | Cost | Average balance | Interest expense | Cost
Deposits by banks[3] | $m | $m | % | $m | $m | % | $m | $m | %
 | 60,392 | 2,401 | 3.98 | 75,739 | 770 | 1.02 | 75,671 | 198 | 0.26
Customer accounts{4 | 1,",hsbc,filename,HSBC-2023-core-financials.pdf,Income statement commentary - Part 2/8,HSBC Holdings plc — 2023 Annual Report — Income statement commentary - Part 2/8
HSBC-2023-core-financials-part-4::s1,HSBC-2023-core-financials-part-4,480,"HSBC Holdings plc — 2023 Annual Report — Income statement commentary - Part 2/8
m | $m | % | $m | $m | % | $m | $m | %
 | 60,392 | 2,401 | 3.98 | 75,739 | 770 | 1.02 | 75,671 | 198 | 0.26
Customer accounts{4 | 1,334,803 | 34,162 | 2.56 | 1,342,342 | 10,903 | 0.81 | 1,362,580 | 4,099 | 0.30
Repurchase agreements – non-trading[2] | 146,605 | 10,858 11,223 | 7.41 6.07 | 118,308 | 3,085 5,607 | 2.61 3.12 | 114,201 193,137 | 363 3,603 | 0.32 1.87
Debt securities in issue – non-trading Other interest-bearing liabilities | 184,867 146,216 | 6,428 | 4.40 | 179,775 87,965 | 2,084 | 2.37 | 70,929 | 1,436 | 2.02
Total interest-bearing liabilities | 1,872,883 | 65,072 | 3.47 | 1,804,129 | 22,449 | 1.24 | 1,816,518 | 9,699 | 0.53
 | | | | | | | | | 

1 From 1 January 2023, we adopted IFRS 17 'Insurance Contracts', which replaced IFRS 4 'Insurance Contracts'. Comparative data for the financial year ended 31 December 2022 have been restated accordingly. Comparative data for the year ended 31 December 2021 are prepared on an IFRS 4 basis.
2 The average balances for repurchase and reverse repurchase agreements include net amounts where the criteria for offsetting are met, resulting in a lower net balance reported for repurchase agreements and thus higher cost.

3Including interest-bearing bank deposits only.

4Including interest-bearing customer accounts only.

Net interest income ('NIl') for 2023 was \$35.8bn, an increase of \$5.4bn or 18% compared with 2022. This reflected higher average interest rates",hsbc,filename,HSBC-2023-core-financials.pdf,Income statement commentary - Part 2/8,HSBC Holdings plc — 2023 Annual Report — Income statement commentary - Part 2/8
HSBC-2023-core-financials-part-4::s2,HSBC-2023-core-financials-part-4,74,"HSBC Holdings plc — 2023 Annual Report — Income statement commentary - Part 2/8
Including interest-bearing bank deposits only.

4Including interest-bearing customer accounts only.

Net interest income ('NIl') for 2023 was \$35.8bn, an increase of \$5.4bn or 18% compared with 2022. This reflected higher average interest rates across major currencies compared with 2022.",hsbc,filename,HSBC-2023-core-financials.pdf,Income statement commentary - Part 2/8,HSBC Holdings plc — 2023 Annual Report — Income statement commentary - Part 2/8
HSBC-2023-core-financials-part-5::s0,HSBC-2023-core-financials-part-5,480,"HSBC Holdings plc — 2023 Annual Report — Income statement commentary - Part 3/8
Excluding the unfavourable impact of foreign currency translation differences, net interest income increased by \$6.0bn or 20%.

NIl for the fourth quarter of 2023 was \$8.3bn, down 10% compared with the previous quarter, and down 8% compared with the fourth quarter of 2022. The decrease was predominantly driven by the impact of higher funding costs across our liabilities, which included the impact of deposit migration in our main legal entities in Asia and Europe. In addition, the fourth quarter of 2023 included an adverse impact of \$0.2bn, relating to the first nine months of 2023, due to reclassifications to NIl from 'net income from financial instruments held for trading or managed on a fair value basis' related to hedges in Canada that will not recur given the expected sale of the business.

The impact of hyperinflation in Argentina on NIl in 2023 was an adverse movement of \$0.5bn, with an associated impact on NIM of 2bps. The impact in the fourth quarter of 2023 was an adverse movement of \$0.5bn, with an associated impact on NIM of 9bps. This compared with minimal movements in the equivalent periods in 2022. The increase in hyperinflationary accounting impacts in 2023 was notably due to the impact of the devaluation of the Argentinian peso.

Net interest margin ('NIM') for 2023 of 1.66%was 24bps higher compared with 2022, as the rise in the yield on average interestearning assets (’AlEA') of 220bps was partly offset by the rise in the funding costs of average interest-bearing liabilities of 196bps.

The increase in NIM in 2023 included the unfavourable impact of foreign currency translation differences. Excluding this, NIM increased by 27bps.

NIM for the fourth quarter of 2023 was 1.52%, down 18bps compared with the previous quarter, and down 16bps compared with the fourth quarter of 2022. The decreases were predominantly driven by a rise in funding costs of average interest-bearing liabilities, which included the impact of customer deposit migration",hsbc,filename,HSBC-2023-core-financials.pdf,Income statement commentary - Part 3/8,HSBC Holdings plc — 2023 Annual Report — Income statement commentary - Part 3/8
HSBC-2023-core-financials-part-5::s1,HSBC-2023-core-financials-part-5,474,"HSBC Holdings plc — 2023 Annual Report — Income statement commentary - Part 3/8
for the fourth quarter of 2023 was 1.52%, down 18bps compared with the previous quarter, and down 16bps compared with the fourth quarter of 2022. The decreases were predominantly driven by a rise in funding costs of average interest-bearing liabilities, which included the impact of customer deposit migration in our main legal entities in Asia and Europe, as well as the Argentina hyperinflation impact as noted above, partly offset by an increase in the yield on AIEA.

Interest income for 2023 of \$100.9bn increased by \$48.0bn compared with 2022. Interest income of \$26.7bn in the fourth quarter of 2023 was down \$0.5bn compared with the previous quarter, and up \$7.8bn compared with the fourth quarter of 2022. The respective increases of \$48.0bn and \$7.8bn were predominantly driven by the impact of higher market interest rates. The decrease of \$0.5bn compared with the previous quarter was predominantly due to hyperinflation in Argentina.

Banking net interest income

The change in interest income in 2023 compared with 2022 included an adverse impact of foreign currency translation differences of \$1.2bn. After excluding foreign currency translation differences, interest income increased by \$49.2bn.

Interest expense for 2023 of \$65.1bn increased by \$42.6bn compared with 2022. This reflected an increase in funding costs of 223bps, mainly due to the impact of higher interest rates on our liabilities including customer deposit migration, notably in Asia and Europe. Within interest expense was the effect of higher funding costs associated with supporting our trading and fair value activities, as explained below in banking net interest income.

The rise in interest expense included the favourable effects of foreign currency translation differences of \$0.6bn. Excluding this, interest expense increased by \$43.2bn.

Interest expense of \$18.4bn in the fourth quarter of 2023 was up \$0.5bn compared with the third quarter of 2023, and up \$8.5bn compared with the fourth quarter of 2022. The increase was predominantly driven by the impact of higher market interest rates, and the impact of deposit migration.",hsbc,filename,HSBC-2023-core-financials.pdf,Income statement commentary - Part 3/8,HSBC Holdings plc — 2023 Annual Report — Income statement commentary - Part 3/8
HSBC-2023-core-financials-part-6::s0,HSBC-2023-core-financials-part-6,480,"HSBC Holdings plc — 2023 Annual Report — Income statement commentary - Part 4/8
| Year ended | Quarter ended
 | 31 Dec | 31 Dec | 31 Dec | 30 Sep | 31 Dec
 | 2023 | 2022 | 2023 | 2023 | 2022
 | $bn | $bn | $bn | $bn | $bn
Net interest income Banking book funding costs used to generate 'net income from financial instruments | 35.8 | 30.4 | 8.3 | 9.2 | 9.0
held for trading or managed on a fair value basis' | 8.7 | 2.5 | 2.5 | 2.4 | 1.3
Third-party net interest income from insurance | (0.4) | (0.4) | (0.1) | (0.1) | (0.1)
Banking net interest income | 44.1 | 32.5 | 10.7 | 11.5 | 10.2

Banking net interest income is an alternative performance measure, and is defined as Group reported net interest income after deducting:

– the internal cost to fund trading and fair value net assets for which associated revenue is reported in 'Net income from financial instruments held for trading or managed on a fair value basis', also referred to as 'trading and fair value income'. These funding costs reflect proxy overnight or term interest rates as applied by internal funds transfer pricing;

– the funding costs of foreign exchange swaps in Markets Treasury, where an offsetting income or loss is recorded in trading and fair value income. These instruments are used to manage foreign currency deployment and funding in our entities; and

– third-party net interest income in our insurance business.

In our segmental disclosures, the funding costs of trading and fair value net assets are predominantly recorded in GBM in 'net income from financial instruments held for trading or managed on a fair value basis'. On consolidation, this funding is eliminated in Corporate Centre, resulting in an increase in the funding costs reported in net interest income with an equivalent offsetting increase in 'net income from financial instruments held for trading or managed on a fair value basis' in this segment. In the second quarter of 2023 we implemented a consistent reporting approach across our most material entities that contribute to our trading and fair value net assets, which resulted in an increase to the first half of 202",hsbc,filename,HSBC-2023-core-financials.pdf,Income statement commentary - Part 4/8,HSBC Holdings plc — 2023 Annual Report — Income statement commentary - Part 4/8
HSBC-2023-core-financials-part-6::s1,HSBC-2023-core-financials-part-6,339,"HSBC Holdings plc — 2023 Annual Report — Income statement commentary - Part 4/8
ting increase in 'net income from financial instruments held for trading or managed on a fair value basis' in this segment. In the second quarter of 2023 we implemented a consistent reporting approach across our most material entities that contribute to our trading and fair value net assets, which resulted in an increase to the first half of 2023 associated funding costs reported through the intersegment elimination in Corporate Centre of approximately \$0.4bn, recognised in the second quarter of 2023. In the consolidated Group results, the cost to fund these trading and fair value net assets is reported in net interest income.

The internally allocated funding cost of \$8.7bn, which was incurred in 2023 to generate trading and fair value income, related to trading, fair value and associated net asset balances predominantly in GBM. At 31 December 2023, these stood at approximately \$164bn.

Net fee income of \$11.8bn was \$0.1bn higher than in 2022, and included an adverse impact from foreign currency translation differences of \$0.1bn. The rise in net fee income in CMB and WPB was partly offset by a reduction in GBM.

In CMB, net fee income increased by \$0.2bn driven by higher fees from credit facilities, notably in Europe and the UK due to an increase in trade products. Fee income also grew in account services, reflecting greater client activity in transaction banking, mainly in Global Payments Solutions ('GPS’), and in cards, as spending increased compared with 2022. These increases were partly offset by a reduction in fees from funds under management and broking activities.",hsbc,filename,HSBC-2023-core-financials.pdf,Income statement commentary - Part 4/8,HSBC Holdings plc — 2023 Annual Report — Income statement commentary - Part 4/8
HSBC-2023-core-financials-part-7::s0,HSBC-2023-core-financials-part-7,480,"HSBC Holdings plc — 2023 Annual Report — Income statement commentary - Part 5/8
In WPB, net fee income increased by \$0.1bn. The rise was mainly due to higher cards income, mainly in our legal entities in Hong Kong and in Mexico, as customer spending increased. However, income from broking fell, notably in Hong Kong, due to weaker equity markets and muted customer sentiment. The rise in cards activity resulted in higher fee expenses.

In GBM, net fee income decreased by \$0.2bn. This was driven by higher fee expense, notably in our main entities in Hong Kong, mainly relating to GBM products sold to customers in other global businesses. In Europe, fee expense grew in our private credit business, and we incurred higher interbank and clearing fee expense. There was a decrease in corporate finance fee income, reflecting lower client activity in Europe, and a fall in broking income due to lower equity turnover. Global custody income also fell. This was partly offset by an increase in underwriting income, from an increase in syndicated fees in Europe and a rise in fees in the US following historical lows in 2022.

Net income from financial instruments held for trading or managed on a fair value basis of \$16.7bn was \$6.4bn higher compared with 2022. This reflected a rise in income, primarily relating to trading activities in GBM, for which the associated funding costs are reported in net interest income, notably in our main legal entities in Hong Kong and Europe. The rise also included a favourable movement on non-qualifying hedges of \$0.5bn due to the nonrecurrence of fair value losses in 2022. These increases were partly offset by an adverse fair value movement on foreign exchange hedges related to the planned sale of our banking business in Canada.

Net income from assets and liabilities of insurance businesses, including related derivatives, measured at fair value through profit or loss of \$7.9bn compared with a net expense of \$13.8bn in 2022. This increase reflected favourable movements on debt

securities, due to movements in interest rates, and equities. The increases were notably in our portfolios in Hong Kong and France.

This favourable movement resulted in a corresponding movement in insurance finance expense, which has an offsetting impact for the related lia",hsbc,filename,HSBC-2023-core-financials.pdf,Income statement commentary - Part 5/8,HSBC Holdings plc — 2023 Annual Report — Income statement commentary - Part 5/8
HSBC-2023-core-financials-part-7::s1,HSBC-2023-core-financials-part-7,412,"HSBC Holdings plc — 2023 Annual Report — Income statement commentary - Part 5/8
8bn in 2022. This increase reflected favourable movements on debt

securities, due to movements in interest rates, and equities. The increases were notably in our portfolios in Hong Kong and France.

This favourable movement resulted in a corresponding movement in insurance finance expense, which has an offsetting impact for the related liabilities to policyholders.

Insurance finance expense of \$7.8bn compared with an income of \$13.8bn in 2022, reflecting the impact of investment returns on underlying assets on the value of liabilities to policyholders, which moves inversely with 'net income from assets and liabilities of insurance businesses, including related derivatives, measured at fair value through profit or loss'.

Insurance service result of \$1.1bn increased by \$0.3bn compared with 2022, primarily due to an increase in the release of the contractual service margin ('CSM’). This primarily reflected a higher CSM balance from higher new business written and favourable assumption updates, primarily from updates to lapse rate assumptions. The increase also reflected a reduction in losses from onerous contracts. Under IFRS 17, the measurement of the insurance contract liability takes into account fulfilment cash flows and a CSM representing the unearned profit. In contrast to the Group's previous IFRS 4 accounting where profits are recognised up front, under IFRS 17 they are deferred and systematically recognised in revenue as services are provided over the life of the contract. The CSM also includes attributable cost, which had previously been expensed as incurred and which is now incorporated within the insurance liability measurement and recognised over the life of the contract

Gain on acquisition of \$1.6bn related to the provisional gain recognised in respect of the acquisition of Silicon Valley Bank UK Limited.

Impairment loss relating to the sale of the retail banking operations in France was a net impairment reversal of \$0.2bn in 2023, compared with an impairment of \$2.3bn in 2022.",hsbc,filename,HSBC-2023-core-financials.pdf,Income statement commentary - Part 5/8,HSBC Holdings plc — 2023 Annual Report — Income statement commentary - Part 5/8
HSBC-2023-core-financials-part-8::s0,HSBC-2023-core-financials-part-8,480,"HSBC Holdings plc — 2023 Annual Report — Income statement commentary - Part 6/8
In accordance with IFRS 5 'Non-current Assets Held for Sale and Discontinued Operations', the disposal group was classified as held for sale on 30 September 2022, at which point the Group recognised the estimated impairment of \$2.3bn, which included impairment of goodwill of \$0.4bn and related transaction costs. In the first quarter of 2023, \$2.1bn of this impairment loss was reversed as the sale became less certain. It was reinstated in the fourth quarter of 2023 as we reclassified these operations as held for sale and remeasured the disposal group at the lower of carrying value and fair value less costs to sell, resulting in a \$2.0bn impairment loss, reflecting the final terms of the sale. The sale completed on 1 January 2024.

Other operating expense of \$1.1bn was \$0.9bn higher than in 2022. The increase primarily related to losses in 2023 in Markets Treasury on asset disposals of \$1.0bn relating to repositioning and risk management activities in our hold-to-collect-and-sell portfolio in certain key legal entities. These actions are accretive to net interest income and reduce the consumption of the Group's financial resources.

The increased expense also included a loss of \$0.3bn in 2023 relating to corrections to historical valuation estimates in our life insurance business, and losses related to the disposal of our New Zealand retail mortgage loan portfolio and the merger of HSBC Bank Oman in 2023 with Sohar International. These were partly offset by losses in 2022 relating to the disposal of our branch operations in Greece and the planned disposal of our business in Russia.

Change in expected credit losses and other credit impairment charges (’EcL') were a charge of \$3.4bn, a decrease of \$0.1bn or 4% compared with 2022.

The charge in 2023 primarily comprised stage 3 net charges, notably related to mainland China commercial real estate sector exposures. ECL charges in this sector were \$1.0bn in 2023. The charge in 2023 also reflected the impact of continued economic uncertainty, rising interest rates and inflationary pressures. The charge in 2022",hsbc,filename,HSBC-2023-core-financials.pdf,Income statement commentary - Part 6/8,HSBC Holdings plc — 2023 Annual Report — Income statement commentary - Part 6/8
HSBC-2023-core-financials-part-8::s1,HSBC-2023-core-financials-part-8,134,"HSBC Holdings plc — 2023 Annual Report — Income statement commentary - Part 6/8
3 primarily comprised stage 3 net charges, notably related to mainland China commercial real estate sector exposures. ECL charges in this sector were \$1.0bn in 2023. The charge in 2023 also reflected the impact of continued economic uncertainty, rising interest rates and inflationary pressures. The charge in 2022 of \$3.6bn included charges related to mainland China commercial real estate exposures of \$1.3bn.

For further details on the calculation of ECL, including the measurement uncertainties and significant judgements applied to such calculations, the impact of the economic scenarios and management judgemental adjustments, see pages 156 to 168.

Operating expenses",hsbc,filename,HSBC-2023-core-financials.pdf,Income statement commentary - Part 6/8,HSBC Holdings plc — 2023 Annual Report — Income statement commentary - Part 6/8
HSBC-2023-core-financials-part-9::s0,HSBC-2023-core-financials-part-9,480,"HSBC Holdings plc — 2023 Annual Report — Income statement commentary - Part 7/8
Year ended2023 20221 2021$m $m
2023 | 202212021
$m | 
Gross employee compensation and benefits | 19,623 | 19,288 19,612
Capitalised wages and salaries | (1,403) | (1,285) (870)
Goodwill impairment | | 587
Property and equipment | 4,285 | 4,949 5,145
Amortisation and impairment of intangibles | 1,827 | 1,701 1,438
UK bank levy | 339 | 13 116
Legal proceedings and regulatory matters | 188 | 246 106
Other operating expenses[2] | 7,211 | 7,789 8,486
Reported operating expenses | 32,070 | 32,701 34,620
Currency translation | | (399) (2,376)
Constant currency operating expenses | 32,070 | 32,302 32,244

1 From 1 January 2023, we adopted IFRS 17 'Insurance Contracts', which replaced IFRS 4 'Insurance Contracts'. Comparative data for the financial year ended 31 December 2022 have been restated accordingly. Comparative data for the year ended 31 December 2021 are prepared on an IFRS 4 basis.
2 Other operating expenses includes professional fees, contractor costs, transaction taxes, marketing and travel. The decrease was driven by favourable currency translation differences and lower restructuring and other related costs following the completion of our cost-saving programme at the end of 2022.

Staff numbers (full-time equivalents)

 | 2023 | 2022 | 2021
Global businesses | | | 
Wealth and Personal Banking | 128,399 | 128,764 | 130,185
Commercial Banking | 45,884 | 43,640 | 42,969
Global Banking and Markets | 46,241 | 46,435 | 46,166
Corporate Centre | 337 | 360 | 377
At 31 Dec | 220,861 | 219,199 | 219,697

1 Represents the number of full-time equivalent people with contracts of service with the Group who are being paid at the reporting date.

Operating expenses of \$32.1bn were \$0.6bn or 2% lower than in 2022, including a favourable impact of \$0.4bn from foreign currency",hsbc,filename,HSBC-2023-core-financials.pdf,Income statement commentary - Part 7/8,HSBC Holdings plc — 2023 Annual Report — Income statement commentary - Part 7/8
HSBC-2023-core-financials-part-9::s1,HSBC-2023-core-financials-part-9,156,"HSBC Holdings plc — 2023 Annual Report — Income statement commentary - Part 7/8
Represents the number of full-time equivalent people with contracts of service with the Group who are being paid at the reporting date.

Operating expenses of \$32.1bn were \$0.6bn or 2% lower than in 2022, including a favourable impact of \$0.4bn from foreign currency translation differences.

This was driven by lower restructuring and other related costs following the completion of our cost to achieve programme, which concluded at the end of 2022, as well as a \$0.2bn reduction due to a reversal of historical asset impairments, and the effects of our continued cost discipline. There was also a favourable impact of \$0.2bn due to the impact of hyperinflationary accounting in Argentina in 2023.",hsbc,filename,HSBC-2023-core-financials.pdf,Income statement commentary - Part 7/8,HSBC Holdings plc — 2023 Annual Report — Income statement commentary - Part 7/8
HSBC-2023-core-financials-part-10::s0,HSBC-2023-core-financials-part-10,480,"HSBC Holdings plc — 2023 Annual Report — Income statement commentary - Part 8/8
These reductions were partly offset by an increase in technology costs, the impacts of inflation, a higher performance-related pay accrual and severance payments. In addition, the UK bank levy increased by \$0.3bn, which included adjustments related to prior years, and we incurred a \$0.2bn charge in the US relating to the FDIC special assessment.

The number of employees expressed in full-time equivalent staff ('FTE') at 31 December 2023 was 220,861, an increase of 1,662 compared with 31 December 2022. The number of contractors at 31 December 2023 was 4,676, a decrease of 1,371.

Share of profit in associates and joint ventures of \$2.8bn was \$0.1bn or 3% higher than in 2022, reflecting an increase in the share of profit from Saudi Awwal Bank ('SAB').

Impairment of interest in associate of \$3.Obn related to our investment in BoCom.

We maintain a 19.03% interest in BoCom. Since our investment in 2004, BoCom has grown its business significantly to the extent that it has recently been designated as a global systemically important bank ('GSIB').

For accounting purposes, the balance sheet carrying value attributed to BoCom represents our share of its net assets. We perform quarterly impairment tests incorporating a value-in-use calculation, recognising the gap between this carrying value and the fair value (based on the list share price). We have previously disclosed that the excess of the value-in-use calculation over its carrying value has been marginal in recent years, and that reasonably possible changes in assumptions could generate an impairment.

Recent macroeconomic, policy and industry factors resulted in a wider range of reasonably possible value-in-use outcomes for our BoCom valuation. At 31 December 2023, the Group performed an impairment test on the carrying value which resulted in an impairment of \$3.0bn, as the recoverable amount as determined by a value-in-use calculation was lower than the carrying value. Our value-in-use calculation uses both historical experience and market participant views to estimate future cash flows, relevant discount rates and associated",hsbc,filename,HSBC-2023-core-financials.pdf,Income statement commentary - Part 8/8,HSBC Holdings plc — 2023 Annual Report — Income statement commentary - Part 8/8
HSBC-2023-core-financials-part-10::s1,HSBC-2023-core-financials-part-10,347,"HSBC Holdings plc — 2023 Annual Report — Income statement commentary - Part 8/8
the carrying value which resulted in an impairment of \$3.0bn, as the recoverable amount as determined by a value-in-use calculation was lower than the carrying value. Our value-in-use calculation uses both historical experience and market participant views to estimate future cash flows, relevant discount rates and associated capital assumptions.

This impairment will have no material impact on HSBC's capital, capital ratios or distribution capacity, and therefore no impact on dividends or share buy-backs. The insignificant impact on HSBC's capital and CET1 ratio is due to the compensating release of regulatory capital deductions to offset the impairment charge.

We remain strategically committed to mainland China as demonstrated by our recent announcements to acquire Citi's retail wealth management portfolio and the investments made into mainland China in recent years. BoCom remains a strong partner in China, and we remain focused on maximising the mutual value of our partnership. Our positive views on the medium- and long-term structural growth opportunities in mainland China are unchanged.

For further details, see Note 18: Interests in associates and joint ventures on page 391.

Tax expense

 | Year ended
2023 | 2022
$m | $m
Tax (charge)/credit | | 
Reported | (5,789) | (809)
Currency translation | - | 160
Constant currency tax (charge)/credit | (5,789) | (649)

Notable items

 | Year ended
2023 | 2022
Tax | $m | $m
Tax (charge)/credit on notable items | 207 | 1,026
Recognition of losses | - | 2,333
Uncertain tax positions | 427 | (142)
 | |",hsbc,filename,HSBC-2023-core-financials.pdf,Income statement commentary - Part 8/8,HSBC Holdings plc — 2023 Annual Report — Income statement commentary - Part 8/8
HSBC-2023-core-financials-part-11::s0,HSBC-2023-core-financials-part-11,480,"HSBC Holdings plc — 2023 Annual Report — Income statement commentary > [Consolidated balance sheet, Return on average tangible equity, Supplementary table for planned disposals, Tax expense]
## Tax expense
The effective tax rate for 2023 of 19.1% was higher than the 4.7% in 2022. The effective tax rate for 2023 was increased by 2.3 percentage points by the non-deductible impairment of investments in associates, and reduced by 1.6 percentage points by the release of provisions for uncertain tax positions and reduced by 1.5 percentage points by the non-taxable accounting gain on the acquisition of SVB UK. The effective tax rate for 2022 was reduced by 12.8 percentage points by the recognition of a deferred tax asset on historical tax losses of HSBC Holdings as a result of improved profit forecasts for the UK tax group. Excluding these items, the effective tax rates were 19.9% for 2023 and 17.5% for 2022.

## Return on average tangible equity
In 2023, RoTE was 14.6%, compared with 10.0% in 2022. Excluding the impact of strategic transactions and the impairment of BoCom, RoTE was 15.6%.

## Supplementary table for planned disposals
The income statements and selected balance sheet metrics for the year ended 31 December 2023 of our banking business in Canada and our retail banking operations in France are shown below. The asset and liability balances relating to these planned disposals are reported on the Group balance sheet within 'Assets held for sale' and 'Liabilities of disposal groups held for sale', respectively, as at 31 December 2023.

Income statement and selected balance sheet metrics of disposal groups held for sale

 | Year ended 2023
Canada1 $bn | France retail[2]
Revenue | 2.0 | $bn 0.3
ECL | - | -
Operating expenses | (1.0) | (0.6)
of which: costs expected to be exited | (0.7) | (0.4)
Profit before tax | 0.9 | (0.2)
 | | 
Loans and advances to customers | 56.1 | 16.9
Customer accounts | 63.0 | 22.3
RWA3 | 31.9 | 4.1

1 Under the terms of the sale",hsbc,filename,HSBC-2023-core-financials.pdf,"Income statement commentary > [Consolidated balance sheet, Return on average tangible equity, Supplementary table for planned disposals, Tax expense]","HSBC Holdings plc — 2023 Annual Report — Income statement commentary > [Consolidated balance sheet, Return on average tangible equity, Supplementary table for planned disposals, Tax expense]"
HSBC-2023-core-financials-part-11::s1,HSBC-2023-core-financials-part-11,199,"HSBC Holdings plc — 2023 Annual Report — Income statement commentary > [Consolidated balance sheet, Return on average tangible equity, Supplementary table for planned disposals, Tax expense]
7) | (0.4)
Profit before tax | 0.9 | (0.2)
 | | 
Loans and advances to customers | 56.1 | 16.9
Customer accounts | 63.0 | 22.3
RWA3 | 31.9 | 4.1

1 Under the terms of the sale agreement, the pre-tax profit on sale will be recognised through a combination of the consolidation of HSBC Canada's results into the Group's financial statements from 30 June 2022 until completion, and the remaining gain on sale recognised at completion.

2 France retail includes the transferring of the retail banking business, HSBC SFH and associated supporting services. For further details, see Note 23: Assets held for sale and liabilities of disposal groups held for sale on page 401.

3 Includes \$3.5bn in Canada in respect of operational risk RWAs, and \$0.6bn associated with our retail banking business in France.

## Consolidated balance sheet",hsbc,filename,HSBC-2023-core-financials.pdf,"Income statement commentary > [Consolidated balance sheet, Return on average tangible equity, Supplementary table for planned disposals, Tax expense]","HSBC Holdings plc — 2023 Annual Report — Income statement commentary > [Consolidated balance sheet, Return on average tangible equity, Supplementary table for planned disposals, Tax expense]"
HSBC-2023-core-financials-part-12::s0,HSBC-2023-core-financials-part-12,480,"HSBC Holdings plc — 2023 Annual Report — Income statement commentary > Five-year summary consolidated balance sheet - Part 1/3
| 2023 | 20221 | 2021 | 2020 | 2019
$m | $m | $m | $m
Assets | | | | | $m
Cash and balances at central banks | 285,868 | 327,002 | 403,018 | 304,481 | 154,099
Trading assets | 289,159 | 218,093 | 248,842 | 231,990 | 254,271
Financial assets designated and otherwise mandatorily measured at fair value through profit or loss | 110,643 | 100,101 | 49,804 | 45,553 | 43,627
Derivatives | 229,714 | 284,159 | 196,882 | 307,726 | 242,995
Loans and advances to banks | 112,902 | 104,475 | 83,136 | 81,616 | 69,203
Loans and advances to customers | 938,535 | 923,561 | 1,045,814 | 1,037,987 | 1,036,743
Reverse repurchase agreements – non-trading | 252,217 | 253,754 | 241,648 | 230,628 | 240,862
Financial investments | 442,763 | 364,726 | 446,274 | 490,693 | 443,312
Assets held for sale | 114,134 | 115,919 | 3,411 | 299 | 123
Other assets | 262,742 | 257,496 | 239,110 | 253,191 | 229,917
Total assets at 31 Dec | 3,038,677 | 2,949,286 | 2,957,939 | 2,984,164 | 2,715,152
Liabilities | | | | | 
Deposits by banks | 73,163 | 66,722 | 101,152 | 82,080 | 59,022
Customer accounts | 1,611,647 | 1,570,303 | 1,710,574 | 1,642,780 | 1,439,115
Repurchase agreements – non-trading | 172,100",hsbc,filename,HSBC-2023-core-financials.pdf,Income statement commentary > Five-year summary consolidated balance sheet - Part 1/3,HSBC Holdings plc — 2023 Annual Report — Income statement commentary > Five-year summary consolidated balance sheet - Part 1/3
HSBC-2023-core-financials-part-12::s1,HSBC-2023-core-financials-part-12,480,"HSBC Holdings plc — 2023 Annual Report — Income statement commentary > Five-year summary consolidated balance sheet - Part 1/3
2 | 101,152 | 82,080 | 59,022
Customer accounts | 1,611,647 | 1,570,303 | 1,710,574 | 1,642,780 | 1,439,115
Repurchase agreements – non-trading | 172,100 | 127,747 | 126,670 | 111,901 | 140,344
Trading liabilities | 73,150 | 72,353 | 84,904 | 75,266 | 83,170
Financial liabilities designated at fair value | 141,426 | 127,321 | 145,502 | 157,439 | 164,466
Derivatives | 234,772 | 285,762 | 191,064 | 303,001 | 239,497
Debt securities in issue | 93,917 | 78,149 | 78,557 | 95,492 | 104,555
Insurance contract liabilities | 120,851 | 108,816 | 112,745 | 107,191 | 97,439
Liabilities of disposal groups held for sale | 108,406 | 114,597 | 9,005 | | 
Other liabilities | 216,635 | 212,319 | 190,989 | 204,019 | 194,876
Total liabilities at 31 Dec | 2,846,067 | 2,764,089 | 2,751,162 | 2,779,169 | 
Equity | | | | | 2,522,484
Total shareholders' equity | 185,329 | 177,833 | 198,250 | 196,443 | 183,955
Non-controlling interests | 7,281 | 7,364 | 8,527 | 8,552 | 8,713
Total equity at 31 Dec | 192,610 | 185,197 | 206,777 | 204,995 | 192,668
Total liabilities and equity at 31 Dec | 3,038,677 | 2,949,286 | 2,957,939 | 2,984,164 | 2,715,152

1 From 1 January 2023, we adopted IFRS 17 'Insurance Contracts', which replaced IFRS 4 'Insurance Contracts'. We have restated 2022 comparative",hsbc,filename,HSBC-2023-core-financials.pdf,Income statement commentary > Five-year summary consolidated balance sheet - Part 1/3,HSBC Holdings plc — 2023 Annual Report — Income statement commentary > Five-year summary consolidated balance sheet - Part 1/3
HSBC-2023-core-financials-part-12::s2,HSBC-2023-core-financials-part-12,66,"HSBC Holdings plc — 2023 Annual Report — Income statement commentary > Five-year summary consolidated balance sheet - Part 1/3
7 | 2,949,286 | 2,957,939 | 2,984,164 | 2,715,152

1 From 1 January 2023, we adopted IFRS 17 'Insurance Contracts', which replaced IFRS 4 'Insurance Contracts'. We have restated 2022 comparative data.",hsbc,filename,HSBC-2023-core-financials.pdf,Income statement commentary > Five-year summary consolidated balance sheet - Part 1/3,HSBC Holdings plc — 2023 Annual Report — Income statement commentary > Five-year summary consolidated balance sheet - Part 1/3
HSBC-2023-core-financials-part-13::s0,HSBC-2023-core-financials-part-13,480,"HSBC Holdings plc — 2023 Annual Report — Income statement commentary > Five-year summary consolidated balance sheet - Part 2/3
Five-year selected financial information

 | 2023 | 20221 | 2021 | 2020 | 2019
$m | $m | $m | $m | $m
Called up share capital | 9,631 | 10,147 | 10,316 | 10,347 | 10,319
Capital resources[2] | 171,204 | 162,423 | 177,786 | 184,423 | 172,150
Undated subordinated loan capital | 18 | 1,967 | 1,968 | 1,970 | 1,968
Preferred securities and dated subordinated loan capital[3] | 36,413 | 29,921 | 28,568 | 30,721 | 33,063
Risk-weighted assets | 854,114 | 839,720 | 838,263 | 857,520 | 843,395
Total shareholders' equity | 185,329 | 177,833 | 198,250 | 196,443 | 183,955
Less: preference shares and other equity instruments | (17,719) | (19,746) | (22,414) | (22,414) | (22,276)
Total ordinary shareholders' equity | 167,610 | 158,087 | 175,836 | 174,029 | 161,679
Less: goodwill and intangible assets (net of tax) | (11,900) | (11,160) | (17,643) | (17,606) | (17,535)
Tangible ordinary shareholders' equity | 155,710 | 146,927 | 158,193 | 156,423 | 144,144
Financial statistics | | | | | 
Loans and advances to customers as a percentage of customer accounts | 58.2% | 58.8% | 61.1% | 63.2% | 72.0%
Average total shareholders' equity to average total assets | 6.01% | 5.97% | 6.62% | 6.46% | 6.97%
Net asset value per ordinary share at year-end ($)[4] | 8.82 | 8.01 | 8.",hsbc,filename,HSBC-2023-core-financials.pdf,Income statement commentary > Five-year summary consolidated balance sheet - Part 2/3,HSBC Holdings plc — 2023 Annual Report — Income statement commentary > Five-year summary consolidated balance sheet - Part 2/3
HSBC-2023-core-financials-part-13::s1,HSBC-2023-core-financials-part-13,328,"HSBC Holdings plc — 2023 Annual Report — Income statement commentary > Five-year summary consolidated balance sheet - Part 2/3
.0%
Average total shareholders' equity to average total assets | 6.01% | 5.97% | 6.62% | 6.46% | 6.97%
Net asset value per ordinary share at year-end ($)[4] | 8.82 | 8.01 | 8.76 | 8.62 | 8.00
Tangible net asset value per ordinary share at year-end ($)[5] | 8.19 | 7.44 | 7.88 | 7.75 | 7.13
Tangible net asset value per fully diluted share at year-end ($) | 8.14 | 7.39 | 7.84 | 7.72 | 7.11
Number of $0.50 ordinary shares in issue (millions) | 19,263 | 20,294 | 20,632 | 20,694 | 20,639
Basic number of $0.50 ordinary shares outstanding (millions) | 19,006 | 19,739 | 20,073 | 20,184 | 20,206
Basic number of $0.50 ordinary shares outstanding and dilutive potential ordinary shares (millions) | 19,135 | 19,876 | 20,189 | 20,272 | 
Closing foreign exchange translation rates to $: | | | | | 20,280
$1: € | 0.784 | 0.830 | 0.739 | 0.732 | 0.756
$1: € | 0.903 | 0.937 | 0.880 | 0.816 | 0.890",hsbc,filename,HSBC-2023-core-financials.pdf,Income statement commentary > Five-year summary consolidated balance sheet - Part 2/3,HSBC Holdings plc — 2023 Annual Report — Income statement commentary > Five-year summary consolidated balance sheet - Part 2/3
HSBC-2023-core-financials-part-14::s0,HSBC-2023-core-financials-part-14,480,"HSBC Holdings plc — 2023 Annual Report — Income statement commentary > Five-year summary consolidated balance sheet - Part 3/3
1 From 1 January 2023, we adopted IFRS 17 'Insurance Contracts', which replaced IFRS 4 'Insurance Contracts'. We have restated 2022 comparative data.
2 Capital resources are regulatory total capital, the calculation of which is set out on page 206.
3 Including perpetual preferred securities, details of which can be found in Note 29: Subordinated liabilities on page 406.
4 The definition of net asset value per ordinary share is total shareholders' equity, less non-cumulative preference shares and capital securities, divided by the number of ordinary shares in issue, excluding own shares held by the company, including those purchased and held in treasury.
5 The definition of tangible net asset value per ordinary share is total ordinary shareholders' equity excluding goodwill, PVIF (for 2021, 2020 and 2019) and other intangible assets (net of deferred tax), divided by the number of basic ordinary shares in issue, excluding own shares held by the company, including those purchased and held in treasury.

Combined view of customer lending and customer deposits

 | 2023$m | 2022$m
Loans and advances to customers | 938,535 | 923,561
– of which: HSBC Innovation BankLimited (formerly SVB UK) | 7,955 | 
Loans and advances to customers ofdisposal groups reported in 'Assets heldfor sale' | 73,285 | 80,576
banking business in Canada | 56,129 | 55,19725,029350
– retail banking operations in France | 16,902254 | 
- other
Non-current assets held for sale | 92 | 112
Combined customer lending | 1,011,912 | 1,004,249
Currency translation | | 20,454
Combined customer lending atconstant currency | 1,011,912 | 1,024,703
Customer accounts | 1,611,647 | 1,570,303
– of which: HSBC Innovation BankLimited (formerly SVB UK) | 6,019 | -
Customer accounts reported in 'Liabilitiesof disposal groups held for sale' | 85,950 | 85,274
banking business in Canada | 63,001 | 60,60",hsbc,filename,HSBC-2023-core-financials.pdf,Income statement commentary > Five-year summary consolidated balance sheet - Part 3/3,HSBC Holdings plc — 2023 Annual Report — Income statement commentary > Five-year summary consolidated balance sheet - Part 3/3
HSBC-2023-core-financials-part-14::s1,HSBC-2023-core-financials-part-14,138,"HSBC Holdings plc — 2023 Annual Report — Income statement commentary > Five-year summary consolidated balance sheet - Part 3/3
7 | 1,570,303
– of which: HSBC Innovation BankLimited (formerly SVB UK) | 6,019 | -
Customer accounts reported in 'Liabilitiesof disposal groups held for sale' | 85,950 | 85,274
banking business in Canada | 63,001 | 60,60622,3482,320
- retail banking operations in France | | 22,307642
- other | 
Combined customer deposits | 1,697,597 | 1,655,577
Currency translation | | 30,773
Combined customer deposits atconstant currency | 1,697,597 | 1,686,350",hsbc,filename,HSBC-2023-core-financials.pdf,Income statement commentary > Five-year summary consolidated balance sheet - Part 3/3,HSBC Holdings plc — 2023 Annual Report — Income statement commentary > Five-year summary consolidated balance sheet - Part 3/3
HSBC-2023-core-financials-part-15,HSBC-2023-core-financials-part-15,113,"HSBC Holdings plc — 2023 Annual Report — Income statement commentary > Balance sheet commentary compared with 31 December 2022
At 31 December 2023, total assets of \$3.0tn were \$89bn or 3% higher on a reported basis and increased by \$31bn or 1% on a constant currency basis.

Reported loans and advances to customers as a percentage of customer accounts was 58.2% compared with 58.8% at 31 December 2022. The movement in this ratio reflected a higher growth in customer accounts than in lending.",hsbc,filename,HSBC-2023-core-financials.pdf,Income statement commentary > Balance sheet commentary compared with 31 December 2022,HSBC Holdings plc — 2023 Annual Report — Income statement commentary > Balance sheet commentary compared with 31 December 2022
HSBC-2023-core-financials-part-16::s0,HSBC-2023-core-financials-part-16,480,"HSBC Holdings plc — 2023 Annual Report — Income statement commentary > Assets - Part 1/2
Cash and balances at central banks decreased by \$41bn or 13% which included a \$13bn favourable impact of foreign currency translation differences. The decrease was mainly in HSBC UK, reflecting a reduction in customer accounts and repurchase agreements, as well as an increase in the deployment of our cash surplus into financial investments. Cash fell in HSBC Bank plc as our European branches managed liquidity requirements and due to the completion of the sale of our retail banking operations in France. Cash also decreased in the UK as we deployed our commercial surplus into reverse repurchase agreements and financial investments.

Trading assets increased by \$71bn or 33%, mainly as we captured increased client activity in equity and debt securities, particularly in Hong Kong and HSBC Bank plc. The increase in trading assets also reflected the use of surplus liquidity to fund trading activities given the subdued demand for customer lending.

Derivative assets decreased by \$54bn or 19%, mainly in Europe, reflecting adverse revaluation movements on interest rate contracts due to a stabilisation and downward shift in long-term yield curve rates in most major markets. Foreign exchange contracts also fell, primarily in HSBC Bank plc, as a result of reduced volatility in foreign exchange rate movements in 2023. The decrease in derivative assets was consistent with the decrease in derivative liabilities, as the underlying risk is broadly matched.

Loans and advances to customers of \$939bn increased by \$15bn or 2% on a reported basis. This included a favourable impact of foreign currency translation differences of \$18bn.

On a constant currency basis, loans and advances to customers fell by \$3bn, reflecting the following movements.

In WPB, customer lending increased by \$21bn, reflecting growth in mortgage balances, notably in our main legal entities in Hong Kong (up \$6bn), the UK (up \$5bn), Mexico (up \$1bn) and Australia (up \$1bn). There was an increase of \$7.8bn in secured lending in our main entity in Europe following the reclassification of a portfolio of home loans previously classified as assets held for sale, relating to the sale of our retail banking operations in",hsbc,filename,HSBC-2023-core-financials.pdf,Income statement commentary > Assets - Part 1/2,HSBC Holdings plc — 2023 Annual Report — Income statement commentary > Assets - Part 1/2
HSBC-2023-core-financials-part-16::s1,HSBC-2023-core-financials-part-16,435,"HSBC Holdings plc — 2023 Annual Report — Income statement commentary > Assets - Part 1/2
\$1bn) and Australia (up \$1bn). There was an increase of \$7.8bn in secured lending in our main entity in Europe following the reclassification of a portfolio of home loans previously classified as assets held for sale, relating to the sale of our retail banking operations in France. The increase also included growth of \$3bn in credit card balances, mainly in our entities in Hong Kong, the UK and Mexico. These increases were partly offset by reductions due to business divestments in Oman and New Zealand.

In GBM, lending fell by \$16bn due to a reduction in term lending, primarily in our main legal entities in Hong Kong, including a reduction in the commercial real estate sector, and in Europe, reflecting muted client demand. Lending also fell by \$1bn due to the merger of our operations in Oman with Sohar International. In addition there was a transfer of GBM customers to CMB in Australia and Indonesia, resulting in a \$3bn reduction.

In CMB, customer lending was \$7bn lower, mainly in our main legal entities in Hong Kong, including in the commercial real estate sector, and in the US, as well as in HSBC Bank plc, reflecting weaker client demand in a higher interest rate environment. Lending also fell by \$1bn due to the sale of our business in Oman. In HSBC UK, lending grew by \$4bn, as an increase from the acquisition of SVB UK of \$8bn partly mitigated reductions from clients repaying their facilities. The transfer of customers to CMB from GBM in Australia and Indonesia, referred to above, led to an increase of \$3bn.

Financial investments increased by\$78bn or 21 %, mainly in Asia and Europe from the purchase of debt securities, treasury and other eligible bills, as we redeployed our commercial surplus to benefit from higher yield curves and enhance our hedging activities on net interest income. The increase was across both debt instruments held at fair value through other comprehensive income and instruments held at amortised cost.",hsbc,filename,HSBC-2023-core-financials.pdf,Income statement commentary > Assets - Part 1/2,HSBC Holdings plc — 2023 Annual Report — Income statement commentary > Assets - Part 1/2
HSBC-2023-core-financials-part-17,HSBC-2023-core-financials-part-17,120,"HSBC Holdings plc — 2023 Annual Report — Income statement commentary > Assets - Part 2/2
Assets held for sale of \$114bn primarily comprised the assets relating to the sale of our retail banking operations in France and the planned sale of our banking business in Canada. This balance was broadly stable compared with 2022, as a decrease of \$8bn relating to the transfer to loans and advances to customers of a portfolio of secured home loans in France was largely offset by a transfer of cash into assets held for sale, related to the completion of the sale of our retail banking operations there.",hsbc,filename,HSBC-2023-core-financials.pdf,Income statement commentary > Assets - Part 2/2,HSBC Holdings plc — 2023 Annual Report — Income statement commentary > Assets - Part 2/2
HSBC-2023-core-financials-part-18::s0,HSBC-2023-core-financials-part-18,480,"HSBC Holdings plc — 2023 Annual Report — Income statement commentary > [Equity, Liabilities]
## Liabilities
Customer accounts of \$1.6tn increased by \$41bn or 3% on a reported basis. This included a favourable impact of foreign currency translation differences of \$28bn.

On a constant currency basis, customer accounts increased by \$13bn, reflecting the following movements.

In WPB, customer accounts grew by \$12bn, reflecting higher interestbearing term and money market deposit balances, as interest rates rose, primarily in our main legal entity in Asia, notably Hong Kong (up \$10bn, or 3%), Singapore (up \$5bn, or 15%), Australia (up \$3bn, or 19%), mainland China (up \$3bn, or 19%) and Taiwan up (\$2bn, or 34%). However, customer accounts fell by \$14bn in HSBC UK, reflecting cost of living and competitive pressures. There was also a reduction due to the sale of our business in Oman.

In CMB, customer accounts increased by \$3bn. The growth included an increase of \$6bn related to our acquisition of SVB UK, as well as increases in our entities in Asia, excluding Hong Kong, and in continental Europe, mainly in term and money market deposits. In addition, a transfer of customers from GBM to CMB in Australia and Indonesia resulted in a rise of \$4bn. These increases mitigated

reductions in our main entities in Hong Kong and the UK and a reduction of \$2bn due to the sale of our business in Oman.

In GBM, customer accounts were marginally lower, falling \$2bn. Balances fell in Hong Kong and the UK, although there was growth in continental Europe and Singapore. Balances fell by \$1bn following the sale of our business in Oman, and by \$4bn due to the transfer of customers from GBM to CMB in Australia and Indonesia.

Repurchase agreements – non-trading increased by \$44bn or 35%, notably in HSBC Bank plc, reflecting higher client demand, and in our main entity in Asia due to a higher requirement for short-term funding.

Derivative liabilities decreased",hsbc,filename,HSBC-2023-core-financials.pdf,"Income statement commentary > [Equity, Liabilities]","HSBC Holdings plc — 2023 Annual Report — Income statement commentary > [Equity, Liabilities]"
HSBC-2023-core-financials-part-18::s1,HSBC-2023-core-financials-part-18,400,"HSBC Holdings plc — 2023 Annual Report — Income statement commentary > [Equity, Liabilities]
customers from GBM to CMB in Australia and Indonesia.

Repurchase agreements – non-trading increased by \$44bn or 35%, notably in HSBC Bank plc, reflecting higher client demand, and in our main entity in Asia due to a higher requirement for short-term funding.

Derivative liabilities decreased by \$51bn or 18%, which is consistent with the reduction in derivative assets, since the underlying risk is broadly matched.

Debt securities in issue increased by \$16bn or 20%, due to a net increase in debt issuances.

Liabilities of disposal groups held for sale of \$108bn primarily comprised the liabilities relating to the sale of our retail banking operations in France and the planned sale of our banking business in Canada.

## Equity
Total shareholders' equity, including non-controlling interests, increased by \$7bn or 4% compared with 31 December 2022.

Shareholders' equity was increased by profits generated of \$25bn and net gains through other comprehensive income ('OCI') of \$5bn. These increases were partly offset by the impact of dividends paid of \$12bn, the redemption of perpetual subordinated contingent convertible capital securities of \$4bn and the impact of our \$7bn share buy-back activities in 2023.

The net gains through OCl of \$5bn included favourable movements of \$3bn on financial instruments designated as hold-to-collect-and-sell, which are held as hedges to our exposure to interest rate movements. The favourable movement was a result of the fall in longterm market yield curves in 2023. The net gain also included a favourable movement on cash flow hedges of \$3bn and from the effects of hyperinflation of \$2bn. These gains were partly offset by fair value losses on liabilities related to changes in own credit risk of \$1bn, as well as other smaller losses.",hsbc,filename,HSBC-2023-core-financials.pdf,"Income statement commentary > [Equity, Liabilities]","HSBC Holdings plc — 2023 Annual Report — Income statement commentary > [Equity, Liabilities]"
HSBC-2023-core-financials-part-19,HSBC-2023-core-financials-part-19,360,"HSBC Holdings plc — 2023 Annual Report — Income statement commentary > Financial investments
As part of our interest rate hedging strategy, we hold a portfolio of debt instruments, reported within financial investments, which are classified as hold-to-collect-and-sell. As a result, the change in value of these instruments is recognised through 'debt instruments at fair value through other comprehensive income' in equity.

At 31 December 2023, we recognised a pre-tax cumulative unrealised loss reserve through other comprehensive income of \$3.9bn related to these hold-to-collect-and-sell positions. This reflected a \$2.6bn pretax gain in 2023, inclusive of movements on related fair value hedges. The gain in 2023 included a reduction in unrealised losses due to the disposal of securities as part of repositioning actions taken in this portfolio of \$1.0bn. Overall, the Group is positively exposed to rising interest rates through net interest income, although there is an adverse impact on our capital base in the early stages of a rising interest rate environment due to the fair value of hold-to collect-andsell instruments.

Over time, these adverse movements will unwind as the instruments reach maturity, although not all will necessarily be held to maturity.

We also hold a portfolio of financial investments measured at amortised cost, which are classified as hold-to-collect. At 31 December 2023, there was a cumulative unrealised loss of \$1.7bn, although the unrealised loss is not reflected on our balance sheet. This included \$1.0bn that related to debt instruments held to manage our interest rate exposure, representing a \$0.8bn improvement during 2023.",hsbc,filename,HSBC-2023-core-financials.pdf,Income statement commentary > Financial investments,HSBC Holdings plc — 2023 Annual Report — Income statement commentary > Financial investments
HSBC-2023-core-financials-part-20::s0,HSBC-2023-core-financials-part-20,480,"HSBC Holdings plc — 2023 Annual Report — Income statement commentary > Risk-weighted assets - Part 1/5
Risk-weighted assets ('RWAs') totalled \$854.1bn at 31 December 2023, a \$14.4bn increase since 2022, including foreign currency translation differences of \$2.0bn. This was mainly due to:

– a \$26.2bn increase in asset size, which was mostly attributed to WPB lending growth and a rise in operational risk RWAs, offset by reduced lending in CMB and GBM;

– a \$6.2bn increase from acquisitions, mainly from SVB UK, partly offset by a disposal of our Oman business; and

– a \$19.9bn decrease in RWAs due to changes in methodology and policy.

Customer accounts by country/territory

 | 2023 | 20221
$m | $m
Hong Kong | 543,504 | 542,543
UK | 508,181 | 493,028
US | 99,607 | 100,404
Singapore | 73,547 | 61,475
Mainland China | 56,006 | 56,948
France1 | 42,666 | 33,726
Australia | 32,071 | 28,506
Germany | 30,641 | 28,949
Mexico | 29,423 | 25,531
UAE | 24,882 | 23,331
India | 24,377 | 22,636
Taiwan | 16,949 | 15,316
Malaysia | 15,983 | 16,008
Switzerland | 8,047 | 5,167
Egypt | 5,858 | 6,045
Indonesia | 5,599 | 5,840
Türkiye | 3,510 3,497
Other2 | 90,796 | 101,353
At 31 Dec | 1,611,647 | 1,570,303

1 From 1 January 2023, we adopted IFRS 17 'Insurance Contracts', which replaced IFRS 4 'Insurance Contracts'. We have restated 2022 comparative data.

2 At 31 December 2023, customer accounts of \$86bn (2022: \$85bn) met the criteria to be classified as held for sale and are reported within 'Liabilities",hsbc,filename,HSBC-2023-core-financials.pdf,Income statement commentary > Risk-weighted assets - Part 1/5,HSBC Holdings plc — 2023 Annual Report — Income statement commentary > Risk-weighted assets - Part 1/5
HSBC-2023-core-financials-part-20::s1,HSBC-2023-core-financials-part-20,146,"HSBC Holdings plc — 2023 Annual Report — Income statement commentary > Risk-weighted assets - Part 1/5
'Insurance Contracts', which replaced IFRS 4 'Insurance Contracts'. We have restated 2022 comparative data.

2 At 31 December 2023, customer accounts of \$86bn (2022: \$85bn) met the criteria to be classified as held for sale and are reported within 'Liabilities of disposal groups held for sale' on the balance sheet, of which \$63bn (2022: \$61bn) and \$22bn (2022: \$22bn) belongs to the planned sale of the banking business in Canada and sale of our retail banking operations in France, respectively. Refer to Note 23 on page 401 for further details.

Loans and advances, deposits by currency",hsbc,filename,HSBC-2023-core-financials.pdf,Income statement commentary > Risk-weighted assets - Part 1/5,HSBC Holdings plc — 2023 Annual Report — Income statement commentary > Risk-weighted assets - Part 1/5
HSBC-2023-core-financials-part-21::s0,HSBC-2023-core-financials-part-21,480,"HSBC Holdings plc — 2023 Annual Report — Income statement commentary > Risk-weighted assets - Part 2/5
$m | At
31 Dec 2023
USD | GBP | HKD | EUR | CNY | Others1 | Total
Loans and advances to banks | 33,231 | 15,632 | 7,106 | 4,688 | 8,772 | 43,473 | 112,902
Loans and advances to customers | 170,274 | 284,261 | 213,079 | 68,655 | 49,594 | 152,672 | 938,535
Total loans and advances | 203,505 | 299,893 | 220,185 | 73,343 | 58,366 | 196,145 | 1,051,437
Deposits by banks | 28,744 | 18,231 | 2,597 | 6,997 | 4,517 | 12,077 | 73,163
Customer accounts | 441,967 | 423,725 | 305,520 | 128,444 | 63,535 | 248,456 | 1,611,647
Total deposits | 470,711 | 441,956 | 308,117 | 135,441 | 68,052 | 260,533 | 1,684,810

Loans and advances to banks | 34,495 | 12,292 | 5,188 | 6,328 | 7,833 | 38,339 | 104,475
Loans and advances to customers | 182,719 | 265,988 | 221,150 | 57,077 | 49,036 | 147,591 | 923,561
Total loans and advances | 217,214 | 278,280 | 226,338 | 63,405 | 56,869 | 185,930 | 1,028,036
Deposits by banks | 23,133 | 16,963 | 4,002 | 8,830 | 4,707 | 9,087 | 66,722
Customer accounts | 430,866 | 422,087 | 312,052 | 112,399 | 63,032 | 229,867 | 1,570,303
Total deposits | 453,999 | 439,050 | 316,05",hsbc,filename,HSBC-2023-core-financials.pdf,Income statement commentary > Risk-weighted assets - Part 2/5,HSBC Holdings plc — 2023 Annual Report — Income statement commentary > Risk-weighted assets - Part 2/5
HSBC-2023-core-financials-part-21::s1,HSBC-2023-core-financials-part-21,340,"HSBC Holdings plc — 2023 Annual Report — Income statement commentary > Risk-weighted assets - Part 2/5
| 9,087 | 66,722
Customer accounts | 430,866 | 422,087 | 312,052 | 112,399 | 63,032 | 229,867 | 1,570,303
Total deposits | 453,999 | 439,050 | 316,054 | 121,229 | 67,739 | 238,954 | 1,637,025

1 'Others' includes items with no currency information available of \$1,592m for loans to banks (2022: \$1,112m), \$1,904m for loans to customers (2022: \$2,112m), \$11m for deposits by banks (2022: \$13m) and \$8m for customer accounts (2022: \$6m).

2 From 1 January 2023, we adopted IFRS 17 'Insurance Contracts', which replaced IFRS 4 'Insurance Contracts'. Comparative data have been restated accordingly.

RWAs by currency

 | At
31 Dec 2023
$m | USD | GBP | HKD | EUR | CNY | Others | Total
RWAs1 | 202,697 | 155,231 135,701 | 69,996 | | 57,907 | 232,582 | 854,114
 | 
RWAs1 | 223,657 | 143,474 | 152,804 | 31 Dec 2022 60,843 | 49,867 | 209,075 | 839,720

1 RWAs includes credit risk, market risk and operational risk RWAs.",hsbc,filename,HSBC-2023-core-financials.pdf,Income statement commentary > Risk-weighted assets - Part 2/5,HSBC Holdings plc — 2023 Annual Report — Income statement commentary > Risk-weighted assets - Part 2/5
HSBC-2023-core-financials-part-22,HSBC-2023-core-financials-part-22,457,"HSBC Holdings plc — 2023 Annual Report — Income statement commentary > Risk-weighted assets - Part 3/5
Consolidated statement of comprehensive income for the year ended 31 December 2023

 | 2023 | 20221 2021
$m | $m $m
Profit for the year | 24,559 | 16,249 14,693
Other comprehensive income/(expense) | | 
Items that will be reclassified subsequently to profit or loss when specific conditions are met: | | 
Debt instruments at fair value through other comprehensive income | 2,599 | (7,232) (2,139)
fair value gains/(losses) | 2,381 | (9,618) | (2,270)
fair value losses/(gains) transferred to the income statement on disposal | 905 | (18) | (464)
expected credit (recoveries)/losses recognised in the income statement | 59 | 56 | (49)
income taxes | (746) | 2,348 | 644
Cash flow hedges | 2,953 | (3,655) | (664)
fair value gains/(losses) | 2,534 | (4,207) | 595
fair value (gains)/losses reclassified to the income statement | 1,463 | (758) | (1,514)
income taxes | (1,044) | 1,310 | 255
Share of other comprehensive income/(expense) of associates and joint ventures | 47 | (367) | 103
share for the year | 47 | (367) | 103
Net finance income/(expenses) from insurance contracts | (364) | 1,775 | 
before income taxes | (491) | 2,393 | 
income taxes | 127 | (618) | 
Exchange differences | (204) | (9,918) | (2,393)
Items that will not be reclassified subseguently to profit or loss: | | | 
Fair value gains on property revaluation | 1 | 280 | 
Remeasurement of defined benefit liability | (314) | (1,031) | (274)
before income taxes | (413)",hsbc,filename,HSBC-2023-core-financials.pdf,Income statement commentary > Risk-weighted assets - Part 3/5,HSBC Holdings plc — 2023 Annual Report — Income statement commentary > Risk-weighted assets - Part 3/5
HSBC-2023-core-financials-part-23,HSBC-2023-core-financials-part-23,321,"HSBC Holdings plc — 2023 Annual Report — Income statement commentary > Risk-weighted assets - Part 4/5
(1,723) | (107)
income taxes | 99 | 692 | (167)
Changes in fair value of financial liabilities designated at fair value upon initial recognition arising from changes inown credit risk | (1,219) | 1,922 | 531
before income taxes | (1,617) | 2,573 | 512
income taxes | 398 | (651) | 19
Equity instruments designated at fair value through other comprehensive income | (120) | 107 | (446)
fair value gains/(losses) | (120) | 107 | (443)(3)
income taxes | 
Effects of hyperinflation | 1,604 | 877 | 315
Other comprehensive income/(expense) for the year, net of tax | 4,983 | (17,242) | (4,967)
Total comprehensive income/(expense) for the year | 29,542 | (993) | 9,726
Attributable to: | | 
ordinary shareholders of the parent company | 27,397 | (2,810) | 7,765
preference shareholders of the parent company | | | 7
other equity holders | 1,101 | 1,213 1,303
non-controlling interests | 1,044 | 604 651
Total comprehensive income/(expense) for the year | 29,542 | (993) | 9,726",hsbc,filename,HSBC-2023-core-financials.pdf,Income statement commentary > Risk-weighted assets - Part 4/5,HSBC Holdings plc — 2023 Annual Report — Income statement commentary > Risk-weighted assets - Part 4/5
HSBC-2023-core-financials-part-24,HSBC-2023-core-financials-part-24,85,"HSBC Holdings plc — 2023 Annual Report — Income statement commentary > Risk-weighted assets - Part 5/5
1 From 1 January 2023, we adopted IFRS 17 'Insurance Contracts', which replaced IFRS 4 'Insurance Contracts'. Comparative data for the financial year ended 31 December 2022 have been restated accordingly. Comparative data for the year ended 31 December 2021 are prepared on an IFRS 4 basis.",hsbc,filename,HSBC-2023-core-financials.pdf,Income statement commentary > Risk-weighted assets - Part 5/5,HSBC Holdings plc — 2023 Annual Report — Income statement commentary > Risk-weighted assets - Part 5/5
HSBC-2023-core-financials-part-25::s0,HSBC-2023-core-financials-part-25,480,"HSBC Holdings plc — 2023 Annual Report — Income statement commentary > Consolidated balance sheet at 31 December 2023 - Part 1/3
| At 31 Dec 31 Dec
 | 2022 | 1 Jan 2022
Notes* | 2023 $m | 
Assets | $m | $m
Cash and balances at central banks | 285,868 | 327,002 | 403,018
Items in the course of collection from other banks | 6,342 | 7,297 | 4,136
Hong Kong Government certificates of indebtedness | 42,024 | 43,787 | 42,578
Trading assets | | 289,159 | 218,093 | 248,842
Financial assets designated and otherwise mandatorily measured at fair value through profit or loss | 11 | | 100,101 | 
Derivatives | 14 | 110,643 229,714 | 284,159 | 110,795 196,882
Loans and advances to banks | 15 | 112,902 | 104,475 | 82,567
Loans and advances to customers | | 938,535 | 923,561 | 1,044,534
Reverse repurchase agreements – non-trading | | 252,217 | 253,754 | 241,648
Financial investments | 16 | 442,763 | 364,726 | 392,005
Assets held for sale | | | 115,919 | 
Prepayments, accrued income and other assets | 23 | 114,134 | 156,149 | 3,411
Current tax assets | 22 | 165,255 | | 136,196
Interests in associates and joint ventures | | 1,536 | 1,230 | 970
Goodwill and intangible assets | 18 | 27,344 | 29,254 | 29,609
Deferred tax assets | 21 | 12,487 | 11,419 | 11,169
Total assets | 7 | 7,754 | 8,360 | 5,432
Liabilities | | 3,038,677 | 2,949,286 | 2,953,792
Hong Kong currency notes in circulation | | | | 
Deposits by banks | | 42,024 | 43,787 | 42,578
Customer accounts | | 73,163 | 66,722",hsbc,filename,HSBC-2023-core-financials.pdf,Income statement commentary > Consolidated balance sheet at 31 December 2023 - Part 1/3,HSBC Holdings plc — 2023 Annual Report — Income statement commentary > Consolidated balance sheet at 31 December 2023 - Part 1/3
HSBC-2023-core-financials-part-25::s1,HSBC-2023-core-financials-part-25,394,"HSBC Holdings plc — 2023 Annual Report — Income statement commentary > Consolidated balance sheet at 31 December 2023 - Part 1/3
| 3,038,677 | 2,949,286 | 2,953,792
Hong Kong currency notes in circulation | | | | 
Deposits by banks | | 42,024 | 43,787 | 42,578
Customer accounts | | 73,163 | 66,722 | 101,152
Repurchase agreements – non-trading | | 1,611,647 | 1,570,303 | 1,710,574
Items in the course of transmission to other banks | | 172,100 | 127,747 | 126,670
Trading liabilities | | 7,295 | 7,864 | 5,214
Financial liabilities designated at fair value | 24 | 73,150 | 72,353 | 84,904
Derivatives | 25 | 141,426 | 127,321 | 145,503
Debt securities in issue | 15 | 234,772 | 285,762 | 191,064
Liabilities of disposal groups held for sale | 26 | 93,917 | 78,149 | 78,557
Accruals, deferred income and other liabilities | 23 | 108,406 | 114,597 | 9,005
Current tax liabilities | 27 | 136,606 | 134,313 | 115,900
Insurance contract liabilities | | 2,777 | 1,135 | 699
Provisions | 4 | 120,851 | 108,816 | 119,307
Deferred tax liabilities | 28 | 1,741 | 1,958 | 2,566
Subordinated liabilities | 7 | 1,238 | 972 | 3,294
Total liabilities | 29 | 24,954 | 22,290 | 20,487
Equity | | 2,846,067 | 2,764,089 | 2,757,474
Called up share capital | |",hsbc,filename,HSBC-2023-core-financials.pdf,Income statement commentary > Consolidated balance sheet at 31 December 2023 - Part 1/3,HSBC Holdings plc — 2023 Annual Report — Income statement commentary > Consolidated balance sheet at 31 December 2023 - Part 1/3
HSBC-2023-core-financials-part-26,HSBC-2023-core-financials-part-26,201,"HSBC Holdings plc — 2023 Annual Report — Income statement commentary > Consolidated balance sheet at 31 December 2023 - Part 2/3
| 
Share premium account | 33 | 9,631 | 10,147 | 10,316
Other equity instruments | 33 | 14,738 | 14,664 | 14,602
 | | 17,719 | 19,746 | 22,414
Other reserves | | (8,907) | (9,133) | 6,447
Retained earnings | | 152,148 | 142,409 | 135,236
Total shareholders' equity | | 185,329 | 177,833 | 189,015
Non-controlling interests | 19 | 7,281 | 7,364 | 7,303
Total equity | | 192,610 | 185,197 | 196,318
Total liabilities and equity | | 3,038,677 | 2,949,286 | 2,953,792",hsbc,filename,HSBC-2023-core-financials.pdf,Income statement commentary > Consolidated balance sheet at 31 December 2023 - Part 2/3,HSBC Holdings plc — 2023 Annual Report — Income statement commentary > Consolidated balance sheet at 31 December 2023 - Part 2/3
HSBC-2023-core-financials-part-27,HSBC-2023-core-financials-part-27,190,"HSBC Holdings plc — 2023 Annual Report — Income statement commentary > Consolidated balance sheet at 31 December 2023 - Part 3/3
1 From 1 January 2023, we adopted IFRS 17 'Insurance Contracts', which replaced IFRS 4 'Insurance Contracts'. We have restated 2022 comparative data and the IFRS 17 transition impact on the balance sheet at 1 January 2022.

For Notes on the financial statements, see page 341.

The accompanying notes on pages 341 to 434 and the audited sections in the Risk review on pages 135 to 237 (including 'Measurement uncertainty and sensitivity analysis of ECL estimates' on pages 156 to 168, and 'Directors' remuneration report' on pages 279 to 305 form an integral part of these financial statements.

These financial statements were approved by the Board of Directors on 21 February 2024 and signed on its behalf by:

Mark E Tucker

Group Chairman

Georges Elhedery

Group Chief Financial Officer",hsbc,filename,HSBC-2023-core-financials.pdf,Income statement commentary > Consolidated balance sheet at 31 December 2023 - Part 3/3,HSBC Holdings plc — 2023 Annual Report — Income statement commentary > Consolidated balance sheet at 31 December 2023 - Part 3/3
lbg-2023-core-financials-part-1::s0,lbg-2023-core-financials-part-1,480,"Lloyds Banking Group plc — 2023 Annual Report — Income statement – underlying basis^, Key balance sheet metrics, Summary of Group results
## Income statement – underlying basis^

 | 2023 £m | 2022 £m | Change %
Underlying net interest income | 13,765 | 13,172 | 5
Underlying other income | 5,123 | 4,666 | 10
Operating lease depreciation | (956) | (373) | 
Net income | 17,932 | 17,465 | 3
Operating costs | (9,140) | (8,672) | (5)
Remediation | (675) | (255) | 
Total costs | (9,815) | (8,927) | (10)
Underlying profit before impairment | 8,117 | 8,538 | (5)
Underlying impairment charge | (308) | (1,510) | 80
Underlying profit | 7,809 | 7,028 | 11
Restructuring | (154) | (80) | (93)
Volatility and other items | (152) | (2,166) | 93
Statutory profit before tax | 7,503 | 4,782 | 57
Tax expense | (1,985) | (859) | 
Statutory profit after tax | 5,518 | 3,923 | 41
 | | | 
Earnings per share' | 7.6p | 4.9p | 2.7p
Dividends per share – ordinary | 2.76p | 2.40p | 15
Share buyback value | £2.0bn | £2.0bn | 
 | | | 
Banking net interest margin^ | 3.11% | 2.94% | 17bp
Average interest-earning banking assets^ | £453.3bn | £452.0bn | 
Cost:income ratio^l | 54.7% | 51.1% | 3.6pp
Asset quality ratioA | 0.07% | 0.32% | (25)bp
Return on tangible equity^l | 15.8% | 9.8% | 6.0pp

A See page 67.
1 2022 comparatives have been restated to reflect the impact of IFRS 17. See note 1 on page 218.

## Key balance sheet metric",lloyds,filename,lbg-2023-core-financials.pdf,"Income statement – underlying basis^, Key balance sheet metrics, Summary of Group results","Lloyds Banking Group plc — 2023 Annual Report — Income statement – underlying basis^, Key balance sheet metrics, Summary of Group results"
lbg-2023-core-financials-part-1::s1,lbg-2023-core-financials-part-1,437,"Lloyds Banking Group plc — 2023 Annual Report — Income statement – underlying basis^, Key balance sheet metrics, Summary of Group results
32% | (25)bp
Return on tangible equity^l | 15.8% | 9.8% | 6.0pp

A See page 67.
1 2022 comparatives have been restated to reflect the impact of IFRS 17. See note 1 on page 218.

## Key balance sheet metrics

 | At 31 Dec 2023 | At 31 Dec | Change
Loans and advances to customers | £449.7bn | 2022 £454.9bn | % (1)
Customer deposits | £471.4bn | | (1)
Loan to deposit ratio^ | | £475.3bn | 
CET1 ratio | 95% | 96% | (1)pp
Pro forma CETI ratio^] | 14.6% | 15.1% | (0.5)pp
UK leverage ratio | 13.7% | 14.1% | (0.4)pp
Risk-weighted assets | 5.8% | 5.6% | 0.2pp
Wholesale funding | £219.1bn | £210.9bn | 4
Liquidity coverage ratio[2] | £98.7bn | £100.3bn | (2)
Net stable funding ratio[3] | 142% | 144% | (2)pp
 | 130% | 130% | 
Tangible net assets per share44 | 50.8p | 46.5p | 4.3p

31 December 2022 and 31 December 2023 reflect both the full impact of the share buybacks announced in respect of 2022 and 2023 and the ordinary dividends received from the Insurance business in February 2023 and February 2024 respectively, but exclude the impact of the phased unwind of IFRS 9 relief on 1 January 2023 and 1 January 2024 respectively.
2 The liquidity coverage ratio is calculated as a monthly rolling simple average over the previous 12 months.
3 Net stable funding ratio is based on an average of the four previous quarters.
4 2022 comparativěs have been restated to refect the impact of IFRS 17. See note 1 on page 218.

## Summary of Group results",lloyds,filename,lbg-2023-core-financials.pdf,"Income statement – underlying basis^, Key balance sheet metrics, Summary of Group results","Lloyds Banking Group plc — 2023 Annual Report — Income statement – underlying basis^, Key balance sheet metrics, Summary of Group results"
lbg-2023-core-financials-part-2::s0,lbg-2023-core-financials-part-2,480,"Lloyds Banking Group plc — 2023 Annual Report — Statutory results - Part 1/2
The Group's statutory profit before tax for 2023 was £7,503 million, with the increase on the prior year materially driven by the restatement of earnings for the IFRS 17 accounting change in 2022. In addition, 2023 has benefited from higher net income and a significantly lower impairment charge, partly offset by increased operating expenses as expected. Statutory profit after tax was £5,518 million.

The Group's statutory income statement includes income and expenses attributable to the policyholders of the Group's long-term assurance funds, investors in the Group's non-participating investment contracts and third party interests in consolidated funds. These items materially offset in arriving at profit before tax but can, depending on market movements, lead to significant variances on a statutory basis between total income and net finance income in respect of insurance and investment contracts from one period to the next. In 2023, due to market conditions, the Group recognised net gains on policyholder investments within total income, which were materially offset by the corresponding net finance expense in respect of insurance and investment contracts.

Total income, after net finance income in respect of insurance and investment contracts for the year was £l8,629 million, an increase of 20 per cent on 2022, largely reflecting an exceptional charge in the prior year under IFRS 17 from contract modifications in Insurance, Pensions and Investments. Net interest income of £i3,298 million was up 3 per cent on the prior year, driven by stronger margins and higher average interest-earning assets, including growth in the open mortgage book, Retail unsecured and European retail business. Other income amounted to a gain of £22,107 million in 2023, compared to a loss of £18,268 million in 2022. Net finance income in respect of insurance and investment contracts was a loss of £16,776 million in the year compared to a gain of £20,887 million in 2022, reflecting improved equity and debt markets.

The Group maintained its focus on cost management, whilst increasing strategic investment as planned. Total operating expenses of £i0,823 million were 17 per cent higher than in the prior year. This reflects higher planned strategic investment, severance charges, new business costs and inflationary",lloyds,filename,lbg-2023-core-financials.pdf,Statutory results - Part 1/2,Lloyds Banking Group plc — 2023 Annual Report — Statutory results - Part 1/2
lbg-2023-core-financials-part-2::s1,lbg-2023-core-financials-part-2,301,"Lloyds Banking Group plc — 2023 Annual Report — Statutory results - Part 1/2
2, reflecting improved equity and debt markets.

The Group maintained its focus on cost management, whilst increasing strategic investment as planned. Total operating expenses of £i0,823 million were 17 per cent higher than in the prior year. This reflects higher planned strategic investment, severance charges, new business costs and inflationary effects. In 2023 the Group recognised remediation costs of £675 million (2022: £255 million) relating to pre-existing programmes and a provision for the potential impact of the recently announced FCA review into historical motor finance commission arrangements. The higher operating lease depreciation charge reflected the declines in used car prices (notably in the fourth quarter), impacting portfolio valuations and gains on disposals, the depreciation cost of higher value vehicles and the Tusker acquisition in the first quarter and its subsequent growth.

Impairment was a net charge of £303 million in 2023 (2022: £l,522 million). The decrease includes a significant write-back following the full repayment of debt from a single name client, in addition to a credit from modest revisions to the Group's economic outlook compared to the deterioration in the economic outlook captured last year.

The Group recognised a tax expense of £l,985 million in the year, compared to £859 million in 2022, reflecting increased profits. The prior year included a £222 million benefit in relation to tax deductibility of provisions made in 2021.",lloyds,filename,lbg-2023-core-financials.pdf,Statutory results - Part 1/2,Lloyds Banking Group plc — 2023 Annual Report — Statutory results - Part 1/2
lbg-2023-core-financials-part-3::s0,lbg-2023-core-financials-part-3,480,"Lloyds Banking Group plc — 2023 Annual Report — Statutory results - Part 2/2
Loans and advances to customers fell by £5.2 billion during 2023 to £449.7 billion, in the context of securitisations of £5.2 billion, including £2.5 billion of legacy Retail mortgages (£2.1 billion in the closed mortgage book) during the first quarter and £2.7 billion of Retail unsecured loans in the fourth quarter. Excluding these movements, loans and advances to customers were stable. During the fourth quarter, loans and advances to customers reduced by £2.4 billion, mainly due to the impact of the securitisation of £2.7 billion of Retail unsecured loans.

Customer deposits at £471.4 billion decreased by £3.9 billion (1 per cent) since the end of 2022. This includes a decrease in Retail current account balances of £ll.3 billion as a result of higher spend and a more competitive savings market, including the Group's own savings offers. In Retail savings and Wealth, balances have increased by a combined £8.9 billion, with a significant proportion transferred from the Group's current account customer base given attractive customer offers. Commercial Banking deposits were down £l.0 billion during 2023, reflecting targeted growth in Corporate and Institutional Banking offset by a reduction in Small and Medium Businesses. The trend of customer deposit mix change within the Group was slower in the fourth quarter versus the third quarter.

Total equity of £47,365 million at 31 December 2023 increased from £43,91l million at 31 December 2022. The movement reflected attributable profit for the year, movements in the cash flow hedge reserve and the issuance of other equity instruments, partially offset by market movements impacting pensions, alongside dividends paid and the impact of the share buyback programme. In February 2023, the Board decided to return surplus capital in respect of 2022 through a share buyback programme of up to £2 billion. This commenced in February 2023 and completed on 25 August 2023 with c.4.4 billion (c.7 per cent) ordinary shares repurchased.

Summary balance sheet

The results below are prepared in accordance with the recognition and measurement principles of International Financial Reporting Standards (IFRS). The underlying results are shown on page 48. A",lloyds,filename,lbg-2023-core-financials.pdf,Statutory results - Part 2/2,Lloyds Banking Group plc — 2023 Annual Report — Statutory results - Part 2/2
lbg-2023-core-financials-part-3::s1,lbg-2023-core-financials-part-3,77,"Lloyds Banking Group plc — 2023 Annual Report — Statutory results - Part 2/2
and completed on 25 August 2023 with c.4.4 billion (c.7 per cent) ordinary shares repurchased.

Summary balance sheet

The results below are prepared in accordance with the recognition and measurement principles of International Financial Reporting Standards (IFRS). The underlying results are shown on page 48. A reconciliation between the statutory and underlying results is shown on page 68.",lloyds,filename,lbg-2023-core-financials.pdf,Statutory results - Part 2/2,Lloyds Banking Group plc — 2023 Annual Report — Statutory results - Part 2/2
lbg-2023-core-financials-part-4::s0,lbg-2023-core-financials-part-4,480,"Lloyds Banking Group plc — 2023 Annual Report — Summary income statement
## Summary income statement

 | 2023 £m | 2022 £m | Change %
Net interest income | 13,298 | 12,922 | 3
Other income | 22,107 | (18,268) | 
Total income | 35,405 | (5,346) | 
Net finance (expense) income in respect of insurance and investment contracts | (16,776) | 20,887 | 
Total income, after net finance (expense) income in respect of insurance and investment contracts | 18,629 | 15,541 | 20
Operating expenses | (10,823) | (9,237) | 17
Impairment | (303) | (1,522) | 80
Profit before tax | 7,503 | 4,782 | 57
Tax expense | (1,985) | (859) | 
Profit for the year | 5,518 | 3,923 | 41
 | | | 
Profit attributable to ordinary shareholders | 4,933 | 3,389 | 46
Profit attributable to other equity holders | 527 | 438 | 20
Profit attributable to non-controlling interests | 58 | 96 | (40)
Profit for the year | 5,518 | 3,923 | 41
 | | | 
Ordinary shares in issue (weighted average – basic) | 64,953m | 68,847m | (6)
Basic earnings per share | 7.6p | 4.9p | 2.7p

1 Restated for presentational changes and for the adoption of IFRS 17; see notes 1 (page 218) and 54 (page 329).

 | At 31 Dec 2023 | At 31 Dec 20221 | Change
Assets | £m | £m | %
Cash and balances at central banks | 78,110 | 91,388 | (15)
Financial assets at fair value through profit or loss | 203,318 | 180,769 | 12
Derivative financial instruments | 22,356 | 24,753 | (10)
Financial assets at amortised cost | 514,635 | 520,322 | (1)
Financial assets at fair value through other comprehensive income | 27,592 | 23,154 | 19
Other assets |",lloyds,filename,lbg-2023-core-financials.pdf,Summary income statement,Lloyds Banking Group plc — 2023 Annual Report — Summary income statement
lbg-2023-core-financials-part-4::s1,lbg-2023-core-financials-part-4,356,"Lloyds Banking Group plc — 2023 Annual Report — Summary income statement
769 | 12
Derivative financial instruments | 22,356 | 24,753 | (10)
Financial assets at amortised cost | 514,635 | 520,322 | (1)
Financial assets at fair value through other comprehensive income | 27,592 | 23,154 | 19
Other assets | | | 
Total assets | 35,442 | 33,008 | 7
Liabilities | 881,453 | 873,394 | 1
Deposits from banks | | | 
Customer deposits | 6,153 | 7,266 | (15)
Repurchase agreements at amortised cost | 471,396 37,703 | 475,331 | (1)
Financial liabilities at fair value through profit or loss | | 48,596 | (22) 40
Derivative financial instruments | 24,914 | 17,755 | 
Debt securities in issue at amortised cost | 20,149 | 24,042 | (16)
Liabilities arising from insurance and participating investment contracts | 75,592 | 73,819 | 2
Liabilities arising from non-participating investment contracts | 120,123 44,978 | 110,278 | 9
Other liabilities | | 39,476 | 14
Subordinated liabilities | 22,827 | 22,190 | 3
Total liabilities | 10,253 | 10,730 | (4)
 | 834,088 | 829,483 | 1
Total equity Total equity and liabilities | 47,365 881,453 | 43,911 873,394 | 8 1

1 Restated for presentational changes and for the adoption of IFRS 17; see notes 1 (page 218) and 54 (page 329).",lloyds,filename,lbg-2023-core-financials.pdf,Summary income statement,Lloyds Banking Group plc — 2023 Annual Report — Summary income statement
lbg-2023-core-financials-part-5::s0,lbg-2023-core-financials-part-5,480,"Lloyds Banking Group plc — 2023 Annual Report — Underlying results^ - Part 1/2
The Group's underlying profit for 2023 was £7,809 million, an increase of 1l per cent compared to £7,028 million in the prior year. Growth in net income and a lower underlying impairment charge was partly offset by expected higher operating costs and remediation. Underlying profit in the fourth quarter was down 14 per cent compared to the third quarter, with the impairment credit more than offset by lower underlying net interest income, higher operating lease depreciation and higher total costs, impacted by the bank levy, severance charges and remediation.

Net income
 | 2023 £m | 2022 £m | Change %
Underlying net interest income | 13,765 | 13,172 | 5
Underlying other income' | 5,123 | 4,666 | 10
Operating lease depreciation[2] | (956) | (373) | 
Net income^,1 | 17,932 | 17,465 | 3
 | | | 
Banking net interest margin^ | 3.11% | 2.94% | 17bp
Average interest-earning banking assets^ | £453.3bn | £452.0bn | 

1 2022 comparatives have been restated to reflect the impact of IFRS 17. See note 1 on page 218.
2 Net of profits on disposal of operating lease assets of £93 million (2022: £197 million).

Net income of £l7,932 million was up 3 per cent on the prior year, with higher net interest income and underlying other income, partially offset by an increased charge for operating lease depreciation. Net interest income in the year of £l3,765 million was up 5 per cent, driven by a stronger banking net interest margin of 3.1l per cent (2022: 2.94 per cent), in line with guidance and higher average interestearning banking assets. The net interest margin benefited from UK Bank Rate increases and higher structural hedge earnings from the rising rate environment, partly offset by expected headwinds due to deposit mix effects and asset margin compression, particularly in the mortgage book. Average interest-earning banking assets at £453.3 billion modestly increased compared to 2022 although slightly lower than",lloyds,filename,lbg-2023-core-financials.pdf,Underlying results^ - Part 1/2,Lloyds Banking Group plc — 2023 Annual Report — Underlying results^ - Part 1/2
lbg-2023-core-financials-part-5::s1,lbg-2023-core-financials-part-5,293,"Lloyds Banking Group plc — 2023 Annual Report — Underlying results^ - Part 1/2
benefited from UK Bank Rate increases and higher structural hedge earnings from the rising rate environment, partly offset by expected headwinds due to deposit mix effects and asset margin compression, particularly in the mortgage book. Average interest-earning banking assets at £453.3 billion modestly increased compared to 2022 although slightly lower than the fourth quarter of 2022 as expected. The increase in average interest earning assets in the year was due to the open mortgage book, Retail unsecured and the European retail business, offset by closed mortgage book run-off and continued repayments of government-backed lending in the Small and Medium Businesses portfolio. Net interest income in 2023 included non-banking interest expense of £3ll million (2022: £lll million), which continues to increase as a result of higher funding costs and growth in the Group's non-banking businesses.

Net interest income in the fourth quarter of £3,317 million was lower than the third quarter, with a lower net interest margin of 2.98 per cent (three months to 30 September 2023: 3.08 per cent) from mortgage pricing and deposit mix headwinds, including in Small and Medium Businesses, partly mitigated by the structural hedge and a modest reduction in average interest earning assets. The Group expects the banking net interest margin for 2024 to be greater than 290 basis points with average interest-earning assets over 2024 expected to be greater than £450 billion.",lloyds,filename,lbg-2023-core-financials.pdf,Underlying results^ - Part 1/2,Lloyds Banking Group plc — 2023 Annual Report — Underlying results^ - Part 1/2
lbg-2023-core-financials-part-6::s0,lbg-2023-core-financials-part-6,480,"Lloyds Banking Group plc — 2023 Annual Report — Underlying results^ - Part 2/2
The Group manages the risk to earnings and capital from movements in interest rates by hedging the net liabilities which are stable or less sensitive to movements in rates. The notional balance of the sterling structural hedge was £247 billion (31 December 2022: £255 billion, 30 September 2023: £251 billion) with a weighted average duration of approximately three-and-a-half years (31 December 2022: approximately three-and-a-half years), representing a modest notional balance reduction in the second half of the year, consistent with guidance. The Group expects a further modest reduction in the notional balance during 2024, stabilising over the course of the year. The Group generated £3.4 billion of total income from sterling structural hedge balances in 2023, representing material growth over the prior year (2022: £2.6 billion). The Group expects sterling structural hedge earnings in 2024 to be c.£0.7 billion higher than in 2023.

Underlying other income in 2023 of £5,123 million was 10 per cent higher compared to £4,666 million in 2022. This was driven by growth across Retail, Commercial Banking and Insurance, Pensions and Investments. Underlying other income was broadly stable in the fourth quarter versus the third, with consistent business unit performance and some impact from severe weather event claims in the Insurance business

Retail underlying other income was up 25 per cent on 2022, due to higher current account and credit card activity, improved Lex performance and growth from the acquisition of Tusker. Within Commercial Banking 8 per cent growth in the year reflected improved performance in capital markets financing and trading. Insurance, Pensions and Investments underlying other income was 26 per cent higher than the prior year driven by business growth, favourable market returns and the accounting unwind benefit of adding a drawdown feature in 2022 to existing longstanding and workplace pension business. In Equity Investments and Central Items underlying other income was impacted mainly by higher funding costs on structured medium term notes in issue (offset by interest income earned on the placement of the funds raised) and to a limited extent by subdued exit markets affecting the Group's equity investment businesses.

The Group delivered good organic growth in Insurance, Pensions and Investments and Wealth (reported within Retail) assets under",lloyds,filename,lbg-2023-core-financials.pdf,Underlying results^ - Part 2/2,Lloyds Banking Group plc — 2023 Annual Report — Underlying results^ - Part 2/2
lbg-2023-core-financials-part-6::s1,lbg-2023-core-financials-part-6,247,"Lloyds Banking Group plc — 2023 Annual Report — Underlying results^ - Part 2/2
by higher funding costs on structured medium term notes in issue (offset by interest income earned on the placement of the funds raised) and to a limited extent by subdued exit markets affecting the Group's equity investment businesses.

The Group delivered good organic growth in Insurance, Pensions and Investments and Wealth (reported within Retail) assets under administration (AuA), with combined £5.4 billion net new money in open book AuA over the year. In total, open book AuA now stand at c £179 billion.

Operating lease depreciation of £956 million increased compared to the prior year (2022: £373 million). This reflects the declines in used car prices (notably in the fourth quarter), impacting portfolio valuations and gains on disposals, the depreciation cost of higher value vehicles and the Tusker acquisition in the first quarter and its subsequent growth. The £371 million charge in the quarter is elevated due to a sharp reduction in used car prices and updated residual value provisions. Before the provision increase the charge would have been c.£270 million in the fourth quarter, from which modest further increases are expected in 2024 as this charge nears normalisation and growth continues.",lloyds,filename,lbg-2023-core-financials.pdf,Underlying results^ - Part 2/2,Lloyds Banking Group plc — 2023 Annual Report — Underlying results^ - Part 2/2
lbg-2023-core-financials-part-7::s0,lbg-2023-core-financials-part-7,480,"Lloyds Banking Group plc — 2023 Annual Report — Summary of Group results continued
# Summary of Group results continued

Total costsA
 | 2023 £m | 2022 £m | Change %
Operating costsAl | 9,140 | 8,672 | (5)
Remediation | 675 | 255 | 
Total costs^,1 | 9,815 | 8,927 | (10)
 | | | 
Cost:income ratio^l | 54.7% | 51.1% | 3.6pp

1 2022 comparatives have been restated to reflect the impact of IFRS 17. See note 1 on page 218.

Total costs, including remediation, of £9,815 million were 10 per cent higher than in the prior year. Operating costs were in line with guidance at £9,140 million, up 5 per cent, with higher planned strategic investment, severance charges, new business costs and inflationary impacts, partially mitigated by continued cost efficiency. Operating costs were higher in the fourth quarter than in the third impacted by the bank levy as well as severance charges. The Group's cost:income ratio, including remediation, for the year was 54.7 per cent, compared to 51.1 per cent in the prior year. Operating costs are expected to be c.£9.3 billion in 2024, reflecting severance charges and slightly higher than expected inflation. This does not include a potential cost increase of around £0.1 billion, driven by a sector wide change to the way in which the Bank of England charges for supervisory costs. If enacted, this will result in an equivalent, offsetting net interest income gain and have a net neutral profit impact.

The Group recognised remediation costs of £675 million in the year (2022: £255 million), with £541 million in the fourth quarter, in relation to pre-existing programmes and the potential impact of the recently announced FCA review into historical motor finance commission arrangements. There have been no further charges relating to HBOs Reading and the provision held continues to reflect the Group's best estimate of its full liability, albeit uncertainties remain.

The Group has recognised a charge of £450 million for costs and potential redress in light of the Financial Conduct Authority (FCA) section 166 review of historical motor finance commission arrangements",lloyds,filename,lbg-2023-core-financials.pdf,Summary of Group results continued,Lloyds Banking Group plc — 2023 Annual Report — Summary of Group results continued
lbg-2023-core-financials-part-7::s1,lbg-2023-core-financials-part-7,273,"Lloyds Banking Group plc — 2023 Annual Report — Summary of Group results continued
to HBOs Reading and the provision held continues to reflect the Group's best estimate of its full liability, albeit uncertainties remain.

The Group has recognised a charge of £450 million for costs and potential redress in light of the Financial Conduct Authority (FCA) section 166 review of historical motor finance commission arrangements and sales across several firms announced in January 2024. The review follows the recent decisions by the Financial Ombudsman Service (FOs) in favour of the customer in relation to motor finance commission complaints. The charge includes estimates for operational and legal costs, including litigation costs, together with estimates for potential awards, based on various scenarios using a range of assumptions, including for example, commission models, commission rates, applicable time periods (between 2007 and 2021), response rates and uphold rates. Costs and awards could arise in the event that the FCA concludes there has been misconduct and customer loss that requires remediation, or from adverse litigation decisions. However, while the FCA review is progressing there is significant uncertainty as to the extent of misconduct and customer loss, if any, the nature and extent of any remediation action, if required, and its timing. The ultimate financial impact could therefore materially differ from the amount provided, both higher or lower. The Group welcomes the FCA intervention through an independent section 166 review.",lloyds,filename,lbg-2023-core-financials.pdf,Summary of Group results continued,Lloyds Banking Group plc — 2023 Annual Report — Summary of Group results continued
lbg-2023-core-financials-part-8::s0,lbg-2023-core-financials-part-8,480,"Lloyds Banking Group plc — 2023 Annual Report — Summary of Group results continued > Underlying impairment^
## Underlying impairment^

 | 2023 £m | 2022 Change £m %
Charges (credits) pre-updated MES | | 
Retail | 1,064 | 773 | (38)
Commercial Banking | (487) | 122 | 
Other | (12) | 20 | 
 | 565 | 915 | 38
Updated economic outlook | | | 
Retail | (233) | 600 | 
Commercial Banking | (24) | 395 | 
Other | | (400) | 
 | (257) 595 | 
Underlying impairment charge^ | 308 1,510 | 80
Asset quality ratio^ | 0.07% | (0.25)bp
Total expected credit loss allowance (at end of year)A | 0.32% 4,337 5,284 | 18

1 Impairment charges excluding the impact from updated economic outlook taken each quarter.

Asset quality remains strong with credit performance across portfolios relatively stable in the quarter and remaining broadly at, or favourable to pre-pandemic experience. Underlying impairment was £308 million (2022: £l,510 million), resulting in an asset quality ratio of 7 basis points. The fourth quarter impairment credit of £541 million includes the impact of a significant write-back following the full repayment of debt from a single name client. The charge for 2023 also benefits from a net £257 million multiple economic scenarios (MES) release (2022: £595 million charge), including a £l88 million release in the fourth quarter, reflecting modest revisions to the Group's economic outlook. Given this outlook and ongoing portfolio resilience, the Group now expects the asset quality ratio to be less than 30 basis points in 2024.

The pre-updated MES impairment charge was £565 million (2022: £915 million), including a net £487 million release in Commercial Banking largely driven by the significant write-back in the fourth quarter. Excluding this, the equivalent asset quality ratio for the year was 29 basis points, also in line with guidance of less than 30 basis points. Compared to the prior year, while performance has been resilient, there has been modest deterioration from a low base, primarily in legacy variable rate UK mortgage portfolios. The impairment charge also includes the impact",lloyds,filename,lbg-2023-core-financials.pdf,Summary of Group results continued > Underlying impairment^,Lloyds Banking Group plc — 2023 Annual Report — Summary of Group results continued > Underlying impairment^
lbg-2023-core-financials-part-8::s1,lbg-2023-core-financials-part-8,101,"Lloyds Banking Group plc — 2023 Annual Report — Summary of Group results continued > Underlying impairment^
asset quality ratio for the year was 29 basis points, also in line with guidance of less than 30 basis points. Compared to the prior year, while performance has been resilient, there has been modest deterioration from a low base, primarily in legacy variable rate UK mortgage portfolios. The impairment charge also includes the impact of higher discount rates reducing the value of future recoveries, as well as the expected credit loss (ECL) allowance build from Stage 1 loans rolling forward into a deteriorating economic outlook.",lloyds,filename,lbg-2023-core-financials.pdf,Summary of Group results continued > Underlying impairment^,Lloyds Banking Group plc — 2023 Annual Report — Summary of Group results continued > Underlying impairment^
lbg-2023-core-financials-part-9::s0,lbg-2023-core-financials-part-9,480,"Lloyds Banking Group plc — 2023 Annual Report — Summary of Group results continued > Balance sheet
## Balance sheet

 | At 31 Dec 2023 | At 31 Dec 2022 | Change %
Loans and advances to customers | £449.7bn | £454.9bn | (1)
Customer deposits | £471.4bn | £475.3bn | (1)
Loan to deposit ratio^ | 95% | 96% | (1)pp
Wholesale funding | £98.7bn | £100.3bn | (2)
Wholesale funding <1 year maturity | £35.1bn | £37.5bn | (6)
Of which money market funding <1 year maturity | £23.8bn | £24.8bn | (4)
Liquidity coverage ratio – eligible assets[2] | £136.0bn | £144.7bn | (6)
Liquidity coverage ratio[3] | 142% | 144% | (2)pp
Net stable funding ratio4 | 130% | 130% | 

1 Excludes balances relating to margins of £2.4 billion (31 December 2022: £2.6 billion).
2 Eligible assets are calculated as a monthly rolling simple average of month end observations over the previous 12 months post any liquidity haircuts.
3 The liquidity coverage ratio is calculated as a mõnthly rolling simple average over the previous 12 months.
4 Net stable funding ratio is based on an average of the four previous quarters.

Loans and advances to customers fell by £5.2 billion during 2023 to £449.7 billion, in the context of securitisations of £5.2 billion, including £2.5 billion of legacy Retail mortgages (£2.1 billion in the closed mortgage book) during the first quarter and £2.7 billion of Retail unsecured loans in the fourth quarter. Excluding these movements, loans and advances to customers were stable, with £4.7 billion growth across unsecured, UK Motor Finance and European retail lending, offset by a £0.7 billion reduction in the open mortgage book, a £l.8 billion reduction in the closed mortgage book and a £4.7 billion reduction in Small and Medium Businesses, principally from repayment of government-backed lending. During the fourth quarter, loans and advances to customers reduced by £2",lloyds,filename,lbg-2023-core-financials.pdf,Summary of Group results continued > Balance sheet,Lloyds Banking Group plc — 2023 Annual Report — Summary of Group results continued > Balance sheet
lbg-2023-core-financials-part-9::s1,lbg-2023-core-financials-part-9,421,"Lloyds Banking Group plc — 2023 Annual Report — Summary of Group results continued > Balance sheet
offset by a £0.7 billion reduction in the open mortgage book, a £l.8 billion reduction in the closed mortgage book and a £4.7 billion reduction in Small and Medium Businesses, principally from repayment of government-backed lending. During the fourth quarter, loans and advances to customers reduced by £2.4 billion, mainly due to the impact of the securitisation of £2.7 billion of Retail unsecured loans. Securitisation activity is conducted to manage risk on the balance sheet and to offset regulatory capital pressures, where market opportunities allow net present value positive transactions for the Group.

Customer deposits at £471.4 billion decreased by £3.9 billion (1 per cent) since the end of 2022. This includes a decrease in Retail current account balances of £ll.3 billion as a result of higher spend and a more competitive savings market, including the Group's own savings offers. In Retail savings and Wealth, balances have increased by a combined £8.9 billion, with a significant proportion transferred from the Group's current account customer base given attractive customer offers. Commercial Banking deposits were down £l.0 billion during 2023, reflecting targeted growth in Corporate and Institutional Banking offset by a reduction in Small and Medium Businesses The trend of customer deposit mix change within the Group was slower in the fourth quarter versus the third quarter.

The Group has a large, high quality liquid asset portfolio held mainly in cash and government bonds, with all assets hedged for interest rate risk. The Group's liquid assets continue to significantly exceed regulatory requirements and internal risk appetite, with a stable and strong liquidity coverage ratio of 142 per cent (31 December 2022: 144 per cent) and a strong net stable funding ratio of 130 per cent (31 December 2022: 130 per cent). The loan to deposit ratio of 95 per cent, broadly stable on 2022, continues to reflect a robust funding and liquidity position and offers the potential for lending growth. The Group's funding and liquidity position is further discussed on page 180.",lloyds,filename,lbg-2023-core-financials.pdf,Summary of Group results continued > Balance sheet,Lloyds Banking Group plc — 2023 Annual Report — Summary of Group results continued > Balance sheet
lbg-2023-core-financials-part-10::s0,lbg-2023-core-financials-part-10,480,"Lloyds Banking Group plc — 2023 Annual Report — Summary of Group results continued > Capital - Part 1/2
At 31 Dec 2023 | At 31 Dec 2022 | Change %
CET1 ratio 14.6% | 15.1% | (0.5)pp
Pro forma CETI ratio^] | 13.7% 14.1% | (0.4)pp
UK leverage ratio | 5.8% 5.6% | 0.2pp
Risk-weighted assets £219.1bn | £210.9bn | 4
Capital generation
Pro forma CET1 ratio as at 31 December 2022 | | 14.1%
Banking build (including impairment charge) (bps) | | 237
Insurance dividend (bps) | | 12
Risk-weighted assets (bps) | | (25)
Fixed pension deficit contributions (bps) | | (30)
Other movements (bps)[2] | | 29
Capital generation (bps)
Retail secured CRD IV model updates and phased unwind of IFRS 9 transitional relief (bps) | | 223
Capital generation (post CRD IV and transitional headwinds) (bps) | | (50) 173
Tusker acquisition (bps) | | (21)
Ordinary dividend (bps) | | (86)
Share buyback accrual (bps) | | (98)
Variable pension contributions (bps)[3] | | (9)
Pro forma CET1 ratio as at 31 December 20231

1 31 December 2022 and 31 December 2023 reflect both the full impact of the share buybacks announced in respect of 2022 and 2023 and the ordinary dividends received from the Insurance business in February 2023 and February 2024 respectively, but exclude the impact of the phased unwind of IFRS 9 relief on 1 January 2023 and 1 January 2024 respectively.

2 Includes share-based payments and market volatility.

3 Residual aggregate deficit of £250 million, paid by the Group in December 2023.

The Group's pro forma CET1 capital ratio at 31 December 2023 was 13.7 per cent (31 December 2022: 14.1 per cent pro forma). Capital generation before regulatory headwinds during the year was 223 basis points, reflecting strong",lloyds,filename,lbg-2023-core-financials.pdf,Summary of Group results continued > Capital - Part 1/2,Lloyds Banking Group plc — 2023 Annual Report — Summary of Group results continued > Capital - Part 1/2
lbg-2023-core-financials-part-10::s1,lbg-2023-core-financials-part-10,367,"Lloyds Banking Group plc — 2023 Annual Report — Summary of Group results continued > Capital - Part 1/2
by the Group in December 2023.

The Group's pro forma CET1 capital ratio at 31 December 2023 was 13.7 per cent (31 December 2022: 14.1 per cent pro forma). Capital generation before regulatory headwinds during the year was 223 basis points, reflecting strong banking build, the £250 million dividend received from the Insurance business and other movements. These impacts were partially offset by risk-weighted asset increases (before CRD IV model updates within Retail secured and net of optimisation) and the full year payment (£800 million) of fixed pension deficit contributions made to the Group's three main defined benefit pension schemes. Regulatory headwinds of 50 basis points largely reflect a £5 billion risk-weighted assets adjustment for part of the impact of Retail secured CRD IV model updates. They also reflect the end of IFRS 9 static transitional relief and the reduction in the transitional factor applied to IFRS 9 dynamic relief. Capital generation after the impact of these regulatory headwinds was 173 basis points. This benefited by just under 30 basis points from an impairment credit driven by a significant write-back in the fourth quarter which was materially offset by around 15 basis points in relation to the £450 million charge arising from the potential impact of the FCA review of historical motor finance commission arrangements.

The impact of the interim ordinary dividend paid in September 2023 and the accrual for the recommended final ordinary dividend equated to 86 basis points, with a further 98 basis points utilised to cover the accrual for the announced ordinary share buyback programme and 9 basis points for variable pension contributions reflecting the payment to address the £250 million residual aggregate deficit in the fourth quarter. The acquisition of Tusker utilised 21 basis points of capital.",lloyds,filename,lbg-2023-core-financials.pdf,Summary of Group results continued > Capital - Part 1/2,Lloyds Banking Group plc — 2023 Annual Report — Summary of Group results continued > Capital - Part 1/2
lbg-2023-core-financials-part-11::s0,lbg-2023-core-financials-part-11,480,"Lloyds Banking Group plc — 2023 Annual Report — Summary of Group results continued > Capital - Part 2/2
Excluding the Insurance dividend received in February 2024 and the full impact of the announced ordinary share buyback programme, the Group's CET1 capital ratio at 31 December 2023 was 14.6 per cent (31 December 2022: 15.1 per cent).

The Group expects capital generation in 2024 to be c.175 basis points after taking further expected in-year regulatory headwinds and reaffirms guidance for capital generation in 2026 of greater than 200 basis points.

Risk-weighted assets have increased by £8.2 billion during the year to £219.1 billion at 31 December 2023 (31 December 2022: £210.9 billion). This includes the impact of Retail secured CRD IV model updates of £5 billion, of which a further £2 billion was recognised in the fourth quarter. Excluding this, lending, operational and market risk increases, a modest uplift from credit and model calibrations and other movements were partly offset by optimisation, including capital efficient securitisation activity within the balance sheet. In relation to the Retail secured CRD IV models, it is estimated that a further £5 billion increase will be required over 2024 to 2026, noting that this will be subject to final model outcomes. The Group's risk-weighted assets guidance for 2024 remains unchanged at between £220 billion and £225 billion.

The PRA provided an update to the Group's Pillar 2A CET1 capital requirement during the fourth quarter, with the requirement remaining at around 1.5 per cent of risk-weighted assets. In July 2023 the Group's countercyclical capital buffer (CCyB) rate increased to 1.8 per cent (from 0.9 per cent) in total following the increase in the UK CCyB rate to 2 per cent (from 1 per cent). As a result, the Group's regulatory CET1 capital requirement is now around 12 per cent. The Board's revised view of the ongoing level of CET1 capital required to grow the business, meet current and future regulatory requirements and cover economic and business uncertainties is now 13.0 per cent (previously 13.5 per cent). This continues to include a management buffer of",lloyds,filename,lbg-2023-core-financials.pdf,Summary of Group results continued > Capital - Part 2/2,Lloyds Banking Group plc — 2023 Annual Report — Summary of Group results continued > Capital - Part 2/2
lbg-2023-core-financials-part-11::s1,lbg-2023-core-financials-part-11,125,"Lloyds Banking Group plc — 2023 Annual Report — Summary of Group results continued > Capital - Part 2/2
now around 12 per cent. The Board's revised view of the ongoing level of CET1 capital required to grow the business, meet current and future regulatory requirements and cover economic and business uncertainties is now 13.0 per cent (previously 13.5 per cent). This continues to include a management buffer of around 1 per cent. In order to manage risks and distributions in an orderly way, the Board therefore expects to pay down to c.13.5 per cent by the end of 2024 before progressing towards paying down to the revised capital target of 13.0 per cent by the end of 2026.",lloyds,filename,lbg-2023-core-financials.pdf,Summary of Group results continued > Capital - Part 2/2,Lloyds Banking Group plc — 2023 Annual Report — Summary of Group results continued > Capital - Part 2/2
lbg-2023-core-financials-part-12,lbg-2023-core-financials-part-12,435,"Lloyds Banking Group plc — 2023 Annual Report — Summary of Group results continued > Pensions
The Group has completed the triennial valuation of its main defined benefit pension schemes as at 31 December 2022. Following a fixed contribution of £800 million in the first half of 2023, a residual aggregate deficit of £250 million was agreed with the Trustee which the Group paid in December 2023. There will be no further deficit contributions, fixed or variable, for this triennial period (to 31 December 2025).

## Dividend and share buyback
The Group has a progressive and sustainable ordinary dividend policy whilst maintaining the flexibility to return further surplus capital through buybacks or special dividends.

In February 2023, the Board decided to return surplus capital in respect of 2022 through a share buyback programme of up to £2 billion.
This commenced in February 2023 and completed on 25 August 2023 with c.4.4 billion (c.7 per cent) ordinary shares repurchased.

The Board has recommended a final ordinary dividend of 1.84 pence per share, which, together with the interim ordinary dividend of 0.92 pence per share totals 2.76 pence per share, an increase of 15 per cent compared to 2022, in line with the Board's commitment to capital returns. The Board has also announced its intention to implement an ordinary share buyback of up to £2.0 billion which will commence as soon as is practicable and is expected to be completed by 31 December 2024.

Based on the total ordinary dividend and the intended ordinary share buyback the total capital return in respect of 2023 will be up to £3.8 billion, equivalent to c.14 per cent' of the Group's market capitalisation value.

1 Market capitalisation as at 16 February 2024.

## Other financial information

## Post-tax return on average assets

 | 2023 % | 2022 %
Post-tax return on average assets | 0.63 | 0.44

1 2022 comparatives have been restated to reflect the impact of IFRS 17. See note 1 on page 218",lloyds,filename,lbg-2023-core-financials.pdf,Summary of Group results continued > Pensions,Lloyds Banking Group plc — 2023 Annual Report — Summary of Group results continued > Pensions
lbg-2023-core-financials-part-13::s0,lbg-2023-core-financials-part-13,480,"Lloyds Banking Group plc — 2023 Annual Report — Summary of Group results continued > Share buyback in respect of 2022 results
## Share buyback in respect of 2022 results
During 2023, the Group completed a £2 billion share buyback programme, in respect of 2022 results, with c.4.4 billion shares purchased at an average price of 45.59 pence per share. Through a reduction in the weighted average number of ordinary shares in issue, share buybacks have the effect of increasing earnings per share and, depending on the average price paid per share, can either increase or decrease the tangible net assets per share. The share buyback in respect of 2022 results had the effect of increasing the earnings per share by 0.3 pence and increasing the tangible net assets per share by 3.3 pence.

Risk-weighted assets

 | At 31 Dec 2023 £m | At 31 Dec 2022 £m
Foundation Internal Ratings Based (iRB) Approach | 44,504 | 46,500
Retail IRB Approach | 85,459 | 81,091
Other IRB Approach | 20,941 | 19,764
IRB Approach | 150,904 | 147,355
Standardised (STA) Approach' | 22,074 | 23,119
Credit risk | 172,978 | 170,474
Securitisation | 8,958 | 6,397
Counterparty credit risk | 5,847 | 5,911
Credit valuation adjustment risk | 689 | 621
Operational risk | 26,416 | 24,241
Market risk | 4,242 | 3,215
Risk-weighted assets | 219,130 | 210,859
Of which threshold risk-weighted assets[2] | 11,028 | 11,883

1 Threshold risk-weighted assets are included within Other IRB Approach and Standardised (sTA) Approach.

2 Threshold risk-weighted assets reflect the element of significant investments and deferred tax assets that are permitted to be risk-weighted instead of being deducted from CETl capital. Šignificant investments primarily arise from investment in the Group's Insurance business.

Risk-weighted assets have increased by £8 billion during the year to £219 billion at 31 December 2023 (31 December 2022: £211 billion). This includes the impact of Retail secured CRD",lloyds,filename,lbg-2023-core-financials.pdf,Summary of Group results continued > Share buyback in respect of 2022 results,Lloyds Banking Group plc — 2023 Annual Report — Summary of Group results continued > Share buyback in respect of 2022 results
lbg-2023-core-financials-part-13::s1,lbg-2023-core-financials-part-13,158,"Lloyds Banking Group plc — 2023 Annual Report — Summary of Group results continued > Share buyback in respect of 2022 results
being deducted from CETl capital. Šignificant investments primarily arise from investment in the Group's Insurance business.

Risk-weighted assets have increased by £8 billion during the year to £219 billion at 31 December 2023 (31 December 2022: £211 billion). This includes the impact of Retail secured CRD IV model updates of £5 billion. Excluding this, lending, operational and market risk increases, a modest uplift from credit and model calibrations and other movements were partly offset by optimisation, including capital efficient securitisation activity within the balance sheet.

In relation to the Retail secured CRD IV models, it is estimated that a further £5 billion increase will be required over 2024 to 2026, noting that this will be subject to final model outcomes.",lloyds,filename,lbg-2023-core-financials.pdf,Summary of Group results continued > Share buyback in respect of 2022 results,Lloyds Banking Group plc — 2023 Annual Report — Summary of Group results continued > Share buyback in respect of 2022 results
lbg-2023-core-financials-part-14::s0,lbg-2023-core-financials-part-14,480,"Lloyds Banking Group plc — 2023 Annual Report — Summary of Group results continued > Consolidated income statement - Part 1/5
Note | 2023 £m | 202212 £m | 20212 £m
Interest income | 28,051 | 17,645 | 13,258
Interest expense | (14,753) | (4,723) | (2,386)
Net interest income | 13,298 | 12,922 | 10,872
Fee and commission income | 5 2,926 | 2,790 | 2,608
Fee and commission expense | (1,095) | (1,070) | (1,185)
Net fee and commission income | 6 1,831 | 1,720 | 1,423
Net trading income (losses) | 7 18,049 | (19,987) | 17,200
Insurance premium income | 8 | | 8,283
Insurance revenue | 9 3,008 | 2,461 | 
Insurance service expense | 10 (2,414) | (3,863) | 
Net income from reinsurance contracts held | | 2 | 62
Insurance service result | 596 | | (1,340)
Other operating income | 11 1,631 | 1,339 | 1,172
Other income | 22,107 | | (18,268) 28,078
Total income | 35,405 | (5,346) | 38,950
Insurance claims and changes in insurance and investment contract liabilities | 12 | | (21,120)
Net finance (expense) income from insurance, participating investment and reinsurance contracts 13 | (11,684) | 15,893 | 
Movement in third party interests in consolidated funds | (1,109) | 1,035 | (1,506)
Change in non-participating investment contracts | (3,983) | 3,959 | 
Total income, after net finance (expense) income in respect of insurance and | | | 
investment contracts | 18,629 | 15,541 | 16,324
Operating expenses Impairment (charge) credit | 14 (10,823) | (9,237) | (10,800)
Profit before tax | 18 (303) | (1,522) | 1,378",lloyds,filename,lbg-2023-core-financials.pdf,Summary of Group results continued > Consolidated income statement - Part 1/5,Lloyds Banking Group plc — 2023 Annual Report — Summary of Group results continued > Consolidated income statement - Part 1/5
lbg-2023-core-financials-part-14::s1,lbg-2023-core-financials-part-14,304,"Lloyds Banking Group plc — 2023 Annual Report — Summary of Group results continued > Consolidated income statement - Part 1/5
| 
investment contracts | 18,629 | 15,541 | 16,324
Operating expenses Impairment (charge) credit | 14 (10,823) | (9,237) | (10,800)
Profit before tax | 18 (303) | (1,522) | 1,378
 | 7,503 | 4,782 | 6,902
19 Tax expense | (1,985) | (859) | (1,017)
Profit for the year | 5,518 | 3,923 | 5,885
 | | | 
Profit attributable to ordinary shareholders | 4,933 | 3,389 | 5,355
Profit attributable to other equity holders | 527 | 438 | 429
Profit attributable to equity holders | 5,460 | 3,827 | 5,784
Profit attributable to non-controlling interests | 58 | 96 | 101
Profit for the year | 5,518 | 3,923 | 5,885
 | | | 
Basic earnings per share 41 | | | 
 | 7.6p | 4.9p | 7.5p
41 | 7.5p | 4.9p | 7.5p

1 Restated for the adoption of IFRS 17; see notes 1 and 54.

2 Restated for presentational changes; see note 1.

The accompanying notes are an integral part of the consolidated financial statements.",lloyds,filename,lbg-2023-core-financials.pdf,Summary of Group results continued > Consolidated income statement - Part 1/5,Lloyds Banking Group plc — 2023 Annual Report — Summary of Group results continued > Consolidated income statement - Part 1/5
lbg-2023-core-financials-part-15::s0,lbg-2023-core-financials-part-15,480,"Lloyds Banking Group plc — 2023 Annual Report — Summary of Group results continued > Consolidated income statement - Part 2/5
Consolidated statement of comprehensive income for the year ended 31 December

 | 2023 £m | 2022 £m | 2021 £m
Profit for the year | 5,518 | 3,923 | 5,885
Other comprehensive income | | | 
Items that will not subsequently be reclassified to profit or loss: | | | 
Post-retirement defined benefit scheme remeasurements: | | | 
Remeasurements before tax | (1,633) | (3,012) | 1,720
Tax | 428 | 860 | (658)
Movements in revaluation reserve in respect of equity shares held at fair value through other | (1,205) | (2,152) | 1,062
comprehensive income: | | | 
Change in fair value | (54) | 44 | 61
Tax | (3) | 3 | (4)
 | (57) | 47 | 57
Gains and losses attributable to own credit risk: | | | 
(Losses) gains before tax | (234) | 519 | (86)
Tax | 66 | (155) | 34
Items that may subsequently be reclassified to profit or loss: | (168) | 364 | (52)
Movements in revaluation reserve in respect of debt securities held at fair value through other | | | 
comprehensive income: | (40) | | 
Change in fair value Income statement transfers in respect of disposals | | (133) | 133
Income statement transfers in respect of impairment | (122) | (92) | 2
Tax | (2) | 6 | (2)
 | 47 | 62 | (25)
Movements in cash flow hedging reserve: | (117) | (157) | 108
Effective portion of changes in fair value taken to other comprehensive income | 545 | (6,990) | (2,279)
Net income statement transfers | | | 
 | 1,838 | 43 | (621)
Tax | (673) | 1,928 | 814
 | 1,710 | (5,019) | (2,086)
Movements in foreign currency translation reserve: | | | 
Currency translation differences (tax: £nil)",lloyds,filename,lbg-2023-core-financials.pdf,Summary of Group results continued > Consolidated income statement - Part 2/5,Lloyds Banking Group plc — 2023 Annual Report — Summary of Group results continued > Consolidated income statement - Part 2/5
lbg-2023-core-financials-part-15::s1,lbg-2023-core-financials-part-15,311,"Lloyds Banking Group plc — 2023 Annual Report — Summary of Group results continued > Consolidated income statement - Part 2/5
| 1,838 | 43 | (621)
Tax | (673) | 1,928 | 814
 | 1,710 | (5,019) | (2,086)
Movements in foreign currency translation reserve: | | | 
Currency translation differences (tax: £nil) | (53) | 116 | (39)
Transfers to income statement (tax: £nil) | ` | (31) | -
 | (53) | 85 | (39)
Total other comprehensive income (loss) for the year, net of tax | 110 | (6,832) | (950)
Total comprehensive income (loss) for the year | 5,628 | (2,909) | 4,935
 | | | 
Total comprehensive income (loss) attributable to ordinary shareholders | 5,043 | (3,443) | 4,405
Total comprehensive income attributable to other equity holders | 527 | 438 | 429
Total comprehensive income (loss) attributable to equity holders | 5,570 | (3,005) | 4,834
Total comprehensive income attributable to non-controlling interests | 58 | 96 | 101
Total comprehensive income (loss) for the year | 5,628 | (2,909) | 4,935

1 Restated for the adoption of IFRS 17; see notes 1 and 54.

The accompanying notes are an integral part of the consolidated financial statements.",lloyds,filename,lbg-2023-core-financials.pdf,Summary of Group results continued > Consolidated income statement - Part 2/5,Lloyds Banking Group plc — 2023 Annual Report — Summary of Group results continued > Consolidated income statement - Part 2/5
lbg-2023-core-financials-part-16::s0,lbg-2023-core-financials-part-16,480,"Lloyds Banking Group plc — 2023 Annual Report — Summary of Group results continued > Consolidated income statement - Part 3/5
| Note | 2023 £m | 2022 £m | 1 Jan 2022 £m
Assets | | | | 
Cash and balances at central banks | | 78,110 | 91,388 | 76,420
Financial assets at fair value through profit or loss | 21 | 203,318 | 180,769 | 206,971
Derivative financial instruments | 22 | 22,356 | 24,753 | 22,051
Loans and advances to banks | | 10,764 | 10,632 | 7,001
Loans and advances to customers | 23 | 449,745 | 454,899 | 448,567
Reverse repurchase agreements | | 38,771 | 44,865 | 54,753
Debt securities | | 15,355 | 9,926 | 6,835
Financial assets at amortised cost | | 514,635 | 520,322 | 517,156
Financial assets at fair value through other comprehensive income | 21 | 27,592 | 23,154 | 28,137
Goodwill and other intangible assets | 26 | 8,306 | 7,615 | 6,713
Current tax recoverable | | 1,183 | 612 | 363
Deferred tax assets | 19 | 5,185 | 6,422 | 3,773
Retirement benefit assets | 16 | 3,624 | 3,823 | 4,531
Other assets | 27 | 17,144 | 14,536 | 15,142
Total assets | | 881,453 | 873,394 | 881,257
Liabilities | | | | 
Deposits from banks | | 6,153 | 7,266 | 7,647
Customer deposits | | 471,396 | 475,331 | 476,344
Repurchase agreements at amortised cost | | 37,703 | 48,596 | 31,125
Financial liabilities at fair value through profit or loss | 21 | 24,914 | 17,755 | 23,123
Derivative financial instruments | 22 | 20,149 | 24,042 | 18,060
Notes in circulation Debt securities in issue at amortised",lloyds,filename,lbg-2023-core-financials.pdf,Summary of Group results continued > Consolidated income statement - Part 3/5,Lloyds Banking Group plc — 2023 Annual Report — Summary of Group results continued > Consolidated income statement - Part 3/5
lbg-2023-core-financials-part-16::s1,lbg-2023-core-financials-part-16,371,"Lloyds Banking Group plc — 2023 Annual Report — Summary of Group results continued > Consolidated income statement - Part 3/5
48,596 | 31,125
Financial liabilities at fair value through profit or loss | 21 | 24,914 | 17,755 | 23,123
Derivative financial instruments | 22 | 20,149 | 24,042 | 18,060
Notes in circulation Debt securities in issue at amortised cost | | 1,392 | 1,280 | 1,321
 | 29 | 75,592 | 73,819 | 71,552
Liabilities arising from insurance and participating investment contracts | 30 | 120,123 | 110,278 | 125,179
Liabilities arising from non-participating investment contracts | | 44,978 | 39,476 | 40,890
Other liabilities | 37 | 19,026 | 18,764 | 19,367
Retirement benefit obligations | 16 | 136 | 126 | 230
Current tax liabilities | | 39 | 8 | 6
Deferred tax liabilities | 19 | 157 | 209 | 8
Provisions | 38 | 2,077 | 1,803 | 2,080
Subordinated liabilities | 39 | 10,253 | 10,730 | 13,108
Total liabilities | | 834,088 | 829,483 | 830,040
Equity | | | | 
Share capital | 40 | 6,358 | 6,729 | 7,102
Share premium account | 42 | 18,568 | 18,504 | 18,479
Other reserves | 43 | 8,508 | 6,587 | 11,177
Retained profits | 44 | 6,790 | 6,550 | 8,318
Ordinary shareholders' equity | | 40,224 | 38,370 | 45,076
Other equity instruments | 45 | 6,940 | 5,297 | 5,90",lloyds,filename,lbg-2023-core-financials.pdf,Summary of Group results continued > Consolidated income statement - Part 3/5,Lloyds Banking Group plc — 2023 Annual Report — Summary of Group results continued > Consolidated income statement - Part 3/5
lbg-2023-core-financials-part-17,lbg-2023-core-financials-part-17,97,"Lloyds Banking Group plc — 2023 Annual Report — Summary of Group results continued > Consolidated income statement - Part 4/5
6
Total equity excluding non-controlling interests | | 47,164 | 43,667 | 50,982
Non-controlling interests | | 201 | 244 | 235
Total equity | | 47,365 | 43,911 | 51,217
Total equity and liabilities | | 881,453 | 873,394 | 881,257",lloyds,filename,lbg-2023-core-financials.pdf,Summary of Group results continued > Consolidated income statement - Part 4/5,Lloyds Banking Group plc — 2023 Annual Report — Summary of Group results continued > Consolidated income statement - Part 4/5
lbg-2023-core-financials-part-18,lbg-2023-core-financials-part-18,102,"Lloyds Banking Group plc — 2023 Annual Report — Summary of Group results continued > Consolidated income statement - Part 5/5
1 Restated for presentational changes and for the adoption of IFRS 17; see notes 1 and 54.

The accompanying notes are an integral part of the consolidated financial statements.

The directors approved the consolidated financial statements on 21 February 2024.

Rosi Buaerby

Sir Robin Budenberg Chair

Chalie Men

Charlie Nunn Group Chief Executive

Wilam Chalue

William Chalmers Chief Financial Officer",lloyds,filename,lbg-2023-core-financials.pdf,Summary of Group results continued > Consolidated income statement - Part 5/5,Lloyds Banking Group plc — 2023 Annual Report — Summary of Group results continued > Consolidated income statement - Part 5/5
nwg-2023-core-financials-part-1::s0,nwg-2023-core-financials-part-1,480,"NatWest Group plc — 2023 Annual Report — Financial Summary - Part 1/2
| Year ended or as at
2023 | 2022 | Variance
Performance key metrics and ratios | | | 
Total income | £14,752m | £13,156m | 12.1%
Notable items within total income (1) | £413m | £95m | nm
Total income excluding notable items (1) | £14,339m | £13,061m | 9.8%
Bank net interest margin (1) | 3.04% | 2.85% | 19bps
Bank average interest earning assets (1) | £363bn | £345bn | 5.2%
Cost:income ratio (excl. litigation and conduct) (1) | 51.8% | 55.5% | (3.7%)
Loan impairment rate (1) | 15bps | 9bps | 6bps
Profit attributable to ordinary shareholders Total earnings per share attributable to ordinary | £4,394m | £3,340m | 31.6%
shareholders – basic | 47.9p | 33.8p | 14.1p
Return on tangible equity (RoTE) (1) | 17.8% | 12.3% | 5.5%
Climate and sustainable funding and financing (2) | £29.3bn | £24.5bn | 19.6%
Balance sheet | | | 
Total assets | £692.7bn | £720.1bn | (3.8%)
Loans to customers – amortised cost | £381.4bn | £366.3bn | 4.1%
Loans to customers excluding central items (1,3) | £355.6bn | £346.7bn | 2.6%
Loans to customers and banks – amortised cost | | | 
FVOCI | £392.0bn | £377.1bn | 4.0%
Total impairment provisions (4) | £3.6bn | £3.4bn | 5.9%
Expected credit loss (ECL) coverage ratio | 0.93% | 0.91% | 2bps
Assets under management and administration | | | 
(AUMA) (1)",natwest,filename,nwg-2023-core-financials.pdf,Financial Summary - Part 1/2,NatWest Group plc — 2023 Annual Report — Financial Summary - Part 1/2
nwg-2023-core-financials-part-1::s1,nwg-2023-core-financials-part-1,478,"NatWest Group plc — 2023 Annual Report — Financial Summary - Part 1/2
| 4.0%
Total impairment provisions (4) | £3.6bn | £3.4bn | 5.9%
Expected credit loss (ECL) coverage ratio | 0.93% | 0.91% | 2bps
Assets under management and administration | | | 
(AUMA) (1) Customer deposits | £40.8bn | £33.4bn | 22.2%
Customer deposits excluding central items (1,3) | £431.4bn | £450.3bn | (4.2%)
 | £419.1bn | £432.9bn | (3.2%)
Liquidity and funding | | | 
Liquidity coverage ratio (LCR) | 144% | 145% | (1.0%)
Liquidity portfolio (5) | £223bn | £233bn | (4.3%)
Net stable funding ratio (NSFR) | 133% | 145% | (12.0%)
Loan:deposit ratio (excl repos and reverse repos) (1) | 84% | 79% | 5.0%
Total wholesale funding | £80bn | £74bn | 8.1%
 | | | 
Short-term wholesale funding | £28bn | £21bn | 33.3%

 | Year ended or as at
2023 | 2022 | Variance
Capital and leverage | | | 
Common Equity Tier 1 (CET1) ratio (6) | 13.4% | 14.2% | (80bps)
Total capital ratio (6) | 18.4% | 19.3% | (90bps)
Pro forma CET1 ratio (excl. forseeable items) (7) | 14.2% | 15.4% | (120bps)
Risk-weighted assets (RWAs) | £183.0bn | £176.1bn | 3.9%
UK leverage ratio | 5.0% | 5.4% | (0.4%)
Tangible net asset value (TNAV) per ordinary share (1,8) | | | 
 | 292p | 264p | 28p
Number of ordinary shares (millions) (8) | 8,792 | 9,659 | (9.0%)",natwest,filename,nwg-2023-core-financials.pdf,Financial Summary - Part 1/2,NatWest Group plc — 2023 Annual Report — Financial Summary - Part 1/2
nwg-2023-core-financials-part-2,nwg-2023-core-financials-part-2,327,"NatWest Group plc — 2023 Annual Report — Financial Summary - Part 2/2
(1) Refer to the Non-IFRS financial measures section for details of the basis of preparation and reconciliation of non-IFRS financial measures and performance metrics.
(2) NatWest Group uses its climate and sustainable funding and financing inclusion (CSFFl) criteria to determine the assets, activities and companies that are eligible to be included within its climate and sustainable funding and financing target. This includes both provision of committed (on and off-balance sheet) funding and financing, including provision of services for underwriting issuances and private placements.
(3) Central items includes Treasury repo activity and Ulster Bank Rol.
(4) Includes £0.1 billion relating to off-balance sheet exposures (31 December 2022 – £0.1 billion).
(5) Comparative periods have been re-presented on an LCR basis in line with the Liquidity portfolio definition as of 31 December 2023.
(6) Refer to the Capital, liquidity and funding risk section for details of the basis of preparation.
(7)The pro forma CET1 ratio at 31 December 2023 excludes foreseeable items of £1,538 million: £1,013 million for ordinary dividends and £525 million foreseeable items. (31 December 2022 excludes foreseeable items of £2,132 million: £967 million for ordinary dividends and £1,165 million foreseeable charges).
(8) The number of ordinary shares in issue excludes own shares held.",natwest,filename,nwg-2023-core-financials.pdf,Financial Summary - Part 2/2,NatWest Group plc — 2023 Annual Report — Financial Summary - Part 2/2
nwg-2023-core-financials-part-3,nwg-2023-core-financials-part-3,152,"NatWest Group plc — 2023 Annual Report — Group Chief Financial Officer's review
![](images/0531d8d8c1863522c189048abeb9e8dd5c2383cd1551c15044176bab939007b9.jpg)

'We have delivered a strong operating performance in 2023 with a RoTE of 17.8%. Total income excluding notable items of £14.3 billion was up by 9.8% and levels of default remain stable across our portfolio. We remain focused on cost discipline and have achieved our cost target of around £7.6 billion, with a cost:income ratio of 51.8%.'",natwest,filename,nwg-2023-core-financials.pdf,Group Chief Financial Officer's review,NatWest Group plc — 2023 Annual Report — Group Chief Financial Officer's review
nwg-2023-core-financials-part-4::s0,nwg-2023-core-financials-part-4,480,"NatWest Group plc — 2023 Annual Report — Group Chief Financial Officer's review > Financial performance - Part 1/2
Total income increased by 12.1% to £14.8 billion compared with 2022. Total income excluding notable items, was 9.8% higher than the prior year principally driven by lending growth, higher income in our markets business and favourable yield curve movements partially offset by the change in deposit mix from non-interest bearing to interest bearing and lower deposit balances. Bank NIM of 3.04%

was 19 basis points higher than 2022 primarily due to benefits from yield curve movements, net of changes in deposit mix, partially offset by lending margin pressure.

Total operating expenses were £309 million higher than 2022. Óther operating expenses were £339 million, or 4.6%, higher for the year at £7.6 billion, in line with our full year guidance. The increase was principally due to higher staff costs, including a payment to support our colleagues with cost of living challenges and inflationary pressures on utility and contract costs. FTE(1) reduced by c.300 to c.61,200 principally reflecting reductions as we continue our exit from the Republic of Ireland and automation and simplification in Retail Banking, partially offset by investment in technology and data roles.

A net impairment charge of £578 million, or 15 basis points of gross customer loans, primarily reflects continued low and stable levels of stage 3 defaults across the portfolio and good book charges related to unsecured lending. Compared with 2022, our ECL provision increased by £0.2 billion to £3.6 billion and our ECL coverage ratio has increased from 0.91% to 0.93%. We retain post model adjustments of £0.4 billion related to economic uncertainty, or 11.8% of total impairment provisions.

As a result, we are pleased to report an attributable profit for 2023 of £4.4 billion, with earnings per share of 47.9 pence and a RoTE of 17.8%, above our guided range. The profit for the year includes a deferred tax asset write back of £385 million in respect of tax losses.

Net loans to customers excluding central items increased by £8.9 billion in the year largely reflecting a £7.6 billion increase in Retail Banking and",natwest,filename,nwg-2023-core-financials.pdf,Group Chief Financial Officer's review > Financial performance - Part 1/2,NatWest Group plc — 2023 Annual Report — Group Chief Financial Officer's review > Financial performance - Part 1/2
nwg-2023-core-financials-part-4::s1,nwg-2023-core-financials-part-4,336,"NatWest Group plc — 2023 Annual Report — Group Chief Financial Officer's review > Financial performance - Part 1/2
17.8%, above our guided range. The profit for the year includes a deferred tax asset write back of £385 million in respect of tax losses.

Net loans to customers excluding central items increased by £8.9 billion in the year largely reflecting a £7.6 billion increase in Retail Banking and £2.0 billion of growth in Commercial & Institutional due to an increase in term loan facilities and private financing within Corporate & Institutions, net of £2.7 billion of UK Government scheme repayments. Retail Banking mortgage lending increased by £5.9 billion, with gross new mortgage lending of £29.8 billion in 2023 compared with £41.4 billion in 2022 reflecting the smaller mortgage market, and unsecured lending increased by £2.0 billion with continued strong customer demand. Private Banking net loans to customers decreased by £0.7 billion driven by higher repayments on mortgages. Up to 31 December 2023 we have provided £61.9 billion against our target to provide £100 billion climate and sustainable funding and financing between 1 July 2021 and the end of 2025.

(1) Full Time Equivalents of our permanent and internal fixed term resource. Each full-time employee is one FTE, with part-time employees recorded based on hours worked.

As part of this we aim to provide at least £10 billion in lending for residential properties with Energy Performance Certificate (EPC) ratings A and B between 1 January 2023 and the end of 2025. During 2023 we provided £29.3 billion climate and sustainable funding and financing, which included £3.9 billion in lending for residential properties with EPC ratings A and B.",natwest,filename,nwg-2023-core-financials.pdf,Group Chief Financial Officer's review > Financial performance - Part 1/2,NatWest Group plc — 2023 Annual Report — Group Chief Financial Officer's review > Financial performance - Part 1/2
nwg-2023-core-financials-part-5,nwg-2023-core-financials-part-5,246,"NatWest Group plc — 2023 Annual Report — Group Chief Financial Officer's review > Financial performance - Part 2/2
Customer deposits excluding central items decreased by £13.8 billion during 2023 to £419.1 billion principally reflecting the competitive environment for deposits and an overall market liquidity contraction. Despite the reduction, LDR (excl. repos and reverse repos) remains healthy at 84%. In the fourth quarter customer deposit balances reduced by £4.5 billion largely within Corporate & Institutions as a result of active management, with growth in Retail Banking and Private Banking partially offsetting. We have continued to see the mix of our book shift towards interest bearing and term balances, with non-interest bearing balances now accounting for 34% of balances and term at 16%.

TNAV per share increased by 28 pence in the year to 292 pence primarily reflecting the attributable profit for the period and an £872 million movement in cash flow hedging reserves as rate expectations lowered, partially offset by the impact of distributions. Intangible assets increased by £498 million in the year, primarily reflecting software capitalisation and the acquisition of Cushon.",natwest,filename,nwg-2023-core-financials.pdf,Group Chief Financial Officer's review > Financial performance - Part 2/2,NatWest Group plc — 2023 Annual Report — Group Chief Financial Officer's review > Financial performance - Part 2/2
nwg-2023-core-financials-part-6,nwg-2023-core-financials-part-6,241,"NatWest Group plc — 2023 Annual Report — Group Chief Financial Officer's review > Capital and leverage
The CET1 ratio remains strong at 13.4%, or 13.2% excluding IFRS 9 transitional relief. The 80 basis point reduction compared with 31 December 2022 principally reflected distributions deducted from capital of c.200 basis points, partially offset by the attributable profit. The NatWest Group's minimum requirement for own funds and eligible liabilities (MREL) ratio was 30.5%. RWAs increased by £6.9 billion during 2023 to £183.0 billion principally reflecting lending growth in Commercial & Institutional and a £3.0 billion uplift associated with CRD IV model updates, partially offset by a £4.0 billion reduction as we continue our exit from the Republic of Ireland.

## Funding and liquidity
The LCR of 144%, representing £45.4 billion headroom above 100% minimum requirement, decreased by 1 percentage point during the year, driven by growth in customer lending and reduced customer deposits offset by an increase in wholesale funding and UBIDAC asset sale.

Katie Murray Group Chief Financial Officer

## Financial summary",natwest,filename,nwg-2023-core-financials.pdf,Group Chief Financial Officer's review > Capital and leverage,NatWest Group plc — 2023 Annual Report — Group Chief Financial Officer's review > Capital and leverage
nwg-2023-core-financials-part-7::s0,nwg-2023-core-financials-part-7,480,"NatWest Group plc — 2023 Annual Report — Group Chief Financial Officer's review > Income – continuing operations - Part 1/2
| 2023 £m | 2022 £m | Variance
£m | %
Interest receivable (1) | 21,026 | 12,637 | 8,389 | 66.4%
Interest payable (1) | (9,977) | (2,795) | (7,182) | 257.0%
Net interest income | 11,049 | 9,842 | 1,207 | 12.3%
 | | | | 
Net fees and commissions Income from trading activities | 2,330 | 2,292 | 38 | 1.7%
 | 794 | 1,133 | (339) | (29.9%)
Other operating income | 579 | (111) | 690 | nm
Non-interest income | 3,703 | 3,314 | 389 | 11.7%
Total income | 14,752 | 13,156 | 1,596 | 12.1%
Total income excluding notable items | 14,339 | 13,061 | 1,278 | 9.8%

Notable items within total income
Commercial & Institutional Fair value, disposal losses and asset disposals/ strategic risk reduction Own credit adjustments (OCA) Tax interest on prior periods | (2) 3 | (45) 42
Central items & other Loss on redemption of own debt Effective interest rate adjustment as a result of redemption of own debt | | (161) (41)
Profit from insurance liabilities Liquidity Asset Bond sale losses Share of associate losses for Business Growth Fund | (43) (4) | 92 (88) (22)
Property strategy update Interest and foreign exchange management derivatves not in hedge accounting relationships Foreign exchange recycling gains | (69) 79 | 369
Ulster Bank Rol fair value mortgage adjustments Tax interest on prior periods | 484 (35) 413 | (51)

nm = not meaningful
(1) Interest receivable and interest payable on trading assets and liabilities are included in income from trading activities.

Total income increased by 12.1% to £14,752 million compared with 2022. Total Income excluding notable items was £14,339 million, or 9.8%, higher than 2022 driven",natwest,filename,nwg-2023-core-financials.pdf,Group Chief Financial Officer's review > Income – continuing operations - Part 1/2,NatWest Group plc — 2023 Annual Report — Group Chief Financial Officer's review > Income – continuing operations - Part 1/2
nwg-2023-core-financials-part-7::s1,nwg-2023-core-financials-part-7,344,"NatWest Group plc — 2023 Annual Report — Group Chief Financial Officer's review > Income – continuing operations - Part 1/2
receivable and interest payable on trading assets and liabilities are included in income from trading activities.

Total income increased by 12.1% to £14,752 million compared with 2022. Total Income excluding notable items was £14,339 million, or 9.8%, higher than 2022 driven by lending growth, higher income in our markets business and favourable yield curve movements partially offset by the change in deposit mix from non-interest bearing to interest bearing and lower deposit balances.

Bank NIM of 3.04% was 19 basis points higher than 2022 primarily due to benefits from yield curve movements, net of changes in deposit mix as customers shifted to lower margin fixed term accounts, partially offset with lending margin pressure.

Interest receivable was materially above the prior year reflecting the higher rate environment. The increase in interest payable reflects the impact of the pass-through of rate increases on interest-bearing deposit balances and the migration of balances from non-interest bearing to interest-bearing and term deposits. Net interest income was £1,207 million higher than 2022 benefitting from favourable yield curve movements partially offset by the change in deposit mix from non-interest bearing to interest bearing and lower deposit balances.

Net fees and commissions increased £38 million to £2,330 million compared with 2022, largely within Commercial & Institutional, driven by increased lending fees and card volumes coupled with higher payment services income.

Income from trading activities of £794 million decreased £339 million, or 29.9% primarily due to Treasury volatility, with a partial offset in other operating income, and hedge accounting adjustments on foreign exchange swaps which are largely offset in net interest income.",natwest,filename,nwg-2023-core-financials.pdf,Group Chief Financial Officer's review > Income – continuing operations - Part 1/2,NatWest Group plc — 2023 Annual Report — Group Chief Financial Officer's review > Income – continuing operations - Part 1/2
nwg-2023-core-financials-part-8,nwg-2023-core-financials-part-8,83,"NatWest Group plc — 2023 Annual Report — Group Chief Financial Officer's review > Income – continuing operations - Part 2/2
Other operating income was £690 million higher for the year principally reflecting movements in notable items, in particular: foreign exchange recycling gains of £484 million; £161 million loss on redemption of own debt in 2022; and lower losses on liquidity asset bond sales.",natwest,filename,nwg-2023-core-financials.pdf,Group Chief Financial Officer's review > Income – continuing operations - Part 2/2,NatWest Group plc — 2023 Annual Report — Group Chief Financial Officer's review > Income – continuing operations - Part 2/2
nwg-2023-core-financials-part-9::s0,nwg-2023-core-financials-part-9,480,"NatWest Group plc — 2023 Annual Report — Group Chief Financial Officer's review > Financial summary continued - Part 1/2
Operating expenses – continuing operations

 | 2023 £m | 2022 | Variance
£m | £m
Staff expenses | 3,839 | 3,671 | 168 | % 4.6
Premises and equipment | 1,153 | 1,112 | 41 | 3.7
Other administrative expenses | 1,715 | 1,686 | 29 | 1.7
Depreciation and amortisation | 934 | 833 | 101 | 12.1
Other operating expenses | 7,641 | 7,302 | 339 | 4.6
Litigation and conduct costs | 355 | 385 | (30) | (7.8)
Operating expenses | 7,996 | 7,687 | 309 | 4.0

Staff expenses were £168 million, or 4.6%, higher than 2022 primarily due to a 6.4% average wage increase effective in April 2023 and around a £60 million colleague cost of living payment, offset by lower costs, including redundancy expenses, within our operations in the Republic of Ireland.

Premises and equipment costs of £1,153 million were £41 million higher than 2022 primarily due to increased utilities and repairs costs driven by inflationary pressures.

Other administrative expenses increased £29 million over the year driven by inflationary pressures, increasing third party costs, offset by the reduction of operating and strategic costs as a result of the withdrawal of operations in the Republic of Ireland.

Depreciation and amortisation of £934 million was £101 million higher than 2022 due to capitalised technology spend and a property impairment in 2023.

Litigation and conduct costs of £355 million represent the net impact of a number of remediation and litigation matters concluding, including customer due diligence costs paid during the year. Refer to Note 26 to the consolidated financial statements for additional information on other litigation and conduct matters.

Tax – continuing operations

 | 2023 £m | 2022 £m
Tax charge | (1,434) | (1,275)
UK corporation tax rate | 23.5% | 19.0%
Effective tax rate | 23.2% | 24.8%

A tax charge of £1,434 million for the year ended 31 December 2023 arises rather than",natwest,filename,nwg-2023-core-financials.pdf,Group Chief Financial Officer's review > Financial summary continued - Part 1/2,NatWest Group plc — 2023 Annual Report — Group Chief Financial Officer's review > Financial summary continued - Part 1/2
nwg-2023-core-financials-part-9::s1,nwg-2023-core-financials-part-9,348,"NatWest Group plc — 2023 Annual Report — Group Chief Financial Officer's review > Financial summary continued - Part 1/2
£m
Tax charge | (1,434) | (1,275)
UK corporation tax rate | 23.5% | 19.0%
Effective tax rate | 23.2% | 24.8%

A tax charge of £1,434 million for the year ended 31 December 2023 arises rather than the expected charge of £1,452 million based on the corporation tax rate of 23.5%. The lower tax charge reflects tax credits in respect of the carrying value of loss DTAs and the foreign exchange recycling on the UBIDAC capital reduction. These factors have been partially offset by the UK banking surcharge, no tax relief for Rol tax losses, adjustments relating to prior years, and other non-deductible items. Further details can be found in Note 7 to the consolidated financial statements.

Impairments – continuing operations

 | 2023 £m | 2022 | Variance
£m | £m | %
Loans - amortised cost and FVOCI | 392,040 | 377,153 | 14,887 | 3.9
ECL provisions | 3,645 | 3,434 | 211 | 6.1
ECL provisions coverage ratio | 0.93% | 0.91% | 0.02% | 2.2
Impairment (releases)/losses | | | | 
ECL charge (1) | 578 | 337 | 241 | 71.5
Amounts written off | 319 | 482 | (163) | (33.8)

(1) The table above summarises loans and related credit impairment measured on an IFRS 9 basis. Refer to Credit Risk – Banking activities in the Risk and capital management section for further details.",natwest,filename,nwg-2023-core-financials.pdf,Group Chief Financial Officer's review > Financial summary continued - Part 1/2,NatWest Group plc — 2023 Annual Report — Group Chief Financial Officer's review > Financial summary continued - Part 1/2
nwg-2023-core-financials-part-10,nwg-2023-core-financials-part-10,137,"NatWest Group plc — 2023 Annual Report — Group Chief Financial Officer's review > Financial summary continued - Part 2/2
Compared with 2022, our ECL provision increased by £0.2 billion to £3.6 billion and our ECL coverage ratio has increased from 0.91% to 0.93%. We retain post model adjustments of £0.4 billion related to economic uncertainty, or 11.8% of total impairment provisions.

A net impairment charge of £578 million, or 15 basis points of gross customer loans, primarily reflects continued low and stable levels of stage 3 defaults across the portfolio and good book charges related to unsecured lending.",natwest,filename,nwg-2023-core-financials.pdf,Group Chief Financial Officer's review > Financial summary continued - Part 2/2,NatWest Group plc — 2023 Annual Report — Group Chief Financial Officer's review > Financial summary continued - Part 2/2
nwg-2023-core-financials-part-11,nwg-2023-core-financials-part-11,266,"NatWest Group plc — 2023 Annual Report — Group Chief Financial Officer's review > Profit for the year
| 2023 £m | 2022
£m | Variance £m | 
Operating profit before tax Tax charge | 6,178 (1,434) | 5,132 (1,275) | 1,046 (159) | 20.4 12.5
Profit from continuing operations Loss from discontinued | 4,744 | 3,857 | 887 | 23.0
operations, net of tax | (112) | (262) | 150 | (57.3)
Profit for the year | 4,632 | 3,595 | 1,037 | 28.8
Attributable to: | | | | 
Ordinary shareholders | 4,394 | 3,340 | 1,054 | 31.6
Paid-in equity holders | 242 | 249 | (7) | (2.8)
Non-controlling interests | (4) | 6 | (10) | nm

Operating profit before tax of £6,178 million is £1,046 million, or 20.4%, higher than 2022 primarily due to increased income as a result of the favourable yield curve movements partially offset with higher costs largely attributable to inflationary pressures.",natwest,filename,nwg-2023-core-financials.pdf,Group Chief Financial Officer's review > Profit for the year,NatWest Group plc — 2023 Annual Report — Group Chief Financial Officer's review > Profit for the year
nwg-2023-core-financials-part-12::s0,nwg-2023-core-financials-part-12,480,"NatWest Group plc — 2023 Annual Report — Group Chief Financial Officer's review > Financial summary continued - Part 1/2
Summary consolidated balance sheet as at 31 December 2023

 | 2023 | 2022 | Variance
£m | £m | £m | %
Assets | | | | 
Cash and balances at central banks | 104,262 | 144,832 | (40,570) | (28)
Trading assets | 45,551 | 45,577 | (26) | (0)
Derivatives | 78,904 | 99,545 | (20,641) | (21)
Settlement balances | 7,231 | 2,572 | 4,659 | 181
Loans to banks - amortised cost | 6,914 | 7,139 | (225) | (3)
Loans to customers - amortised cost | 381,433 | 366,340 | 15,093 | 4
Other financial assets | 51,102 | 30,895 | 20,207 | 65
Other assets (including intangible assets) | 16,374 | 16,292 | 82 | 1
Assets of disposal groups | 902 | 6,861 | (5,959) | (87)
Total assets | 692,673 | 720,053 | (27,380) | (4)
Liabilities | | | | 
Bank deposits | 22,190 | 20,441 | 1,749 | 9
Customer deposits | 431,377 | 450,318 | (18,941) | (4)
Settlement balances | 6,645 | 2,012 | 4,633 | 230
Trading liabilities | 53,636 | 52,808 | 828 | 2
Derivatives | 72,395 | 94,047 | (21,652) | (23)
Other financial liabilities | 55,089 | 49,107 | 5,982 | 12
Subordinated liabilities | 5,714 | 6,260 | (546) | 
Notes in circulation | 3,237 | 3,218 | 19 | (9)
Other liabilities | 5,202 | 5,346 | (144) | 1
Total liabilities | 655,485 | 683,557 | (28,",natwest,filename,nwg-2023-core-financials.pdf,Group Chief Financial Officer's review > Financial summary continued - Part 1/2,NatWest Group plc — 2023 Annual Report — Group Chief Financial Officer's review > Financial summary continued - Part 1/2
nwg-2023-core-financials-part-12::s1,nwg-2023-core-financials-part-12,418,"NatWest Group plc — 2023 Annual Report — Group Chief Financial Officer's review > Financial summary continued - Part 1/2
| 6,260 | (546) | 
Notes in circulation | 3,237 | 3,218 | 19 | (9)
Other liabilities | 5,202 | 5,346 | (144) | 1
Total liabilities | 655,485 | 683,557 | (28,072) | (3) (4)
Total equity | | | | 
 | 37,188 | 36,496 | 692 | 2
Total liabilities and equity | 692,673 | 720,053 | (27,380) | (4)
 | | | | 
Tangible net asset value per ordinary share (1) | 292p | 264p | 28p | 11%

(1) Tangible net asset value per ordinary share is tangible equity divided by the number of ordinary shares.

Total assets of £692.7 billion as at 31 December 2023 decreased by £27.4 billion, 4%, compared with 31 December 2022. This was primarily driven by decreases in cash and balances at central banks and derivative assets partially offset by an increase in other financial assets and loans to customers.

Cash and balances at central banks decreased by £40.6 billion mainly due to net business segment funding outflows of £17.3 billion and a decrease of £19.5 billion mainly driven by the acquisition of non-cash liquid assets as part of on going liquidity management.

Other financial assets increased by £20.2 billion mainly as a result of net bonds activity of £16.5 billion and an increase in Commercial & Institutional, £3.8 billion, mainly driven by an increase in held-to-collect securities purchased to support customer primary issuance.

Derivative assets decreased by £20.6 billion, 21%, to £78.9 billion and liabilities decreased by £21.7 billion, 23%, to £72.4 billion. These movements were driven by a decrease in exchange rate and interest rate trading books mainly due to matured and buyouts trades exceeding new trades.",natwest,filename,nwg-2023-core-financials.pdf,Group Chief Financial Officer's review > Financial summary continued - Part 1/2,NatWest Group plc — 2023 Annual Report — Group Chief Financial Officer's review > Financial summary continued - Part 1/2
nwg-2023-core-financials-part-13,nwg-2023-core-financials-part-13,377,"NatWest Group plc — 2023 Annual Report — Group Chief Financial Officer's review > Financial summary continued - Part 2/2
Total loans to customers increased by £15.1 billion to £381.4 billion, primarily reflecting £7.6 billion growth mainly in the Retail Banking mortgage and credit cards business and a £6.5 billion increase in Treasury mainly due to higher reverse repos.

Total loans to banks decreased by £0.2 billion, 3%, to £6.9 billion due to lower Commercial & Institutional nostro balances.

Customer deposits decreased by £18.9 billion reflecting a reduction of £9.9 billion in Commercial & Institutional and £3.5 billion reduction in Private Banking, lower business current accounts, savings and non-interest bearing deposits, and a £6.0 billion reduction as a result of the withdrawal from the Republic of Ireland. – Bank deposits increased by £1.7 billion mainly due to higher repo activity. Bank denosits increased bv f1 7 billion mainlv due to hiaher reno activity

Other financial liabilities, which includes customer deposits at fair value through profit and loss and debt securities in issue, increased by £6.0 billion, to £55.1 billion.

Subordinated liabilities have decreased by £0.5 billion, 9%, to £5.7 billion due to redemptions partially offset by new issuances.

Other liabilities decreased by £0.1 billion, 3%, to £5.2 billion mainly due to lower lease liabilities partially offset by higher financial guarantees.

Owners' equity increased by £0.7 billion, 2%, to £37.2 billion, driven by higher profit for the year of £4.8 billion offset by dividends paid of £1.5 billion and shares repurchased in the year of £2.0 billion.",natwest,filename,nwg-2023-core-financials.pdf,Group Chief Financial Officer's review > Financial summary continued - Part 2/2,NatWest Group plc — 2023 Annual Report — Group Chief Financial Officer's review > Financial summary continued - Part 2/2
nwg-2023-core-financials-part-14::s0,nwg-2023-core-financials-part-14,480,"NatWest Group plc — 2023 Annual Report — Group Chief Financial Officer's review > [Summary consolidated balance sheet, Summary consolidated income statement, Summary financial statements]
## Summary financial statements

## Summary consolidated income statement
For the year ended 31 December 2023

 | 2023 £m | 2022 £m | 2021
Net interest income | 11,049 | 9,842 | £m 7,535
Non-interest income | 3,703 | 3,314 | 2,894
Total income Operating expenses | 14,752 (7,996) | 13,156 (7,687) | 10,429 (7,758)
Profit before impairment losses Impairment losses | 6,756 (578) | 5,469 (337) | 2,671 1,173
Operating profit before tax Tax charge | 6,178 (1,434) | 5,132 (1,275) | 3,844 (996)
Profit from continuing operations (Loss)/profit from discontinued operations, net of tax | 4,744 (112) | 3,857 (262) | 2,848 464
Profit for the year | 4,632 | 3,595 | 3,312
Attributable to: | | | 
Ordinary shareholders | 4,394 | 3,340 | 2,950
Preference shareholders | | | 19
Paid-in equity holders | 242 | 249 | 299
Non-controlling interests | | | 
 | (4) | 6 | 44
 | 4,632 | 3,595 | 3,312

## Summary consolidated balance sheet
As at 31 December 2023

 | 2023 £m | 2022 £m | 2021 £m
Cash and balances at central banks | 104,262 | 144,832 | 177,757
Trading assets | 45,551 | 45,577 | 59,158
Derivatives | 78,904 | 99,545 | 106,139
Settlement balances | 7,231 | 2,572 | 2,141
Loans to banks and customers - amortised cost | 388,347 | 373,479 | 366,672
Other financial assets | 51,102 | 30,895 | 46,145
Other and intangible assets | 16,374 |",natwest,filename,nwg-2023-core-financials.pdf,"Group Chief Financial Officer's review > [Summary consolidated balance sheet, Summary consolidated income statement, Summary financial statements]","NatWest Group plc — 2023 Annual Report — Group Chief Financial Officer's review > [Summary consolidated balance sheet, Summary consolidated income statement, Summary financial statements]"
nwg-2023-core-financials-part-14::s1,nwg-2023-core-financials-part-14,314,"NatWest Group plc — 2023 Annual Report — Group Chief Financial Officer's review > [Summary consolidated balance sheet, Summary consolidated income statement, Summary financial statements]
2,572 | 2,141
Loans to banks and customers - amortised cost | 388,347 | 373,479 | 366,672
Other financial assets | 51,102 | 30,895 | 46,145
Other and intangible assets | 16,374 | 16,292 | 14,965
Assets of disposal groups | 902 | 6,861 | 9,015
Total assets | 692,673 | 720,053 | 781,992
 | | | 
Deposits | 453,567 | 470,759 | 506,089
Trading liabilities | 53,636 | 52,808 | 64,598
Settlement balances, derivatives, other financial liabilities and subordinated liabilities | | | 
Other liabilities | 139,843 | 151,426 | 160,658
Owners' equity | 5,202 | 5,346 | 5,797
Notes in circulation | 37,157 | 36,488 | 41,796
 | 3,237 | 3,218 | 3,047
Non-controlling interests | 31 | 8 | 7
Total liabilities and equity | 692,673 | 720,053 | 781,992

NatWest Group's financial statements are prepared in accordance with UK adopted International Accounting Standards (IAS), and International Financial Reporting Standards (IFRS) as issued by the International Accounting Standards Board (IASB).

Capital, liquidity and funding risk continued",natwest,filename,nwg-2023-core-financials.pdf,"Group Chief Financial Officer's review > [Summary consolidated balance sheet, Summary consolidated income statement, Summary financial statements]","NatWest Group plc — 2023 Annual Report — Group Chief Financial Officer's review > [Summary consolidated balance sheet, Summary consolidated income statement, Summary financial statements]"
nwg-2023-core-financials-part-15::s0,nwg-2023-core-financials-part-15,480,"NatWest Group plc — 2023 Annual Report — Group Chief Financial Officer's review > [Leverage ratios, Liquidity and funding ratios, Minimum requirements]
## Minimum requirements
Maximum Distributable Amount (MDA) and Minimum Capital Requirements NatWest Group is subject to minimum capital requirements relative to RWAs. The table below summarises the minimum capital requirements (the sum of Pillar 1 and Pillar 2A), and the additional capital buffers which are held in excess of the regulatory minimum requirements and are usable in stress.

Where the CET1 ratio falls below the sum of the minimum capital and the combined buffer requirement, there is a subsequent automatic restriction on the amount available to service discretionary payments (including AT1 coupons), known as the MDA. Note that different capital requirements apply to individual legal entities or sub-groups and the table shown does not reflect any incremental PRA buffer requirements, which are not disclosable.

The current capital position provides significant headroom above both our minimum requirements and our MDA threshold requirements.

Type | CET1 | Total Tier 1 | Total capital
Pillar 1 requirements | 4.5% | 6.0% | 8.0%
Pillar 2A requirements | 1.8% | 2.4% | 3.2%
Minimum Capital Requirements | 6.3% | 8.4% | 11.2%
Capital conservation buffer | 2.5% | 2.5% | 2.5%
Countercyclical capital buffer (1) | 1.7% | 1.7% | 1.7%
MDA threshold (2) | 10.5% | n/a | n/a
Overall capital requirement | 10.5% | 12.6% | 15.4%
Capital ratios at 31 December 2023 | 13.4% | 15.5% | 18.4%
Headroom (3) (4) | 2.9% | 2.9% | 3.0%

(1) The Financial Policy Committee increased the UK CCyB rate from 1% to 2% effective from 5 July 2023. The Central Bank of Ireland increased CCyB on Irish exposures from 0% to 0.5% applicable 15 June 2023 and 1% from 24 November 2023. A further increase to 1.5% will be effective 7 June 2024",natwest,filename,nwg-2023-core-financials.pdf,"Group Chief Financial Officer's review > [Leverage ratios, Liquidity and funding ratios, Minimum requirements]","NatWest Group plc — 2023 Annual Report — Group Chief Financial Officer's review > [Leverage ratios, Liquidity and funding ratios, Minimum requirements]"
nwg-2023-core-financials-part-15::s1,nwg-2023-core-financials-part-15,358,"NatWest Group plc — 2023 Annual Report — Group Chief Financial Officer's review > [Leverage ratios, Liquidity and funding ratios, Minimum requirements]
rate from 1% to 2% effective from 5 July 2023. The Central Bank of Ireland increased CCyB on Irish exposures from 0% to 0.5% applicable 15 June 2023 and 1% from 24 November 2023. A further increase to 1.5% will be effective 7 June 2024.

(2) Pillar 2A requirements for NatWest Group are set as a variable amount with the exception of some fixed add-ons.

(3) The headroom does not reflect excess distributable capital and may vary over time.

(4) Headroom as at 31 December 2022 was CET1 4.7%, Total Tier 1 4.8% and Total Capital 5.0%.

## Leverage ratios
The table below summarises the minimum ratios of capital to leverage exposure under the binding PRA UK leverage framework applicable for NatWest Group.

Type | CET1 | Total Tier 1
Minimum ratio | 2.44% | 3.25%
Countercyclical leverage ratio buffer (1) | 0.6% | 0.6%
Total | 3.04% | 3.85%

(1) The countercyclical leverage ratio buffer is set at 35% of NatWest Group's CCyB. The UK CCyB increased from 1% to 2% from 5 July 2023. Foreign exposure may be subject to different CCyB rates depending on the rates set in those jurisdictions.

## Liquidity and funding ratios
The table below summarises the minimum requirements for key liquidity and funding metrics under the PRA framework.

Type
Liquidity Coverage Ratio (LCR) | 100%
Net Stable Funding Ratio (NSFR) | 100%

Capital, liquidity and funding risk continued",natwest,filename,nwg-2023-core-financials.pdf,"Group Chief Financial Officer's review > [Leverage ratios, Liquidity and funding ratios, Minimum requirements]","NatWest Group plc — 2023 Annual Report — Group Chief Financial Officer's review > [Leverage ratios, Liquidity and funding ratios, Minimum requirements]"
nwg-2023-core-financials-part-16::s0,nwg-2023-core-financials-part-16,480,"NatWest Group plc — 2023 Annual Report — Group Chief Financial Officer's review > Measurement
## Measurement
Capital, risk-weighted assets and leverage: Key metrics

The table below sets out the key capital and leverage ratios. NatWest Group is subject to the requirements set out in the PRA Rulebook. The capital and leverage ratios are therefore being presented under these frameworks on a transitional basis.

Capital adequacy ratios (1) | 2023 % | 2022 %
CET1 | 13.4 | 14.2
Tier 1 | 15.5 | 16.4
Total | 18.4 | 19.3
 | | 
RWAs | £m | £m
Credit risk | 147,598 | 141,963
Counterparty credit risk | 7,830 | 6,723
Market risk | 7,363 | 8,300
Operational risk | 20,198 | 19,115
Total RWAs | 182,989 | 176,101
 | | 
Capital | £m | £m
CET1 | 24,440 | 24,992
Tier1 | 28,315 | 28,867
Total | 33,632 | 33,920
 | | 
Leverage ratios | £m | £m
Tier 1 capital | 28,315 | 28,867
UK leverage exposure | 562,843 | 534,613
UK leverage ratio (%) (2) | 5.0% | 5.4%
UK average Tier 1 capital (3) | 28,323 | 29,564
UK average leverage exposure (3) | 571,225 | 531,429
UK average leverage ratio (%) (3) | 5.0% | 5.6%

(1) 31 December 2023 includes the transitional arrangements for the capital impact of IFRS 9 expected credit loss (ECL) accounting and prior periods also include the transitional relief on grandfathered capital instruments. The impact of the IFRS 9 transitional adjustments at 31 December 2023 was £0.2 billion for CET1 capital, £54 million for total capital and £17 million RWAs (31 December 2022 - £0.4 billion CET1 capital, £36 million total capital and £71 million RWAs). Excluding these adjustments, the CET1 ratio would be 13.2% (31 December 2022",natwest,filename,nwg-2023-core-financials.pdf,Group Chief Financial Officer's review > Measurement,NatWest Group plc — 2023 Annual Report — Group Chief Financial Officer's review > Measurement
nwg-2023-core-financials-part-16::s1,nwg-2023-core-financials-part-16,264,"NatWest Group plc — 2023 Annual Report — Group Chief Financial Officer's review > Measurement
capital, £54 million for total capital and £17 million RWAs (31 December 2022 - £0.4 billion CET1 capital, £36 million total capital and £71 million RWAs). Excluding these adjustments, the CET1 ratio would be 13.2% (31 December 2022 - 14.0%). The transitional relief on grandfathered instruments at 31 December 2023 was nil (31 December 2022 - £0.1 billion). Excluding both the transitional relief on grandfathered capital instruments and the transitional arrangements for the capital impact of IFRS 9 expected credit loss (ECL) accounting, the end-point Tier 1 capital ratio would be 15.4% (31 December 2022 – 16.2%) and the end-point Total capital ratio would be 18.4% (31 December 2022 – 19.3%).

(2) The UK leverage exposure and transitional Tier 1 capital are calculated in accordance with current PRA rules. Excluding the IFRS 9 transitional adjustment, the UK leverage ratio would be 5.0% (31 December 2022 – 5.3%).

(3) Based on the daily average of on-balance sheet items and three month-end average of off-balance sheet items and Tier 1 capital.",natwest,filename,nwg-2023-core-financials.pdf,Group Chief Financial Officer's review > Measurement,NatWest Group plc — 2023 Annual Report — Group Chief Financial Officer's review > Measurement
nwg-2023-core-financials-part-17::s0,nwg-2023-core-financials-part-17,480,"NatWest Group plc — 2023 Annual Report — Group Chief Financial Officer's review > Capital flow statement
## Capital flow statement
The table below analyses the movement in CET1, AT1 and Tier 2 capital for the year ended 31 December 2023. It is being presented on a transitional basis based on current PRA rules.

 | CET1 £m | AT1 £m | Tier 2 £m | Total £m
At 31 December 2022 | 24,992 | 3,875 | 5,053 | 33,920
Attributable profit for the period | 4,394 | | | 4,394
Ordinary interim dividend paid | (491) | | | (491)
Directed buyback | (1,259) | | | (1,259)
Foreseeable ordinary dividends | (1,013) | | | (1,013)
Foreseeable charges | (870) | | | (870)
Foreign exchange reserve | (637) | | | (637)
FVOCI reserve | 53 | | | 53
Own credit | 48 | | | 48
Share capital and reserve movements in | | | | 
respect of employee share schemes | 93 | | | 93
Goodwill and intangibles deduction | (498) | | | (498)
Deferred tax assets | (67) | | | (67)
Prudential valuation adjustments | (4) | | | (4)
Net dated subordinated debt instruments | | | 269 | 269
Foreign exchange movements | | | (115) | (115)
Adjustment under IFRS 9 transitional | | | | 
arrangements | (159) | | | (159)
Other movements | (142) | | 110 | (32)
At 31 December 2023 | 24,440 | 3,875 | 5,317 | 33,632

– For CET1 movements refer to the key points on page 247.

Tier 2 movements of £0.2 billion include an increase of £0.6 billion for a €0.7 billion 5.763% Fixed to Fixed Reset Tier 2 Notes 2034 issued in February 2023, partially offset by the £0.1 billion redemption of the UBIDAC subordinated notes, £0.1 billion partial redemption of 5.125% Subordinated Tier",natwest,filename,nwg-2023-core-financials.pdf,Group Chief Financial Officer's review > Capital flow statement,NatWest Group plc — 2023 Annual Report — Group Chief Financial Officer's review > Capital flow statement
nwg-2023-core-financials-part-17::s1,nwg-2023-core-financials-part-17,130,"NatWest Group plc — 2023 Annual Report — Group Chief Financial Officer's review > Capital flow statement
.6 billion for a €0.7 billion 5.763% Fixed to Fixed Reset Tier 2 Notes 2034 issued in February 2023, partially offset by the £0.1 billion redemption of the UBIDAC subordinated notes, £0.1 billion partial redemption of 5.125% Subordinated Tier 2 Notes 2024, £0.1 billion redemption of 6.000% Subordinated Tier 2 Notes 2023, amortisation, foreign exchange movements £0.1 billion and maturities with minimum regulatory value.

– Within Tier 2, there was also a £0.1 billion increase in the Tier 2 surplus provisions.",natwest,filename,nwg-2023-core-financials.pdf,Group Chief Financial Officer's review > Capital flow statement,NatWest Group plc — 2023 Annual Report — Group Chief Financial Officer's review > Capital flow statement
nwg-2023-core-financials-part-18::s0,nwg-2023-core-financials-part-18,480,"NatWest Group plc — 2023 Annual Report — Group Chief Financial Officer's review > Consolidated income statement - Part 1/2
For the year ended 31 December 2023

Note | 2023 | 2022 | 2021 (1)
Interest receivable | £m 21,026 | £m 12,637 | £m 9,234
Interest payable | (9,977) | (2,795) | (1,699)
Net interest income | 11,049 | 9,842 | 7,535
1 Fees and commissions receivable | 2,983 | 2,915 | 2,694
Fees and commissions payable | | (623) | (574)
Trading income | (653) | | 323
Other operating income | 794 | 1,133 | 451
Non-interest income 2 | 579 | (111) | 
Total income | 3,703 | 3,314 | 2,894
Staff costs | 14,752 | 13,156 | 10,429
Premises and equipment | (3,901) | (3,716) | (3,676)
Other administrative expenses | (1,153) | (1,112) | (1,133)
Depreciation and amortisation | (2,008) | (2,026) | (2,026)
Operating expenses | (934) | (833) | (923)
Profit before impairment losses/releases | (7,996) | (7,687) | (7,758)
Impairment (losses)/releases | 6,756 | 5,469 | 2,671
Operating profit before tax | (578) | (337) | 1,173
Tax charge 7 | 6,178 | 5,132 | 3,844
Profit from continuing operations | (1,434) | (1,275) | (996)
(Loss)/profit from discontinued operations, net of tax (3) 8 | 4,744 | 3,857 | 2,848
Profit for the year | (112) | (262) | 464
 | 4,632 | 3,595 | 3,312
Attributable to: | | | 
Ordinary",natwest,filename,nwg-2023-core-financials.pdf,Group Chief Financial Officer's review > Consolidated income statement - Part 1/2,NatWest Group plc — 2023 Annual Report — Group Chief Financial Officer's review > Consolidated income statement - Part 1/2
nwg-2023-core-financials-part-18::s1,nwg-2023-core-financials-part-18,380,"NatWest Group plc — 2023 Annual Report — Group Chief Financial Officer's review > Consolidated income statement - Part 1/2
discontinued operations, net of tax (3) 8 | 4,744 | 3,857 | 2,848
Profit for the year | (112) | (262) | 464
 | 4,632 | 3,595 | 3,312
Attributable to: | | | 
Ordinary shareholders | 4,394 | 3,340 | 2,950
Preference shareholders | | | 19
Paid-in equity holders | 242 | 249 | 299
Non-controlling interests | (4) | 6 | 44
 | 4,632 | 3,595 | 3,312
 | | | 
Earnings per ordinary share - continuing operations | 9 | | 
Earnings per ordinary share - discontinued operations 9 | 49.2p | 36.5p | 23.0p
Total earnings per share attributable to ordinary shareholders - basic (4) 9 | (1.2p) | (2.7p) | 4.3p
Earnings per ordinary share - fully diluted continuing operations | 47.9p | 33.8p | 27.3p
9 Earnings per ordinary share - fully diluted discontinued operations | 48.9p | 36.2p | 22.9p
 | 9 (1.2p) | (2.6p) | 4.3p
Total earnings per share attributable to ordinary shareholders - fully diluted | 9 47.7p | 33.6p | 27.2p

The accompanying notes on pages 313 to 388, the Accounting policies on pages 305 to 312 and the audited sections of the Financial review and Risk and capital management sections on pages 71 to 82 and 172 to 282 form an integral part of these financial statements.

(1) Comparative results have been re-presented from those previously published to reclassify certain items as discontinued operations as described in Note 8 to the consolidated financial statements",natwest,filename,nwg-2023-core-financials.pdf,Group Chief Financial Officer's review > Consolidated income statement - Part 1/2,NatWest Group plc — 2023 Annual Report — Group Chief Financial Officer's review > Consolidated income statement - Part 1/2
nwg-2023-core-financials-part-19,nwg-2023-core-financials-part-19,206,"NatWest Group plc — 2023 Annual Report — Group Chief Financial Officer's review > Consolidated income statement - Part 2/2
(2) At the General Meeting and Class Meeting on 25 August 2022, the shareholders approved the proposed special dividend and share consolidation. On 30 August 2022 the issued ordinary share capital was consolidated in the ratio of 14 existing shares for 13 new shares. The average number of shares and earnings per share have been adjusted retrospectively.

(3) The results of discontinued operations, comprising the post-tax profit, is shown as a single amount on the face of the income statement. An analysis of this amount is presented in Note 8 to the consolidated financial statements.

(4) In 2023, the unrounded Total earnings per share attributable to ordinary shareholders – basic is 47.948p. The unrounded Earnings per ordinary share – continuing operations was 49.170p. The unrounded Earnings per ordinary share – discontinued operations was (1.222p).",natwest,filename,nwg-2023-core-financials.pdf,Group Chief Financial Officer's review > Consolidated income statement - Part 2/2,NatWest Group plc — 2023 Annual Report — Group Chief Financial Officer's review > Consolidated income statement - Part 2/2
nwg-2023-core-financials-part-20,nwg-2023-core-financials-part-20,422,"NatWest Group plc — 2023 Annual Report — Group Chief Financial Officer's review > Consolidated statement of comprehensive income
For the year ended 31 December 2023

 | 2023 | 2022 | 2021
£m | £m | £m
Profit for the year | 4,632 | 3,595 | 3,312
Items that do not qualify for reclassification | | | 
Remeasurement of retirement benefit schemes | (280) | (840) | (669)
Changes in fair value of credit in financial liabilities designated at FVTPL | (39) | 50 | (29)
FVOCI financial assets | 17 | 59 | 13
Tax | 79 | 187 | 164
 | (223) | (544) | (521)
Items that do qualify for reclassification | | | 
FVOCI financial assets | 49 | (457) | (100)
Cash flow hedges (1) | 1,208 | | (848)
Currency translation | | (3,277) | 
Tax | (619) | 241 | (382)
 | (361) | 1,067 | 213
 | 277 | (2,426) | (1,117)
Other comprehensive income/(losses) after tax Total comprehensive income for the year | 54 | (2,970) | (1,638)
 | 4,686 | 625 | 1,674
Attributable to: | | | 
Ordinary shareholders | 4,448 | 370 | 1,308
Preference shareholders | | | 19
Paid-in equity holders | 242 | 249 | 299
Non-controlling interests | (4) | 6 | 48
 | 4,686 | 625 | 1,674

The accompanying notes on pages 313 to 388, the Accounting policies on pages 305 to 312 and the audited sections of the Financial review and Risk and capital management sections on pages 71 to 82 and 172 to 282 form an integral part of these financial statements.

Refer to footnotes 6 and 7 of the Consolidated statement of changes in equity.",natwest,filename,nwg-2023-core-financials.pdf,Group Chief Financial Officer's review > Consolidated statement of comprehensive income,NatWest Group plc — 2023 Annual Report — Group Chief Financial Officer's review > Consolidated statement of comprehensive income
nwg-2023-core-financials-part-21::s0,nwg-2023-core-financials-part-21,480,"NatWest Group plc — 2023 Annual Report — Group Chief Financial Officer's review > Consolidated balance sheet
## Consolidated balance sheet
As at 31 December 2023

 | | 2023 | 2022
Note | £m | £m
Assets | | | 
Cash and balances at central banks | 10 | 104,262 | 144,832
Trading assets | 13 | 45,551 | 45,577
Derivatives | 14 | 78,904 | 99,545
Settlement balances | | 7,231 | 2,572
Loans to banks - amortised cost | 10 | 6,914 | 7,139
Loans to customers - amortised cost | 10 | 381,433 | 366,340
Securities subject to repurchase agreements | | 8,764 | 2,901
Other financial assets excluding securities subject to repurchase agreements | | 42,338 | 27,994
Other financial assets | 16 | 51,102 | 30,895
Intangible assets | 17 | 7,614 | 7,116
Other assets | 18 | 8,760 | 9,176
Assets of disposal groups | 8 | 902 | 6,861
Total assets | | 692,673 | 720,053
 | | | 
Liabilities | | | 
Bank deposits | 10 | 22,190 | 20,441
Customer deposits | 10 | 431,377 | 450,318
Settlement balances | | 6,645 | 2,012
Trading liabilities | 13 | 53,636 | 52,808
Derivatives | 14 | 72,395 | 94,047
Other financial liabilities | 19 | 55,089 | 49,107
Subordinated liabilities | 20 | 5,714 | 6,260
Notes in circulation | | 3,237 | 3,218
Other liabilities | 21 | 5,202 | 5,346
Total liabilities | | 655,485 | 683,557
 | | | 
Ordinary shareholders' interests | | 33,267 | 32,598
Other owners' interests | | 3,890 | 3,890
Owners' equity | 22 | 37,157 | 36,488
Non-controlling interests | | 31 | 8
Total equity | | 37,188 | 
 | | | 36,496
Total liabilities and equity | | 69",natwest,filename,nwg-2023-core-financials.pdf,Group Chief Financial Officer's review > Consolidated balance sheet,NatWest Group plc — 2023 Annual Report — Group Chief Financial Officer's review > Consolidated balance sheet
nwg-2023-core-financials-part-21::s1,nwg-2023-core-financials-part-21,154,"NatWest Group plc — 2023 Annual Report — Group Chief Financial Officer's review > Consolidated balance sheet
,598
Other owners' interests | | 3,890 | 3,890
Owners' equity | 22 | 37,157 | 36,488
Non-controlling interests | | 31 | 8
Total equity | | 37,188 | 
 | | | 36,496
Total liabilities and equity | | 692,673 | 720,053

The accompanying notes on pages 313 to 388, the Accounting policies on pages 305 to 312 and the audited sections of the Financial review and Risk and capital management sections on pages 71 to 82 and 172 to 282 form an integral part of these financial statements.

The accounts were approved by the Board of directors on 15 February 2024 and signed on its behalf by:

Howard Davies Chairman

Katie Murray Group Chief Financial Officer",natwest,filename,nwg-2023-core-financials.pdf,Group Chief Financial Officer's review > Consolidated balance sheet,NatWest Group plc — 2023 Annual Report — Group Chief Financial Officer's review > Consolidated balance sheet
