qid,question_type,bank,adv_tier,question,reference,prediction,retrieved_ids,retrieved_banks,retrieval_scores,retrieval_top1,retrieval_bank_hit,retrieval_bank_precision,context,gen_tokens,hit_token_cap,latency_s,correct,mc_jaccard,token_f1,rougeL,abstained,halluc_proxy,answer_in_context,pred_words,pred_chars,correct_strict
ADVF001,adversarial_absent,hsbc,fabricated,What was the average salary of HSBC's Antarctic operations staff in 2023?,[NOT IN CORPUS],"**\$1,000**",HSBC-2023-core-financials-part-9::s0;HSBC-2023-core-financials-part-9::s1;HSBC-2023-core-financials-part-15;HSBC-2023-core-financials-part-11::s0;HSBC-2023-core-financials-part-21::s1;HSBC-2023-core-financials-part-4::s2,hsbc;hsbc;hsbc;hsbc;hsbc;hsbc,0.7006;0.6739;0.6544;0.6542;0.6493;0.6476,0.7005870342254639,1.0,1.0,"HSBC Holdings plc — 2023 Annual Report — Income statement commentary - Part 7/8
Year ended2023 20221 2021$m $m
2023 | 202212021
$m | 
Gross employee compensation and benefits | 19,623 | 19,288 19,612
Capitalised wages and salaries | (1,403) | (1,285) (870)
Goodwill impairment | | 587
Property and equipment | 4,285 | 4,949 5,145
Amortisation and impairment of intangibles | 1,827 | 1,701 1,438
UK bank levy | 339 | 13 116
Legal proceedings and regulatory matters | 188 | 246 106
Other operating expenses[2] | 7,211 | 7,789 8,486
Reported operating expenses | 32,070 | 32,701 34,620
Currency translation | | (399) (2,376)
Constant currency operating expenses | 32,070 | 32,302 32,244

1 From 1 January 2023, we adopted IFRS 17 'Insurance Contracts', which replaced IFRS 4 'Insurance Contracts'. Comparative data for the financial year ended 31 December 2022 have been restated accordingly. Comparative data for the year ended 31 December 2021 are prepared on an IFRS 4 basis.
2 Other operating expenses includes professional fees, contractor costs, transaction taxes, marketing and travel. The decrease was driven by favourable currency translation differences and lower restructuring and other related costs following the completion of our cost-saving programme at the end of 2022.

Staff numbers (full-time equivalents)

 | 2023 | 2022 | 2021
Global businesses | | | 
Wealth and Personal Banking | 128,399 | 128,764 | 130,185
Commercial Banking | 45,884 | 43,640 | 42,969
Global Banking and Markets | 46,241 | 46,435 | 46,166
Corporate Centre | 337 | 360 | 377
At 31 Dec | 220,861 | 219,199 | 219,697

1 Represents the number of full-time equivalent people with contracts of service with the Group who are being paid at the reporting date.

Operating expenses of \$32.1bn were \$0.6bn or 2% lower than in 2022, including a favourable impact of \$0.4bn from foreign currency ||| HSBC Holdings plc — 2023 Annual Report — Income statement commentary - Part 7/8
Represents the number of full-time equivalent people with contracts of service with the Group who are being paid at the reporting date.

Operating expenses of \$32.1bn were \$0.6bn or 2% lower than in 2022, including a favourable impact of \$0.4bn from foreign currency translation differences.

This was driven by lower restructuring and other related costs following the completion of our cost to achieve programme, which concluded at the end of 2022, as well as a \$0.2bn reduction due to a reversal of historical asset impairments, and the effects of our continued cost discipline. There was also a favourable impact of \$0.2bn due to the impact of hyperinflationary accounting in Argentina in 2023. ||| HSBC Holdings plc — 2023 Annual Report — Income statement commentary > Balance sheet commentary compared with 31 December 2022
At 31 December 2023, total assets of \$3.0tn were \$89bn or 3% higher on a reported basis and increased by \$31bn or 1% on a constant currency basis.

Reported loans and advances to customers as a percentage of customer accounts was 58.2% compared with 58.8% at 31 December 2022. The movement in this ratio reflected a higher growth in customer accounts than in lending. ||| HSBC Holdings plc — 2023 Annual Report — Income statement commentary > [Consolidated balance sheet, Return on average tangible equity, Supplementary table for planned disposals, Tax expense]
## Tax expense
The effective tax rate for 2023 of 19.1% was higher than the 4.7% in 2022. The effective tax rate for 2023 was increased by 2.3 percentage points by the non-deductible impairment of investments in associates, and reduced by 1.6 percentage points by the release of provisions for uncertain tax positions and reduced by 1.5 percentage points by the non-taxable accounting gain on the acquisition of SVB UK. The effective tax rate for 2022 was reduced by 12.8 percentage points by the recognition of a deferred tax asset on historical tax losses of HSBC Holdings as a result of improved profit forecasts for the UK tax group. Excluding these items, the effective tax rates were 19.9% for 2023 and 17.5% for 2022.

## Return on average tangible equity
In 2023, RoTE was 14.6%, compared with 10.0% in 2022. Excluding the impact of strategic transactions and the impairment of BoCom, RoTE was 15.6%.

## Supplementary table for planned disposals
The income statements and selected balance sheet metrics for the year ended 31 December 2023 of our banking business in Canada and our retail banking operations in France are shown below. The asset and liability balances relating to these planned disposals are reported on the Group balance sheet within 'Assets held for sale' and 'Liabilities of disposal groups held for sale', respectively, as at 31 December 2023.

Income statement and selected balance sheet metrics of disposal groups held for sale

 | Year ended 2023
Canada1 $bn | France retail[2]
Revenue | 2.0 | $bn 0.3
ECL | - | -
Operating expenses | (1.0) | (0.6)
of which: costs expected to be exited | (0.7) | (0.4)
Profit before tax | 0.9 | (0.2)
 | | 
Loans and advances to customers | 56.1 | 16.9
Customer accounts | 63.0 | 22.3
RWA3 | 31.9 | 4.1

1 Under the terms of the sale ||| HSBC Holdings plc — 2023 Annual Report — Income statement commentary > Risk-weighted assets - Part 2/5
| 9,087 | 66,722
Customer accounts | 430,866 | 422,087 | 312,052 | 112,399 | 63,032 | 229,867 | 1,570,303
Total deposits | 453,999 | 439,050 | 316,054 | 121,229 | 67,739 | 238,954 | 1,637,025

1 'Others' includes items with no currency information available of \$1,592m for loans to banks (2022: \$1,112m), \$1,904m for loans to customers (2022: \$2,112m), \$11m for deposits by banks (2022: \$13m) and \$8m for customer accounts (2022: \$6m).

2 From 1 January 2023, we adopted IFRS 17 'Insurance Contracts', which replaced IFRS 4 'Insurance Contracts'. Comparative data have been restated accordingly.

RWAs by currency

 | At
31 Dec 2023
$m | USD | GBP | HKD | EUR | CNY | Others | Total
RWAs1 | 202,697 | 155,231 135,701 | 69,996 | | 57,907 | 232,582 | 854,114
 | 
RWAs1 | 223,657 | 143,474 | 152,804 | 31 Dec 2022 60,843 | 49,867 | 209,075 | 839,720

1 RWAs includes credit risk, market risk and operational risk RWAs. ||| HSBC Holdings plc — 2023 Annual Report — Income statement commentary - Part 2/8
Including interest-bearing bank deposits only.

4Including interest-bearing customer accounts only.

Net interest income ('NIl') for 2023 was \$35.8bn, an increase of \$5.4bn or 18% compared with 2022. This reflected higher average interest rates across major currencies compared with 2022.",9,0,4.86,0.0,,,,0.0,1.0,,1.0,11.0,0.0
ADVF002,adversarial_absent,hsbc,fabricated,What percentage of HSBC's 2023 revenue came from its video-streaming subsidiary?,[NOT IN CORPUS],**1.8%**,HSBC-2023-core-financials-part-11::s0;HSBC-2023-core-financials-part-2::s1;HSBC-2023-core-financials-part-9::s0;HSBC-2023-core-financials-part-14::s0;HSBC-2023-core-financials-part-10::s1;HSBC-2023-core-financials-part-11::s1,hsbc;hsbc;hsbc;hsbc;hsbc;hsbc,0.6616;0.6283;0.6281;0.6229;0.6179;0.6111,0.6616384387016296,1.0,1.0,"HSBC Holdings plc — 2023 Annual Report — Income statement commentary > [Consolidated balance sheet, Return on average tangible equity, Supplementary table for planned disposals, Tax expense]
## Tax expense
The effective tax rate for 2023 of 19.1% was higher than the 4.7% in 2022. The effective tax rate for 2023 was increased by 2.3 percentage points by the non-deductible impairment of investments in associates, and reduced by 1.6 percentage points by the release of provisions for uncertain tax positions and reduced by 1.5 percentage points by the non-taxable accounting gain on the acquisition of SVB UK. The effective tax rate for 2022 was reduced by 12.8 percentage points by the recognition of a deferred tax asset on historical tax losses of HSBC Holdings as a result of improved profit forecasts for the UK tax group. Excluding these items, the effective tax rates were 19.9% for 2023 and 17.5% for 2022.

## Return on average tangible equity
In 2023, RoTE was 14.6%, compared with 10.0% in 2022. Excluding the impact of strategic transactions and the impairment of BoCom, RoTE was 15.6%.

## Supplementary table for planned disposals
The income statements and selected balance sheet metrics for the year ended 31 December 2023 of our banking business in Canada and our retail banking operations in France are shown below. The asset and liability balances relating to these planned disposals are reported on the Group balance sheet within 'Assets held for sale' and 'Liabilities of disposal groups held for sale', respectively, as at 31 December 2023.

Income statement and selected balance sheet metrics of disposal groups held for sale

 | Year ended 2023
Canada1 $bn | France retail[2]
Revenue | 2.0 | $bn 0.3
ECL | - | -
Operating expenses | (1.0) | (0.6)
of which: costs expected to be exited | (0.7) | (0.4)
Profit before tax | 0.9 | (0.2)
 | | 
Loans and advances to customers | 56.1 | 16.9
Customer accounts | 63.0 | 22.3
RWA3 | 31.9 | 4.1

1 Under the terms of the sale ||| HSBC Holdings plc — 2023 Annual Report — Summary consolidated income statement - Part 2/2
value disposed under the final terms of sale. The \$0.4bn impairment of goodwill recognised in the third quarter in 2022 has not been reversed.

4 Other operating (expense)/income includes a loss on net monetary positions of \$1,667m (2022: \$678m; 2021: \$576m) as a result of applying IAS 29 'Financial Reporting in Hyperinflationary Economies' and disposal losses on capitalised markets treasury repositioning of \$977m in 2023.

5 Net operating income before change in expected credit losses and other credit impairment charges also referred to as revenue.

6Includes dividend paid during the period, which consisted of a second interim dividend of \$0.23 per ordinary share in respect of the financial year ended 31 December 2022 paid in April 2023 and the first, second and third interim dividends of \$0.30 per ordinary share in respect of the financial year ending 31 December 2023.

7 In 2023, our dividend payout ratio was adjusted for material notable items and related impacts. In 2022, our dividend payout ratio was adjusted for the loss on classification to held for sale of our retail banking business in France, items relating to the planned sale of our banking business in Canada, and the recognition of certain deferred tax assets. No items were adjusted for in 2021, 2020 or 2019.

Unless stated otherwise, all tables in the Annual Report and Accounts 2023 are presented on a reported basis.

For a summary of our financial performance in 2023, see page 27.

For further financial performance data for each global business and legal entity, see pages 111 to 114 and 120 to 130 respectively. The global business segmental results are presented on a constant currency basis in accordance with IFRS 8 'Operating Segments' as set out in Note 10: Segmental analysis on page 372. ||| HSBC Holdings plc — 2023 Annual Report — Income statement commentary - Part 7/8
Year ended2023 20221 2021$m $m
2023 | 202212021
$m | 
Gross employee compensation and benefits | 19,623 | 19,288 19,612
Capitalised wages and salaries | (1,403) | (1,285) (870)
Goodwill impairment | | 587
Property and equipment | 4,285 | 4,949 5,145
Amortisation and impairment of intangibles | 1,827 | 1,701 1,438
UK bank levy | 339 | 13 116
Legal proceedings and regulatory matters | 188 | 246 106
Other operating expenses[2] | 7,211 | 7,789 8,486
Reported operating expenses | 32,070 | 32,701 34,620
Currency translation | | (399) (2,376)
Constant currency operating expenses | 32,070 | 32,302 32,244

1 From 1 January 2023, we adopted IFRS 17 'Insurance Contracts', which replaced IFRS 4 'Insurance Contracts'. Comparative data for the financial year ended 31 December 2022 have been restated accordingly. Comparative data for the year ended 31 December 2021 are prepared on an IFRS 4 basis.
2 Other operating expenses includes professional fees, contractor costs, transaction taxes, marketing and travel. The decrease was driven by favourable currency translation differences and lower restructuring and other related costs following the completion of our cost-saving programme at the end of 2022.

Staff numbers (full-time equivalents)

 | 2023 | 2022 | 2021
Global businesses | | | 
Wealth and Personal Banking | 128,399 | 128,764 | 130,185
Commercial Banking | 45,884 | 43,640 | 42,969
Global Banking and Markets | 46,241 | 46,435 | 46,166
Corporate Centre | 337 | 360 | 377
At 31 Dec | 220,861 | 219,199 | 219,697

1 Represents the number of full-time equivalent people with contracts of service with the Group who are being paid at the reporting date.

Operating expenses of \$32.1bn were \$0.6bn or 2% lower than in 2022, including a favourable impact of \$0.4bn from foreign currency ||| HSBC Holdings plc — 2023 Annual Report — Income statement commentary > Five-year summary consolidated balance sheet - Part 3/3
1 From 1 January 2023, we adopted IFRS 17 'Insurance Contracts', which replaced IFRS 4 'Insurance Contracts'. We have restated 2022 comparative data.
2 Capital resources are regulatory total capital, the calculation of which is set out on page 206.
3 Including perpetual preferred securities, details of which can be found in Note 29: Subordinated liabilities on page 406.
4 The definition of net asset value per ordinary share is total shareholders' equity, less non-cumulative preference shares and capital securities, divided by the number of ordinary shares in issue, excluding own shares held by the company, including those purchased and held in treasury.
5 The definition of tangible net asset value per ordinary share is total ordinary shareholders' equity excluding goodwill, PVIF (for 2021, 2020 and 2019) and other intangible assets (net of deferred tax), divided by the number of basic ordinary shares in issue, excluding own shares held by the company, including those purchased and held in treasury.

Combined view of customer lending and customer deposits

 | 2023$m | 2022$m
Loans and advances to customers | 938,535 | 923,561
– of which: HSBC Innovation BankLimited (formerly SVB UK) | 7,955 | 
Loans and advances to customers ofdisposal groups reported in 'Assets heldfor sale' | 73,285 | 80,576
banking business in Canada | 56,129 | 55,19725,029350
– retail banking operations in France | 16,902254 | 
- other
Non-current assets held for sale | 92 | 112
Combined customer lending | 1,011,912 | 1,004,249
Currency translation | | 20,454
Combined customer lending atconstant currency | 1,011,912 | 1,024,703
Customer accounts | 1,611,647 | 1,570,303
– of which: HSBC Innovation BankLimited (formerly SVB UK) | 6,019 | -
Customer accounts reported in 'Liabilitiesof disposal groups held for sale' | 85,950 | 85,274
banking business in Canada | 63,001 | 60,60 ||| HSBC Holdings plc — 2023 Annual Report — Income statement commentary - Part 8/8
the carrying value which resulted in an impairment of \$3.0bn, as the recoverable amount as determined by a value-in-use calculation was lower than the c",7,0,6.42,0.0,,,,0.0,1.0,,1.0,8.0,0.0
ADVF003,adversarial_absent,hsbc,fabricated,What goodwill impairment did HSBC recognise on its acquisition of Deutsche Bank in 2023?,[NOT IN CORPUS],**\$3.0bn**,HSBC-2023-core-financials-part-2::s1;HSBC-2023-core-financials-part-10::s1;HSBC-2023-core-financials-part-8::s0;HSBC-2023-core-financials-part-11::s0;HSBC-2023-core-financials-part-9::s0;HSBC-2023-core-financials-part-14::s0,hsbc;hsbc;hsbc;hsbc;hsbc;hsbc,0.7179;0.6925;0.6778;0.6649;0.6614;0.6545,0.7178828716278076,1.0,1.0,"HSBC Holdings plc — 2023 Annual Report — Summary consolidated income statement - Part 2/2
value disposed under the final terms of sale. The \$0.4bn impairment of goodwill recognised in the third quarter in 2022 has not been reversed.

4 Other operating (expense)/income includes a loss on net monetary positions of \$1,667m (2022: \$678m; 2021: \$576m) as a result of applying IAS 29 'Financial Reporting in Hyperinflationary Economies' and disposal losses on capitalised markets treasury repositioning of \$977m in 2023.

5 Net operating income before change in expected credit losses and other credit impairment charges also referred to as revenue.

6Includes dividend paid during the period, which consisted of a second interim dividend of \$0.23 per ordinary share in respect of the financial year ended 31 December 2022 paid in April 2023 and the first, second and third interim dividends of \$0.30 per ordinary share in respect of the financial year ending 31 December 2023.

7 In 2023, our dividend payout ratio was adjusted for material notable items and related impacts. In 2022, our dividend payout ratio was adjusted for the loss on classification to held for sale of our retail banking business in France, items relating to the planned sale of our banking business in Canada, and the recognition of certain deferred tax assets. No items were adjusted for in 2021, 2020 or 2019.

Unless stated otherwise, all tables in the Annual Report and Accounts 2023 are presented on a reported basis.

For a summary of our financial performance in 2023, see page 27.

For further financial performance data for each global business and legal entity, see pages 111 to 114 and 120 to 130 respectively. The global business segmental results are presented on a constant currency basis in accordance with IFRS 8 'Operating Segments' as set out in Note 10: Segmental analysis on page 372. ||| HSBC Holdings plc — 2023 Annual Report — Income statement commentary - Part 8/8
the carrying value which resulted in an impairment of \$3.0bn, as the recoverable amount as determined by a value-in-use calculation was lower than the carrying value. Our value-in-use calculation uses both historical experience and market participant views to estimate future cash flows, relevant discount rates and associated capital assumptions.

This impairment will have no material impact on HSBC's capital, capital ratios or distribution capacity, and therefore no impact on dividends or share buy-backs. The insignificant impact on HSBC's capital and CET1 ratio is due to the compensating release of regulatory capital deductions to offset the impairment charge.

We remain strategically committed to mainland China as demonstrated by our recent announcements to acquire Citi's retail wealth management portfolio and the investments made into mainland China in recent years. BoCom remains a strong partner in China, and we remain focused on maximising the mutual value of our partnership. Our positive views on the medium- and long-term structural growth opportunities in mainland China are unchanged.

For further details, see Note 18: Interests in associates and joint ventures on page 391.

Tax expense

 | Year ended
2023 | 2022
$m | $m
Tax (charge)/credit | | 
Reported | (5,789) | (809)
Currency translation | - | 160
Constant currency tax (charge)/credit | (5,789) | (649)

Notable items

 | Year ended
2023 | 2022
Tax | $m | $m
Tax (charge)/credit on notable items | 207 | 1,026
Recognition of losses | - | 2,333
Uncertain tax positions | 427 | (142)
 | | ||| HSBC Holdings plc — 2023 Annual Report — Income statement commentary - Part 6/8
In accordance with IFRS 5 'Non-current Assets Held for Sale and Discontinued Operations', the disposal group was classified as held for sale on 30 September 2022, at which point the Group recognised the estimated impairment of \$2.3bn, which included impairment of goodwill of \$0.4bn and related transaction costs. In the first quarter of 2023, \$2.1bn of this impairment loss was reversed as the sale became less certain. It was reinstated in the fourth quarter of 2023 as we reclassified these operations as held for sale and remeasured the disposal group at the lower of carrying value and fair value less costs to sell, resulting in a \$2.0bn impairment loss, reflecting the final terms of the sale. The sale completed on 1 January 2024.

Other operating expense of \$1.1bn was \$0.9bn higher than in 2022. The increase primarily related to losses in 2023 in Markets Treasury on asset disposals of \$1.0bn relating to repositioning and risk management activities in our hold-to-collect-and-sell portfolio in certain key legal entities. These actions are accretive to net interest income and reduce the consumption of the Group's financial resources.

The increased expense also included a loss of \$0.3bn in 2023 relating to corrections to historical valuation estimates in our life insurance business, and losses related to the disposal of our New Zealand retail mortgage loan portfolio and the merger of HSBC Bank Oman in 2023 with Sohar International. These were partly offset by losses in 2022 relating to the disposal of our branch operations in Greece and the planned disposal of our business in Russia.

Change in expected credit losses and other credit impairment charges (’EcL') were a charge of \$3.4bn, a decrease of \$0.1bn or 4% compared with 2022.

The charge in 2023 primarily comprised stage 3 net charges, notably related to mainland China commercial real estate sector exposures. ECL charges in this sector were \$1.0bn in 2023. The charge in 2023 also reflected the impact of continued economic uncertainty, rising interest rates and inflationary pressures. The charge in 2022 ||| HSBC Holdings plc — 2023 Annual Report — Income statement commentary > [Consolidated balance sheet, Return on average tangible equity, Supplementary table for planned disposals, Tax expense]
## Tax expense
The effective tax rate for 2023 of 19.1% was higher than the 4.7% in 2022. The effective tax rate for 2023 was increased by 2.3 percentage points by the non-deductible impairment of investments in associates, and reduced by 1.6 percentage points by the release of provisions for uncertain tax positions and reduced by 1.5 percentage points by the non-taxable accounting gain on the acquisition of SVB UK. The effective tax rate for 2022 was reduced by 12.8 percentage points by the recognition of a deferred tax asset on historical tax losses of HSBC Holdings as a result of improved profit forecasts for the UK tax group. Excluding these items, the effective tax rates were 19.9% for 2023 and 17.5% for 2022.

## Return on average tangible equity
In 2023, RoTE was 14.6%, compared with 10.0% in 2022. Excluding the impact of strategic transactions and the impairment of BoCom, RoTE was 15.6%.

## Supplementary table for planned disposals
The income statements and selected balance sheet metrics for the year ended 31 December 2023 of our banking business in Canada and our retail banking operations in France are shown below. The asset and liability balances relating to these planned disposals are reported on the Group balance sheet within 'Assets held for sale' and 'Liabilities of disposal groups held for sale', respectively, as at 31 December 2023.

Income statement and selected balance sheet metrics of disposal groups held for sale

 | Year ended 2023
Canada1 $bn | France retail[2]
Revenue | 2.0 | $bn 0.3
ECL | - | -
Operating expenses | (1.0) | (0.6)
of which: costs expected to be exited | (0.7) | (0.4)
Profit before tax | 0.9 | (0.2)
 | | 
Loans and advances to customers | 56.1 | 16.9
Customer accounts | 63.0 | 22.3
RWA3 | 31.9 | 4.1

1 Under the terms of the sale ||| HSBC Holdings plc — 2023 Annual Report — Income statement commentary - Part 7/8
Year ended2023 20221 2021$m $m
2023 | 202212021
$m | 
Gross employee compensation and benefits | 19,623 | 19,288 19,612
Capitalised wages and salaries | (1,403) | (1,285) (870)
Goodwill impairment |",8,0,7.13,0.0,,,,0.0,1.0,,1.0,11.0,0.0
ADVF004,adversarial_absent,hsbc,fabricated,What was the value of HSBC's gold bullion reserves held on the Moon at end-2023?,[NOT IN CORPUS],**\$0**,HSBC-2023-core-financials-part-14::s0;HSBC-2023-core-financials-part-15;HSBC-2023-core-financials-part-16::s0;HSBC-2023-core-financials-part-21::s1;HSBC-2023-core-financials-part-27;HSBC-2023-core-financials-part-21::s0,hsbc;hsbc;hsbc;hsbc;hsbc;hsbc,0.6839;0.6805;0.6795;0.6768;0.6710;0.6684,0.6838762760162354,1.0,1.0,"HSBC Holdings plc — 2023 Annual Report — Income statement commentary > Five-year summary consolidated balance sheet - Part 3/3
1 From 1 January 2023, we adopted IFRS 17 'Insurance Contracts', which replaced IFRS 4 'Insurance Contracts'. We have restated 2022 comparative data.
2 Capital resources are regulatory total capital, the calculation of which is set out on page 206.
3 Including perpetual preferred securities, details of which can be found in Note 29: Subordinated liabilities on page 406.
4 The definition of net asset value per ordinary share is total shareholders' equity, less non-cumulative preference shares and capital securities, divided by the number of ordinary shares in issue, excluding own shares held by the company, including those purchased and held in treasury.
5 The definition of tangible net asset value per ordinary share is total ordinary shareholders' equity excluding goodwill, PVIF (for 2021, 2020 and 2019) and other intangible assets (net of deferred tax), divided by the number of basic ordinary shares in issue, excluding own shares held by the company, including those purchased and held in treasury.

Combined view of customer lending and customer deposits

 | 2023$m | 2022$m
Loans and advances to customers | 938,535 | 923,561
– of which: HSBC Innovation BankLimited (formerly SVB UK) | 7,955 | 
Loans and advances to customers ofdisposal groups reported in 'Assets heldfor sale' | 73,285 | 80,576
banking business in Canada | 56,129 | 55,19725,029350
– retail banking operations in France | 16,902254 | 
- other
Non-current assets held for sale | 92 | 112
Combined customer lending | 1,011,912 | 1,004,249
Currency translation | | 20,454
Combined customer lending atconstant currency | 1,011,912 | 1,024,703
Customer accounts | 1,611,647 | 1,570,303
– of which: HSBC Innovation BankLimited (formerly SVB UK) | 6,019 | -
Customer accounts reported in 'Liabilitiesof disposal groups held for sale' | 85,950 | 85,274
banking business in Canada | 63,001 | 60,60 ||| HSBC Holdings plc — 2023 Annual Report — Income statement commentary > Balance sheet commentary compared with 31 December 2022
At 31 December 2023, total assets of \$3.0tn were \$89bn or 3% higher on a reported basis and increased by \$31bn or 1% on a constant currency basis.

Reported loans and advances to customers as a percentage of customer accounts was 58.2% compared with 58.8% at 31 December 2022. The movement in this ratio reflected a higher growth in customer accounts than in lending. ||| HSBC Holdings plc — 2023 Annual Report — Income statement commentary > Assets - Part 1/2
Cash and balances at central banks decreased by \$41bn or 13% which included a \$13bn favourable impact of foreign currency translation differences. The decrease was mainly in HSBC UK, reflecting a reduction in customer accounts and repurchase agreements, as well as an increase in the deployment of our cash surplus into financial investments. Cash fell in HSBC Bank plc as our European branches managed liquidity requirements and due to the completion of the sale of our retail banking operations in France. Cash also decreased in the UK as we deployed our commercial surplus into reverse repurchase agreements and financial investments.

Trading assets increased by \$71bn or 33%, mainly as we captured increased client activity in equity and debt securities, particularly in Hong Kong and HSBC Bank plc. The increase in trading assets also reflected the use of surplus liquidity to fund trading activities given the subdued demand for customer lending.

Derivative assets decreased by \$54bn or 19%, mainly in Europe, reflecting adverse revaluation movements on interest rate contracts due to a stabilisation and downward shift in long-term yield curve rates in most major markets. Foreign exchange contracts also fell, primarily in HSBC Bank plc, as a result of reduced volatility in foreign exchange rate movements in 2023. The decrease in derivative assets was consistent with the decrease in derivative liabilities, as the underlying risk is broadly matched.

Loans and advances to customers of \$939bn increased by \$15bn or 2% on a reported basis. This included a favourable impact of foreign currency translation differences of \$18bn.

On a constant currency basis, loans and advances to customers fell by \$3bn, reflecting the following movements.

In WPB, customer lending increased by \$21bn, reflecting growth in mortgage balances, notably in our main legal entities in Hong Kong (up \$6bn), the UK (up \$5bn), Mexico (up \$1bn) and Australia (up \$1bn). There was an increase of \$7.8bn in secured lending in our main entity in Europe following the reclassification of a portfolio of home loans previously classified as assets held for sale, relating to the sale of our retail banking operations in ||| HSBC Holdings plc — 2023 Annual Report — Income statement commentary > Risk-weighted assets - Part 2/5
| 9,087 | 66,722
Customer accounts | 430,866 | 422,087 | 312,052 | 112,399 | 63,032 | 229,867 | 1,570,303
Total deposits | 453,999 | 439,050 | 316,054 | 121,229 | 67,739 | 238,954 | 1,637,025

1 'Others' includes items with no currency information available of \$1,592m for loans to banks (2022: \$1,112m), \$1,904m for loans to customers (2022: \$2,112m), \$11m for deposits by banks (2022: \$13m) and \$8m for customer accounts (2022: \$6m).

2 From 1 January 2023, we adopted IFRS 17 'Insurance Contracts', which replaced IFRS 4 'Insurance Contracts'. Comparative data have been restated accordingly.

RWAs by currency

 | At
31 Dec 2023
$m | USD | GBP | HKD | EUR | CNY | Others | Total
RWAs1 | 202,697 | 155,231 135,701 | 69,996 | | 57,907 | 232,582 | 854,114
 | 
RWAs1 | 223,657 | 143,474 | 152,804 | 31 Dec 2022 60,843 | 49,867 | 209,075 | 839,720

1 RWAs includes credit risk, market risk and operational risk RWAs. ||| HSBC Holdings plc — 2023 Annual Report — Income statement commentary > Consolidated balance sheet at 31 December 2023 - Part 3/3
1 From 1 January 2023, we adopted IFRS 17 'Insurance Contracts', which replaced IFRS 4 'Insurance Contracts'. We have restated 2022 comparative data and the IFRS 17 transition impact on the balance sheet at 1 January 2022.

For Notes on the financial statements, see page 341.

The accompanying notes on pages 341 to 434 and the audited sections in the Risk review on pages 135 to 237 (including 'Measurement uncertainty and sensitivity analysis of ECL estimates' on pages 156 to 168, and 'Directors' remuneration report' on pages 279 to 305 form an integral part of these financial statements.

These financial statements were approved by the Board of Directors on 21 February 2024 and signed on its behalf by:

Mark E Tucker

Group Chairman

Georges Elhedery

Group Chief Financial Officer ||| HSBC Holdings plc — 2023 Annual Report — Income statement commentary > Risk-weighted assets - Part 2/5
$m | At
31 Dec 2023
USD | GBP | HKD | EUR | CNY | Others1 | Total
Loans and advances to banks | 33,231 | 15,632 | 7,106 | 4,688 | 8,772 | 43,473 | 112,902
Loans and advances to customers | 170,274 | 284,261 | 213,079 | 68,655 | 49,594 | 152,672 | 938,535
Total loans and advances | 203,505 | 299,893 | 220,185 | 73,343 | 58,366 | 196,145 | 1,051,437
Deposits by banks | 28,744 | 18,231 | 2,597 | 6,997 | 4,517 | 12,077 | 73,163
Customer accounts | 441,967 | 423,725 | 305,520 | 128,444 | 63,535 | 248,456 | 1,611,647
Total deposits | 470,711 | 441,956 | 308,117 | 135,441 | 68,052 | 260,533 | 1,684,810

Loans and advances to banks | 34,495 | 12,292 | 5,188 | 6,328 | 7,833 | 38,339 | 104,475
Loans and advances to customers | 182,719 | 265,988 | 221,150 | 57,077 | 49,036 | 147,591 | 923,561
Total loans and advances | 217,214 | 278,280 | 226,338 | 63,405 | 56,869 | 185,930 | 1,028,036
Deposits by banks | 23,133 | 16,963 | 4,002 | 8,830 | 4,707 | 9,087 | 66,722
Customer accounts | 430,866 | 422,087 | 312,052 | 112,399 | 63,032 | 229,867 | 1,570,303
Total deposits | 453,999 | 439,050 | 316,05",5,0,5.68,0.0,,,,0.0,1.0,,1.0,7.0,0.0
ADVF005,adversarial_absent,lloyds,fabricated,What provision did Lloyds Banking Group make in 2023 for the settlement of its lawsuit with Apple Inc.?,[NOT IN CORPUS],**£0.2 billion**,lbg-2023-core-financials-part-9::s1;lbg-2023-core-financials-part-8::s0;lbg-2023-core-financials-part-3::s0;lbg-2023-core-financials-part-2::s0;lbg-2023-core-financials-part-9::s0;lbg-2023-core-financials-part-11::s0,lloyds;lloyds;lloyds;lloyds;lloyds;lloyds,0.6507;0.6504;0.6503;0.6478;0.6470;0.6468,0.6506911516189575,1.0,1.0,"Lloyds Banking Group plc — 2023 Annual Report — Summary of Group results continued > Balance sheet
offset by a £0.7 billion reduction in the open mortgage book, a £l.8 billion reduction in the closed mortgage book and a £4.7 billion reduction in Small and Medium Businesses, principally from repayment of government-backed lending. During the fourth quarter, loans and advances to customers reduced by £2.4 billion, mainly due to the impact of the securitisation of £2.7 billion of Retail unsecured loans. Securitisation activity is conducted to manage risk on the balance sheet and to offset regulatory capital pressures, where market opportunities allow net present value positive transactions for the Group.

Customer deposits at £471.4 billion decreased by £3.9 billion (1 per cent) since the end of 2022. This includes a decrease in Retail current account balances of £ll.3 billion as a result of higher spend and a more competitive savings market, including the Group's own savings offers. In Retail savings and Wealth, balances have increased by a combined £8.9 billion, with a significant proportion transferred from the Group's current account customer base given attractive customer offers. Commercial Banking deposits were down £l.0 billion during 2023, reflecting targeted growth in Corporate and Institutional Banking offset by a reduction in Small and Medium Businesses The trend of customer deposit mix change within the Group was slower in the fourth quarter versus the third quarter.

The Group has a large, high quality liquid asset portfolio held mainly in cash and government bonds, with all assets hedged for interest rate risk. The Group's liquid assets continue to significantly exceed regulatory requirements and internal risk appetite, with a stable and strong liquidity coverage ratio of 142 per cent (31 December 2022: 144 per cent) and a strong net stable funding ratio of 130 per cent (31 December 2022: 130 per cent). The loan to deposit ratio of 95 per cent, broadly stable on 2022, continues to reflect a robust funding and liquidity position and offers the potential for lending growth. The Group's funding and liquidity position is further discussed on page 180. ||| Lloyds Banking Group plc — 2023 Annual Report — Summary of Group results continued > Underlying impairment^
## Underlying impairment^

 | 2023 £m | 2022 Change £m %
Charges (credits) pre-updated MES | | 
Retail | 1,064 | 773 | (38)
Commercial Banking | (487) | 122 | 
Other | (12) | 20 | 
 | 565 | 915 | 38
Updated economic outlook | | | 
Retail | (233) | 600 | 
Commercial Banking | (24) | 395 | 
Other | | (400) | 
 | (257) 595 | 
Underlying impairment charge^ | 308 1,510 | 80
Asset quality ratio^ | 0.07% | (0.25)bp
Total expected credit loss allowance (at end of year)A | 0.32% 4,337 5,284 | 18

1 Impairment charges excluding the impact from updated economic outlook taken each quarter.

Asset quality remains strong with credit performance across portfolios relatively stable in the quarter and remaining broadly at, or favourable to pre-pandemic experience. Underlying impairment was £308 million (2022: £l,510 million), resulting in an asset quality ratio of 7 basis points. The fourth quarter impairment credit of £541 million includes the impact of a significant write-back following the full repayment of debt from a single name client. The charge for 2023 also benefits from a net £257 million multiple economic scenarios (MES) release (2022: £595 million charge), including a £l88 million release in the fourth quarter, reflecting modest revisions to the Group's economic outlook. Given this outlook and ongoing portfolio resilience, the Group now expects the asset quality ratio to be less than 30 basis points in 2024.

The pre-updated MES impairment charge was £565 million (2022: £915 million), including a net £487 million release in Commercial Banking largely driven by the significant write-back in the fourth quarter. Excluding this, the equivalent asset quality ratio for the year was 29 basis points, also in line with guidance of less than 30 basis points. Compared to the prior year, while performance has been resilient, there has been modest deterioration from a low base, primarily in legacy variable rate UK mortgage portfolios. The impairment charge also includes the impact ||| Lloyds Banking Group plc — 2023 Annual Report — Statutory results - Part 2/2
Loans and advances to customers fell by £5.2 billion during 2023 to £449.7 billion, in the context of securitisations of £5.2 billion, including £2.5 billion of legacy Retail mortgages (£2.1 billion in the closed mortgage book) during the first quarter and £2.7 billion of Retail unsecured loans in the fourth quarter. Excluding these movements, loans and advances to customers were stable. During the fourth quarter, loans and advances to customers reduced by £2.4 billion, mainly due to the impact of the securitisation of £2.7 billion of Retail unsecured loans.

Customer deposits at £471.4 billion decreased by £3.9 billion (1 per cent) since the end of 2022. This includes a decrease in Retail current account balances of £ll.3 billion as a result of higher spend and a more competitive savings market, including the Group's own savings offers. In Retail savings and Wealth, balances have increased by a combined £8.9 billion, with a significant proportion transferred from the Group's current account customer base given attractive customer offers. Commercial Banking deposits were down £l.0 billion during 2023, reflecting targeted growth in Corporate and Institutional Banking offset by a reduction in Small and Medium Businesses. The trend of customer deposit mix change within the Group was slower in the fourth quarter versus the third quarter.

Total equity of £47,365 million at 31 December 2023 increased from £43,91l million at 31 December 2022. The movement reflected attributable profit for the year, movements in the cash flow hedge reserve and the issuance of other equity instruments, partially offset by market movements impacting pensions, alongside dividends paid and the impact of the share buyback programme. In February 2023, the Board decided to return surplus capital in respect of 2022 through a share buyback programme of up to £2 billion. This commenced in February 2023 and completed on 25 August 2023 with c.4.4 billion (c.7 per cent) ordinary shares repurchased.

Summary balance sheet

The results below are prepared in accordance with the recognition and measurement principles of International Financial Reporting Standards (IFRS). The underlying results are shown on page 48. A ||| Lloyds Banking Group plc — 2023 Annual Report — Statutory results - Part 1/2
The Group's statutory profit before tax for 2023 was £7,503 million, with the increase on the prior year materially driven by the restatement of earnings for the IFRS 17 accounting change in 2022. In addition, 2023 has benefited from higher net income and a significantly lower impairment charge, partly offset by increased operating expenses as expected. Statutory profit after tax was £5,518 million.

The Group's statutory income statement includes income and expenses attributable to the policyholders of the Group's long-term assurance funds, investors in the Group's non-participating investment contracts and third party interests in consolidated funds. These items materially offset in arriving at profit before tax but can, depending on market movements, lead to significant variances on a statutory basis between total income and net finance income in respect of insurance and investment contracts from one period to the next. In 2023, due to market conditions, the Group recognised net gains on policyholder investments within total income, which were materially offset by the corresponding net finance expense in respect of insurance and investment contracts.

Total income, after net finance income in respect of insurance and investment contracts for the year was £l8,629 million, an increase of 20 pe",8,0,6.86,0.0,,,,0.0,1.0,,2.0,16.0,0.0
ADVF006,adversarial_absent,lloyds,fabricated,How much did Lloyds Banking Group spend on sponsorship of the 2023 FIFA World Cup?,[NOT IN CORPUS],**£100 million**,lbg-2023-core-financials-part-7::s0;lbg-2023-core-financials-part-3::s0;lbg-2023-core-financials-part-13::s1;lbg-2023-core-financials-part-9::s0;lbg-2023-core-financials-part-2::s0;lbg-2023-core-financials-part-2::s1,lloyds;lloyds;lloyds;lloyds;lloyds;lloyds,0.6880;0.6870;0.6864;0.6863;0.6809;0.6775,0.6880258321762085,1.0,1.0,"Lloyds Banking Group plc — 2023 Annual Report — Summary of Group results continued
# Summary of Group results continued

Total costsA
 | 2023 £m | 2022 £m | Change %
Operating costsAl | 9,140 | 8,672 | (5)
Remediation | 675 | 255 | 
Total costs^,1 | 9,815 | 8,927 | (10)
 | | | 
Cost:income ratio^l | 54.7% | 51.1% | 3.6pp

1 2022 comparatives have been restated to reflect the impact of IFRS 17. See note 1 on page 218.

Total costs, including remediation, of £9,815 million were 10 per cent higher than in the prior year. Operating costs were in line with guidance at £9,140 million, up 5 per cent, with higher planned strategic investment, severance charges, new business costs and inflationary impacts, partially mitigated by continued cost efficiency. Operating costs were higher in the fourth quarter than in the third impacted by the bank levy as well as severance charges. The Group's cost:income ratio, including remediation, for the year was 54.7 per cent, compared to 51.1 per cent in the prior year. Operating costs are expected to be c.£9.3 billion in 2024, reflecting severance charges and slightly higher than expected inflation. This does not include a potential cost increase of around £0.1 billion, driven by a sector wide change to the way in which the Bank of England charges for supervisory costs. If enacted, this will result in an equivalent, offsetting net interest income gain and have a net neutral profit impact.

The Group recognised remediation costs of £675 million in the year (2022: £255 million), with £541 million in the fourth quarter, in relation to pre-existing programmes and the potential impact of the recently announced FCA review into historical motor finance commission arrangements. There have been no further charges relating to HBOs Reading and the provision held continues to reflect the Group's best estimate of its full liability, albeit uncertainties remain.

The Group has recognised a charge of £450 million for costs and potential redress in light of the Financial Conduct Authority (FCA) section 166 review of historical motor finance commission arrangements ||| Lloyds Banking Group plc — 2023 Annual Report — Statutory results - Part 2/2
Loans and advances to customers fell by £5.2 billion during 2023 to £449.7 billion, in the context of securitisations of £5.2 billion, including £2.5 billion of legacy Retail mortgages (£2.1 billion in the closed mortgage book) during the first quarter and £2.7 billion of Retail unsecured loans in the fourth quarter. Excluding these movements, loans and advances to customers were stable. During the fourth quarter, loans and advances to customers reduced by £2.4 billion, mainly due to the impact of the securitisation of £2.7 billion of Retail unsecured loans.

Customer deposits at £471.4 billion decreased by £3.9 billion (1 per cent) since the end of 2022. This includes a decrease in Retail current account balances of £ll.3 billion as a result of higher spend and a more competitive savings market, including the Group's own savings offers. In Retail savings and Wealth, balances have increased by a combined £8.9 billion, with a significant proportion transferred from the Group's current account customer base given attractive customer offers. Commercial Banking deposits were down £l.0 billion during 2023, reflecting targeted growth in Corporate and Institutional Banking offset by a reduction in Small and Medium Businesses. The trend of customer deposit mix change within the Group was slower in the fourth quarter versus the third quarter.

Total equity of £47,365 million at 31 December 2023 increased from £43,91l million at 31 December 2022. The movement reflected attributable profit for the year, movements in the cash flow hedge reserve and the issuance of other equity instruments, partially offset by market movements impacting pensions, alongside dividends paid and the impact of the share buyback programme. In February 2023, the Board decided to return surplus capital in respect of 2022 through a share buyback programme of up to £2 billion. This commenced in February 2023 and completed on 25 August 2023 with c.4.4 billion (c.7 per cent) ordinary shares repurchased.

Summary balance sheet

The results below are prepared in accordance with the recognition and measurement principles of International Financial Reporting Standards (IFRS). The underlying results are shown on page 48. A ||| Lloyds Banking Group plc — 2023 Annual Report — Summary of Group results continued > Share buyback in respect of 2022 results
being deducted from CETl capital. Šignificant investments primarily arise from investment in the Group's Insurance business.

Risk-weighted assets have increased by £8 billion during the year to £219 billion at 31 December 2023 (31 December 2022: £211 billion). This includes the impact of Retail secured CRD IV model updates of £5 billion. Excluding this, lending, operational and market risk increases, a modest uplift from credit and model calibrations and other movements were partly offset by optimisation, including capital efficient securitisation activity within the balance sheet.

In relation to the Retail secured CRD IV models, it is estimated that a further £5 billion increase will be required over 2024 to 2026, noting that this will be subject to final model outcomes. ||| Lloyds Banking Group plc — 2023 Annual Report — Summary of Group results continued > Balance sheet
## Balance sheet

 | At 31 Dec 2023 | At 31 Dec 2022 | Change %
Loans and advances to customers | £449.7bn | £454.9bn | (1)
Customer deposits | £471.4bn | £475.3bn | (1)
Loan to deposit ratio^ | 95% | 96% | (1)pp
Wholesale funding | £98.7bn | £100.3bn | (2)
Wholesale funding <1 year maturity | £35.1bn | £37.5bn | (6)
Of which money market funding <1 year maturity | £23.8bn | £24.8bn | (4)
Liquidity coverage ratio – eligible assets[2] | £136.0bn | £144.7bn | (6)
Liquidity coverage ratio[3] | 142% | 144% | (2)pp
Net stable funding ratio4 | 130% | 130% | 

1 Excludes balances relating to margins of £2.4 billion (31 December 2022: £2.6 billion).
2 Eligible assets are calculated as a monthly rolling simple average of month end observations over the previous 12 months post any liquidity haircuts.
3 The liquidity coverage ratio is calculated as a mõnthly rolling simple average over the previous 12 months.
4 Net stable funding ratio is based on an average of the four previous quarters.

Loans and advances to customers fell by £5.2 billion during 2023 to £449.7 billion, in the context of securitisations of £5.2 billion, including £2.5 billion of legacy Retail mortgages (£2.1 billion in the closed mortgage book) during the first quarter and £2.7 billion of Retail unsecured loans in the fourth quarter. Excluding these movements, loans and advances to customers were stable, with £4.7 billion growth across unsecured, UK Motor Finance and European retail lending, offset by a £0.7 billion reduction in the open mortgage book, a £l.8 billion reduction in the closed mortgage book and a £4.7 billion reduction in Small and Medium Businesses, principally from repayment of government-backed lending. During the fourth quarter, loans and advances to customers reduced by £2 ||| Lloyds Banking Group plc — 2023 Annual Report — Statutory results - Part 1/2
The Group's statutory profit before tax for 2023 was £7,503 million, with the increase on the prior year materially driven by the restatement of earnings for the IFRS 17 accounting change in 2022. In addition, 2023 has benefited from higher net income and a significantly lower impairment charge, partly offset by increased operating expenses as expected. Statutory profit after tax was £5,518 million.

The Group's statutory income statement includes income and expenses attributable to the policyholders of the Group's long-term assurance funds, investors in the Group's non-participating investment contracts and third party interests in consolidated funds. These items materially offset in arriving at profi",8,0,5.83,0.0,,,,0.0,1.0,,2.0,16.0,0.0
ADVF007,adversarial_absent,lloyds,fabricated,What revenue did Lloyds Banking Group report from its deep-sea mining division in 2023?,[NOT IN CORPUS],**£nil**,lbg-2023-core-financials-part-2::s0;lbg-2023-core-financials-part-3::s0;lbg-2023-core-financials-part-13::s1;lbg-2023-core-financials-part-6::s0;lbg-2023-core-financials-part-4::s0;lbg-2023-core-financials-part-16::s0,lloyds;lloyds;lloyds;lloyds;lloyds;lloyds,0.7221;0.7184;0.7135;0.7115;0.7080;0.7037,0.722110390663147,1.0,1.0,"Lloyds Banking Group plc — 2023 Annual Report — Statutory results - Part 1/2
The Group's statutory profit before tax for 2023 was £7,503 million, with the increase on the prior year materially driven by the restatement of earnings for the IFRS 17 accounting change in 2022. In addition, 2023 has benefited from higher net income and a significantly lower impairment charge, partly offset by increased operating expenses as expected. Statutory profit after tax was £5,518 million.

The Group's statutory income statement includes income and expenses attributable to the policyholders of the Group's long-term assurance funds, investors in the Group's non-participating investment contracts and third party interests in consolidated funds. These items materially offset in arriving at profit before tax but can, depending on market movements, lead to significant variances on a statutory basis between total income and net finance income in respect of insurance and investment contracts from one period to the next. In 2023, due to market conditions, the Group recognised net gains on policyholder investments within total income, which were materially offset by the corresponding net finance expense in respect of insurance and investment contracts.

Total income, after net finance income in respect of insurance and investment contracts for the year was £l8,629 million, an increase of 20 per cent on 2022, largely reflecting an exceptional charge in the prior year under IFRS 17 from contract modifications in Insurance, Pensions and Investments. Net interest income of £i3,298 million was up 3 per cent on the prior year, driven by stronger margins and higher average interest-earning assets, including growth in the open mortgage book, Retail unsecured and European retail business. Other income amounted to a gain of £22,107 million in 2023, compared to a loss of £18,268 million in 2022. Net finance income in respect of insurance and investment contracts was a loss of £16,776 million in the year compared to a gain of £20,887 million in 2022, reflecting improved equity and debt markets.

The Group maintained its focus on cost management, whilst increasing strategic investment as planned. Total operating expenses of £i0,823 million were 17 per cent higher than in the prior year. This reflects higher planned strategic investment, severance charges, new business costs and inflationary ||| Lloyds Banking Group plc — 2023 Annual Report — Statutory results - Part 2/2
Loans and advances to customers fell by £5.2 billion during 2023 to £449.7 billion, in the context of securitisations of £5.2 billion, including £2.5 billion of legacy Retail mortgages (£2.1 billion in the closed mortgage book) during the first quarter and £2.7 billion of Retail unsecured loans in the fourth quarter. Excluding these movements, loans and advances to customers were stable. During the fourth quarter, loans and advances to customers reduced by £2.4 billion, mainly due to the impact of the securitisation of £2.7 billion of Retail unsecured loans.

Customer deposits at £471.4 billion decreased by £3.9 billion (1 per cent) since the end of 2022. This includes a decrease in Retail current account balances of £ll.3 billion as a result of higher spend and a more competitive savings market, including the Group's own savings offers. In Retail savings and Wealth, balances have increased by a combined £8.9 billion, with a significant proportion transferred from the Group's current account customer base given attractive customer offers. Commercial Banking deposits were down £l.0 billion during 2023, reflecting targeted growth in Corporate and Institutional Banking offset by a reduction in Small and Medium Businesses. The trend of customer deposit mix change within the Group was slower in the fourth quarter versus the third quarter.

Total equity of £47,365 million at 31 December 2023 increased from £43,91l million at 31 December 2022. The movement reflected attributable profit for the year, movements in the cash flow hedge reserve and the issuance of other equity instruments, partially offset by market movements impacting pensions, alongside dividends paid and the impact of the share buyback programme. In February 2023, the Board decided to return surplus capital in respect of 2022 through a share buyback programme of up to £2 billion. This commenced in February 2023 and completed on 25 August 2023 with c.4.4 billion (c.7 per cent) ordinary shares repurchased.

Summary balance sheet

The results below are prepared in accordance with the recognition and measurement principles of International Financial Reporting Standards (IFRS). The underlying results are shown on page 48. A ||| Lloyds Banking Group plc — 2023 Annual Report — Summary of Group results continued > Share buyback in respect of 2022 results
being deducted from CETl capital. Šignificant investments primarily arise from investment in the Group's Insurance business.

Risk-weighted assets have increased by £8 billion during the year to £219 billion at 31 December 2023 (31 December 2022: £211 billion). This includes the impact of Retail secured CRD IV model updates of £5 billion. Excluding this, lending, operational and market risk increases, a modest uplift from credit and model calibrations and other movements were partly offset by optimisation, including capital efficient securitisation activity within the balance sheet.

In relation to the Retail secured CRD IV models, it is estimated that a further £5 billion increase will be required over 2024 to 2026, noting that this will be subject to final model outcomes. ||| Lloyds Banking Group plc — 2023 Annual Report — Underlying results^ - Part 2/2
The Group manages the risk to earnings and capital from movements in interest rates by hedging the net liabilities which are stable or less sensitive to movements in rates. The notional balance of the sterling structural hedge was £247 billion (31 December 2022: £255 billion, 30 September 2023: £251 billion) with a weighted average duration of approximately three-and-a-half years (31 December 2022: approximately three-and-a-half years), representing a modest notional balance reduction in the second half of the year, consistent with guidance. The Group expects a further modest reduction in the notional balance during 2024, stabilising over the course of the year. The Group generated £3.4 billion of total income from sterling structural hedge balances in 2023, representing material growth over the prior year (2022: £2.6 billion). The Group expects sterling structural hedge earnings in 2024 to be c.£0.7 billion higher than in 2023.

Underlying other income in 2023 of £5,123 million was 10 per cent higher compared to £4,666 million in 2022. This was driven by growth across Retail, Commercial Banking and Insurance, Pensions and Investments. Underlying other income was broadly stable in the fourth quarter versus the third, with consistent business unit performance and some impact from severe weather event claims in the Insurance business

Retail underlying other income was up 25 per cent on 2022, due to higher current account and credit card activity, improved Lex performance and growth from the acquisition of Tusker. Within Commercial Banking 8 per cent growth in the year reflected improved performance in capital markets financing and trading. Insurance, Pensions and Investments underlying other income was 26 per cent higher than the prior year driven by business growth, favourable market returns and the accounting unwind benefit of adding a drawdown feature in 2022 to existing longstanding and workplace pension business. In Equity Investments and Central Items underlying other income was impacted mainly by higher funding costs on structured medium term notes in issue (offset by interest income earned on the placement of the funds raised) and to a limited extent by subdued exit markets affecting the Group's equity investment businesses.

The Group delivered good organic gr",5,0,6.58,0.0,,,,0.0,1.0,,1.0,8.0,0.0
ADVF008,adversarial_absent,lloyds,fabricated,What restructuring charge did Lloyds Banking Group book for closing its Iceland branch network in 2023?,[NOT IN CORPUS],"in 2022, reflecting severance charges, new business costs and inflationary impacts, partially mitigated by continued cost efficiency. Impairment charges were £308 million in 2023, compared to £1,510 million in 2022, reflecting modest revisions to the Group's economic outlook and a significant write-back in the fourth quarter following the full repayment of debt from a single name client. The asset quality ratio for the year was 7 basis points. Profit for the year attributable to ordinary shareholders was £4,933 million, compared to £3,389 million in 2022, representing a 46 per cent increase. The Group's ordinary shares in issue were 64,953 million at 31 December 2023, compared to 68,847 million at 31 December 2022, reflecting the completion of the share buyback programme in August 2023. Basic earnings per share were 7.6p, compared to 4.9p in 2022, an increase of 2.7p.

[lbg-2023-core-financials-part-1::s0] Lloyds Banking Group plc — 2023 Annual Report — Statutory results - Part 1/2
The Group's statutory profit before tax for 2023 was £7,503 million, with the increase on the prior year materially driven by the restatement of earnings for the IFRS 17 accounting change in 2022. In addition, 2023 has benefited from higher net income and a significantly lower impairment charge, partly offset by increased operating expenses as expected. Statutory profit after tax was £5,518 million.

The Group's statutory income statement includes income and expenses attributable to the policyholders of the Group's long-term assurance funds, investors in the Group's non-participating investment contracts and third party interests in consolidated funds. These items materially offset in arriving at profit before tax but can, depending on market movements, lead to significant variances on a statutory basis between total income and net finance income in respect of insurance and investment contracts from one period to the next. In 2023, due to market conditions, the Group recognised net gains on policyholder investments within total income, which were materially offset by the corresponding net finance expense",lbg-2023-core-financials-part-7::s0;lbg-2023-core-financials-part-4::s0;lbg-2023-core-financials-part-9::s0;lbg-2023-core-financials-part-8::s0;lbg-2023-core-financials-part-3::s0;lbg-2023-core-financials-part-2::s0,lloyds;lloyds;lloyds;lloyds;lloyds;lloyds,0.6621;0.6534;0.6534;0.6491;0.6468;0.6464,0.6620694398880005,1.0,1.0,"Lloyds Banking Group plc — 2023 Annual Report — Summary of Group results continued
# Summary of Group results continued

Total costsA
 | 2023 £m | 2022 £m | Change %
Operating costsAl | 9,140 | 8,672 | (5)
Remediation | 675 | 255 | 
Total costs^,1 | 9,815 | 8,927 | (10)
 | | | 
Cost:income ratio^l | 54.7% | 51.1% | 3.6pp

1 2022 comparatives have been restated to reflect the impact of IFRS 17. See note 1 on page 218.

Total costs, including remediation, of £9,815 million were 10 per cent higher than in the prior year. Operating costs were in line with guidance at £9,140 million, up 5 per cent, with higher planned strategic investment, severance charges, new business costs and inflationary impacts, partially mitigated by continued cost efficiency. Operating costs were higher in the fourth quarter than in the third impacted by the bank levy as well as severance charges. The Group's cost:income ratio, including remediation, for the year was 54.7 per cent, compared to 51.1 per cent in the prior year. Operating costs are expected to be c.£9.3 billion in 2024, reflecting severance charges and slightly higher than expected inflation. This does not include a potential cost increase of around £0.1 billion, driven by a sector wide change to the way in which the Bank of England charges for supervisory costs. If enacted, this will result in an equivalent, offsetting net interest income gain and have a net neutral profit impact.

The Group recognised remediation costs of £675 million in the year (2022: £255 million), with £541 million in the fourth quarter, in relation to pre-existing programmes and the potential impact of the recently announced FCA review into historical motor finance commission arrangements. There have been no further charges relating to HBOs Reading and the provision held continues to reflect the Group's best estimate of its full liability, albeit uncertainties remain.

The Group has recognised a charge of £450 million for costs and potential redress in light of the Financial Conduct Authority (FCA) section 166 review of historical motor finance commission arrangements ||| Lloyds Banking Group plc — 2023 Annual Report — Summary income statement
## Summary income statement

 | 2023 £m | 2022 £m | Change %
Net interest income | 13,298 | 12,922 | 3
Other income | 22,107 | (18,268) | 
Total income | 35,405 | (5,346) | 
Net finance (expense) income in respect of insurance and investment contracts | (16,776) | 20,887 | 
Total income, after net finance (expense) income in respect of insurance and investment contracts | 18,629 | 15,541 | 20
Operating expenses | (10,823) | (9,237) | 17
Impairment | (303) | (1,522) | 80
Profit before tax | 7,503 | 4,782 | 57
Tax expense | (1,985) | (859) | 
Profit for the year | 5,518 | 3,923 | 41
 | | | 
Profit attributable to ordinary shareholders | 4,933 | 3,389 | 46
Profit attributable to other equity holders | 527 | 438 | 20
Profit attributable to non-controlling interests | 58 | 96 | (40)
Profit for the year | 5,518 | 3,923 | 41
 | | | 
Ordinary shares in issue (weighted average – basic) | 64,953m | 68,847m | (6)
Basic earnings per share | 7.6p | 4.9p | 2.7p

1 Restated for presentational changes and for the adoption of IFRS 17; see notes 1 (page 218) and 54 (page 329).

 | At 31 Dec 2023 | At 31 Dec 20221 | Change
Assets | £m | £m | %
Cash and balances at central banks | 78,110 | 91,388 | (15)
Financial assets at fair value through profit or loss | 203,318 | 180,769 | 12
Derivative financial instruments | 22,356 | 24,753 | (10)
Financial assets at amortised cost | 514,635 | 520,322 | (1)
Financial assets at fair value through other comprehensive income | 27,592 | 23,154 | 19
Other assets | ||| Lloyds Banking Group plc — 2023 Annual Report — Summary of Group results continued > Balance sheet
## Balance sheet

 | At 31 Dec 2023 | At 31 Dec 2022 | Change %
Loans and advances to customers | £449.7bn | £454.9bn | (1)
Customer deposits | £471.4bn | £475.3bn | (1)
Loan to deposit ratio^ | 95% | 96% | (1)pp
Wholesale funding | £98.7bn | £100.3bn | (2)
Wholesale funding <1 year maturity | £35.1bn | £37.5bn | (6)
Of which money market funding <1 year maturity | £23.8bn | £24.8bn | (4)
Liquidity coverage ratio – eligible assets[2] | £136.0bn | £144.7bn | (6)
Liquidity coverage ratio[3] | 142% | 144% | (2)pp
Net stable funding ratio4 | 130% | 130% | 

1 Excludes balances relating to margins of £2.4 billion (31 December 2022: £2.6 billion).
2 Eligible assets are calculated as a monthly rolling simple average of month end observations over the previous 12 months post any liquidity haircuts.
3 The liquidity coverage ratio is calculated as a mõnthly rolling simple average over the previous 12 months.
4 Net stable funding ratio is based on an average of the four previous quarters.

Loans and advances to customers fell by £5.2 billion during 2023 to £449.7 billion, in the context of securitisations of £5.2 billion, including £2.5 billion of legacy Retail mortgages (£2.1 billion in the closed mortgage book) during the first quarter and £2.7 billion of Retail unsecured loans in the fourth quarter. Excluding these movements, loans and advances to customers were stable, with £4.7 billion growth across unsecured, UK Motor Finance and European retail lending, offset by a £0.7 billion reduction in the open mortgage book, a £l.8 billion reduction in the closed mortgage book and a £4.7 billion reduction in Small and Medium Businesses, principally from repayment of government-backed lending. During the fourth quarter, loans and advances to customers reduced by £2 ||| Lloyds Banking Group plc — 2023 Annual Report — Summary of Group results continued > Underlying impairment^
## Underlying impairment^

 | 2023 £m | 2022 Change £m %
Charges (credits) pre-updated MES | | 
Retail | 1,064 | 773 | (38)
Commercial Banking | (487) | 122 | 
Other | (12) | 20 | 
 | 565 | 915 | 38
Updated economic outlook | | | 
Retail | (233) | 600 | 
Commercial Banking | (24) | 395 | 
Other | | (400) | 
 | (257) 595 | 
Underlying impairment charge^ | 308 1,510 | 80
Asset quality ratio^ | 0.07% | (0.25)bp
Total expected credit loss allowance (at end of year)A | 0.32% 4,337 5,284 | 18

1 Impairment charges excluding the impact from updated economic outlook taken each quarter.

Asset quality remains strong with credit performance across portfolios relatively stable in the quarter and remaining broadly at, or favourable to pre-pandemic experience. Underlying impairment was £308 million (2022: £l,510 million), resulting in an asset quality ratio of 7 basis points. The fourth quarter impairment credit of £541 million includes the impact of a significant write-back following the full repayment of debt from a single name client. The charge for 2023 also benefits from a net £257 million multiple economic scenarios (MES) release (2022: £595 million charge), including a £l88 million release in the fourth quarter, reflecting modest revisions to the Group's economic outlook. Given this outlook and ongoing portfolio resilience, the Group now expects the asset quality ratio to be less than 30 basis points in 2024.

The pre-updated MES impairment charge was £565 million (2022: £915 million), including a net £487 million release in Commercial Banking largely driven by the significant write-back in the fourth quarter. Excluding this, the equivalent asset quality ratio for the year was 29 basis points, also in line with guidance of less than 30 basis points. Compared to the prior year, while performance has been resilient, there has been modest deterioration from a low base, primarily in legacy variable rate UK mortgage portfolios. The impairment charge also includes the impact ||| Lloyds Banking Group plc — 2023 Annual Report — Statutory results - Part 2/2
Loans and advances to customers fell by £5.2 billion during 2023 to £449.7 billion, in the context of securitisations of £5.2 billion, including £2.5 billion of legacy Retail mortgages (£2.1 billion in the closed mortgage book) dur",512,1,65.03,0.0,,,,0.0,1.0,,320.0,2118.0,0.0
ADVF009,adversarial_absent,natwest,fabricated,What was NatWest Group's cryptocurrency trading revenue in 2023?,[NOT IN CORPUS],**£794 million**,nwg-2023-core-financials-part-7::s0;nwg-2023-core-financials-part-4::s0;nwg-2023-core-financials-part-1::s0;nwg-2023-core-financials-part-4::s1;nwg-2023-core-financials-part-18::s0;nwg-2023-core-financials-part-7::s1,natwest;natwest;natwest;natwest;natwest;natwest,0.7269;0.7197;0.7144;0.7108;0.7099;0.7097,0.7269403338432312,1.0,1.0,"NatWest Group plc — 2023 Annual Report — Group Chief Financial Officer's review > Income – continuing operations - Part 1/2
| 2023 £m | 2022 £m | Variance
£m | %
Interest receivable (1) | 21,026 | 12,637 | 8,389 | 66.4%
Interest payable (1) | (9,977) | (2,795) | (7,182) | 257.0%
Net interest income | 11,049 | 9,842 | 1,207 | 12.3%
 | | | | 
Net fees and commissions Income from trading activities | 2,330 | 2,292 | 38 | 1.7%
 | 794 | 1,133 | (339) | (29.9%)
Other operating income | 579 | (111) | 690 | nm
Non-interest income | 3,703 | 3,314 | 389 | 11.7%
Total income | 14,752 | 13,156 | 1,596 | 12.1%
Total income excluding notable items | 14,339 | 13,061 | 1,278 | 9.8%

Notable items within total income
Commercial & Institutional Fair value, disposal losses and asset disposals/ strategic risk reduction Own credit adjustments (OCA) Tax interest on prior periods | (2) 3 | (45) 42
Central items & other Loss on redemption of own debt Effective interest rate adjustment as a result of redemption of own debt | | (161) (41)
Profit from insurance liabilities Liquidity Asset Bond sale losses Share of associate losses for Business Growth Fund | (43) (4) | 92 (88) (22)
Property strategy update Interest and foreign exchange management derivatves not in hedge accounting relationships Foreign exchange recycling gains | (69) 79 | 369
Ulster Bank Rol fair value mortgage adjustments Tax interest on prior periods | 484 (35) 413 | (51)

nm = not meaningful
(1) Interest receivable and interest payable on trading assets and liabilities are included in income from trading activities.

Total income increased by 12.1% to £14,752 million compared with 2022. Total Income excluding notable items was £14,339 million, or 9.8%, higher than 2022 driven ||| NatWest Group plc — 2023 Annual Report — Group Chief Financial Officer's review > Financial performance - Part 1/2
Total income increased by 12.1% to £14.8 billion compared with 2022. Total income excluding notable items, was 9.8% higher than the prior year principally driven by lending growth, higher income in our markets business and favourable yield curve movements partially offset by the change in deposit mix from non-interest bearing to interest bearing and lower deposit balances. Bank NIM of 3.04%

was 19 basis points higher than 2022 primarily due to benefits from yield curve movements, net of changes in deposit mix, partially offset by lending margin pressure.

Total operating expenses were £309 million higher than 2022. Óther operating expenses were £339 million, or 4.6%, higher for the year at £7.6 billion, in line with our full year guidance. The increase was principally due to higher staff costs, including a payment to support our colleagues with cost of living challenges and inflationary pressures on utility and contract costs. FTE(1) reduced by c.300 to c.61,200 principally reflecting reductions as we continue our exit from the Republic of Ireland and automation and simplification in Retail Banking, partially offset by investment in technology and data roles.

A net impairment charge of £578 million, or 15 basis points of gross customer loans, primarily reflects continued low and stable levels of stage 3 defaults across the portfolio and good book charges related to unsecured lending. Compared with 2022, our ECL provision increased by £0.2 billion to £3.6 billion and our ECL coverage ratio has increased from 0.91% to 0.93%. We retain post model adjustments of £0.4 billion related to economic uncertainty, or 11.8% of total impairment provisions.

As a result, we are pleased to report an attributable profit for 2023 of £4.4 billion, with earnings per share of 47.9 pence and a RoTE of 17.8%, above our guided range. The profit for the year includes a deferred tax asset write back of £385 million in respect of tax losses.

Net loans to customers excluding central items increased by £8.9 billion in the year largely reflecting a £7.6 billion increase in Retail Banking and ||| NatWest Group plc — 2023 Annual Report — Financial Summary - Part 1/2
| Year ended or as at
2023 | 2022 | Variance
Performance key metrics and ratios | | | 
Total income | £14,752m | £13,156m | 12.1%
Notable items within total income (1) | £413m | £95m | nm
Total income excluding notable items (1) | £14,339m | £13,061m | 9.8%
Bank net interest margin (1) | 3.04% | 2.85% | 19bps
Bank average interest earning assets (1) | £363bn | £345bn | 5.2%
Cost:income ratio (excl. litigation and conduct) (1) | 51.8% | 55.5% | (3.7%)
Loan impairment rate (1) | 15bps | 9bps | 6bps
Profit attributable to ordinary shareholders Total earnings per share attributable to ordinary | £4,394m | £3,340m | 31.6%
shareholders – basic | 47.9p | 33.8p | 14.1p
Return on tangible equity (RoTE) (1) | 17.8% | 12.3% | 5.5%
Climate and sustainable funding and financing (2) | £29.3bn | £24.5bn | 19.6%
Balance sheet | | | 
Total assets | £692.7bn | £720.1bn | (3.8%)
Loans to customers – amortised cost | £381.4bn | £366.3bn | 4.1%
Loans to customers excluding central items (1,3) | £355.6bn | £346.7bn | 2.6%
Loans to customers and banks – amortised cost | | | 
FVOCI | £392.0bn | £377.1bn | 4.0%
Total impairment provisions (4) | £3.6bn | £3.4bn | 5.9%
Expected credit loss (ECL) coverage ratio | 0.93% | 0.91% | 2bps
Assets under management and administration | | | 
(AUMA) (1) ||| NatWest Group plc — 2023 Annual Report — Group Chief Financial Officer's review > Financial performance - Part 1/2
17.8%, above our guided range. The profit for the year includes a deferred tax asset write back of £385 million in respect of tax losses.

Net loans to customers excluding central items increased by £8.9 billion in the year largely reflecting a £7.6 billion increase in Retail Banking and £2.0 billion of growth in Commercial & Institutional due to an increase in term loan facilities and private financing within Corporate & Institutions, net of £2.7 billion of UK Government scheme repayments. Retail Banking mortgage lending increased by £5.9 billion, with gross new mortgage lending of £29.8 billion in 2023 compared with £41.4 billion in 2022 reflecting the smaller mortgage market, and unsecured lending increased by £2.0 billion with continued strong customer demand. Private Banking net loans to customers decreased by £0.7 billion driven by higher repayments on mortgages. Up to 31 December 2023 we have provided £61.9 billion against our target to provide £100 billion climate and sustainable funding and financing between 1 July 2021 and the end of 2025.

(1) Full Time Equivalents of our permanent and internal fixed term resource. Each full-time employee is one FTE, with part-time employees recorded based on hours worked.

As part of this we aim to provide at least £10 billion in lending for residential properties with Energy Performance Certificate (EPC) ratings A and B between 1 January 2023 and the end of 2025. During 2023 we provided £29.3 billion climate and sustainable funding and financing, which included £3.9 billion in lending for residential properties with EPC ratings A and B. ||| NatWest Group plc — 2023 Annual Report — Group Chief Financial Officer's review > Consolidated income statement - Part 1/2
For the year ended 31 December 2023

Note | 2023 | 2022 | 2021 (1)
Interest receivable | £m 21,026 | £m 12,637 | £m 9,234
Interest payable | (9,977) | (2,795) | (1,699)
Net interest income | 11,049 | 9,842 | 7,535
1 Fees and commissions receivable | 2,983 | 2,915 | 2,694
Fees and commissions payable | | (623) | (574)
Trading income | (653) | | 323
Other operating income | 794 | 1,133 | 451
Non-interest income 2 | 579 | (111) | 
Total income | 3,703 | 3,314 | 2,894
Staff costs | 14,752 | 13,156 | 10,429
Premises and equipment | (3,901) | (3,716) | (3,676)
Other administrative expenses | (1,153) | (1,112) | (1,133)
Depreciation and amortisation | (2,008) | (2,026) | (2,026)
Operating expenses | (934) | (833) | (923)
Profit before impairment losses/releases | (7,996) | (7,687) | (7,758)
Impairment (losses",8,0,7.01,0.0,,,,0.0,1.0,,2.0,16.0,0.0
ADVF010,adversarial_absent,natwest,fabricated,What was NatWest Group's advertising spend on Japanese television in 2023?,[NOT IN CORPUS],**£100m**,nwg-2023-core-financials-part-4::s1;nwg-2023-core-financials-part-13;nwg-2023-core-financials-part-1::s0;nwg-2023-core-financials-part-4::s0;nwg-2023-core-financials-part-18::s0;nwg-2023-core-financials-part-7::s0,natwest;natwest;natwest;natwest;natwest;natwest,0.6552;0.6417;0.6412;0.6370;0.6360;0.6354,0.6551733613014221,1.0,1.0,"NatWest Group plc — 2023 Annual Report — Group Chief Financial Officer's review > Financial performance - Part 1/2
17.8%, above our guided range. The profit for the year includes a deferred tax asset write back of £385 million in respect of tax losses.

Net loans to customers excluding central items increased by £8.9 billion in the year largely reflecting a £7.6 billion increase in Retail Banking and £2.0 billion of growth in Commercial & Institutional due to an increase in term loan facilities and private financing within Corporate & Institutions, net of £2.7 billion of UK Government scheme repayments. Retail Banking mortgage lending increased by £5.9 billion, with gross new mortgage lending of £29.8 billion in 2023 compared with £41.4 billion in 2022 reflecting the smaller mortgage market, and unsecured lending increased by £2.0 billion with continued strong customer demand. Private Banking net loans to customers decreased by £0.7 billion driven by higher repayments on mortgages. Up to 31 December 2023 we have provided £61.9 billion against our target to provide £100 billion climate and sustainable funding and financing between 1 July 2021 and the end of 2025.

(1) Full Time Equivalents of our permanent and internal fixed term resource. Each full-time employee is one FTE, with part-time employees recorded based on hours worked.

As part of this we aim to provide at least £10 billion in lending for residential properties with Energy Performance Certificate (EPC) ratings A and B between 1 January 2023 and the end of 2025. During 2023 we provided £29.3 billion climate and sustainable funding and financing, which included £3.9 billion in lending for residential properties with EPC ratings A and B. ||| NatWest Group plc — 2023 Annual Report — Group Chief Financial Officer's review > Financial summary continued - Part 2/2
Total loans to customers increased by £15.1 billion to £381.4 billion, primarily reflecting £7.6 billion growth mainly in the Retail Banking mortgage and credit cards business and a £6.5 billion increase in Treasury mainly due to higher reverse repos.

Total loans to banks decreased by £0.2 billion, 3%, to £6.9 billion due to lower Commercial & Institutional nostro balances.

Customer deposits decreased by £18.9 billion reflecting a reduction of £9.9 billion in Commercial & Institutional and £3.5 billion reduction in Private Banking, lower business current accounts, savings and non-interest bearing deposits, and a £6.0 billion reduction as a result of the withdrawal from the Republic of Ireland. – Bank deposits increased by £1.7 billion mainly due to higher repo activity. Bank denosits increased bv f1 7 billion mainlv due to hiaher reno activity

Other financial liabilities, which includes customer deposits at fair value through profit and loss and debt securities in issue, increased by £6.0 billion, to £55.1 billion.

Subordinated liabilities have decreased by £0.5 billion, 9%, to £5.7 billion due to redemptions partially offset by new issuances.

Other liabilities decreased by £0.1 billion, 3%, to £5.2 billion mainly due to lower lease liabilities partially offset by higher financial guarantees.

Owners' equity increased by £0.7 billion, 2%, to £37.2 billion, driven by higher profit for the year of £4.8 billion offset by dividends paid of £1.5 billion and shares repurchased in the year of £2.0 billion. ||| NatWest Group plc — 2023 Annual Report — Financial Summary - Part 1/2
| Year ended or as at
2023 | 2022 | Variance
Performance key metrics and ratios | | | 
Total income | £14,752m | £13,156m | 12.1%
Notable items within total income (1) | £413m | £95m | nm
Total income excluding notable items (1) | £14,339m | £13,061m | 9.8%
Bank net interest margin (1) | 3.04% | 2.85% | 19bps
Bank average interest earning assets (1) | £363bn | £345bn | 5.2%
Cost:income ratio (excl. litigation and conduct) (1) | 51.8% | 55.5% | (3.7%)
Loan impairment rate (1) | 15bps | 9bps | 6bps
Profit attributable to ordinary shareholders Total earnings per share attributable to ordinary | £4,394m | £3,340m | 31.6%
shareholders – basic | 47.9p | 33.8p | 14.1p
Return on tangible equity (RoTE) (1) | 17.8% | 12.3% | 5.5%
Climate and sustainable funding and financing (2) | £29.3bn | £24.5bn | 19.6%
Balance sheet | | | 
Total assets | £692.7bn | £720.1bn | (3.8%)
Loans to customers – amortised cost | £381.4bn | £366.3bn | 4.1%
Loans to customers excluding central items (1,3) | £355.6bn | £346.7bn | 2.6%
Loans to customers and banks – amortised cost | | | 
FVOCI | £392.0bn | £377.1bn | 4.0%
Total impairment provisions (4) | £3.6bn | £3.4bn | 5.9%
Expected credit loss (ECL) coverage ratio | 0.93% | 0.91% | 2bps
Assets under management and administration | | | 
(AUMA) (1) ||| NatWest Group plc — 2023 Annual Report — Group Chief Financial Officer's review > Financial performance - Part 1/2
Total income increased by 12.1% to £14.8 billion compared with 2022. Total income excluding notable items, was 9.8% higher than the prior year principally driven by lending growth, higher income in our markets business and favourable yield curve movements partially offset by the change in deposit mix from non-interest bearing to interest bearing and lower deposit balances. Bank NIM of 3.04%

was 19 basis points higher than 2022 primarily due to benefits from yield curve movements, net of changes in deposit mix, partially offset by lending margin pressure.

Total operating expenses were £309 million higher than 2022. Óther operating expenses were £339 million, or 4.6%, higher for the year at £7.6 billion, in line with our full year guidance. The increase was principally due to higher staff costs, including a payment to support our colleagues with cost of living challenges and inflationary pressures on utility and contract costs. FTE(1) reduced by c.300 to c.61,200 principally reflecting reductions as we continue our exit from the Republic of Ireland and automation and simplification in Retail Banking, partially offset by investment in technology and data roles.

A net impairment charge of £578 million, or 15 basis points of gross customer loans, primarily reflects continued low and stable levels of stage 3 defaults across the portfolio and good book charges related to unsecured lending. Compared with 2022, our ECL provision increased by £0.2 billion to £3.6 billion and our ECL coverage ratio has increased from 0.91% to 0.93%. We retain post model adjustments of £0.4 billion related to economic uncertainty, or 11.8% of total impairment provisions.

As a result, we are pleased to report an attributable profit for 2023 of £4.4 billion, with earnings per share of 47.9 pence and a RoTE of 17.8%, above our guided range. The profit for the year includes a deferred tax asset write back of £385 million in respect of tax losses.

Net loans to customers excluding central items increased by £8.9 billion in the year largely reflecting a £7.6 billion increase in Retail Banking and ||| NatWest Group plc — 2023 Annual Report — Group Chief Financial Officer's review > Consolidated income statement - Part 1/2
For the year ended 31 December 2023

Note | 2023 | 2022 | 2021 (1)
Interest receivable | £m 21,026 | £m 12,637 | £m 9,234
Interest payable | (9,977) | (2,795) | (1,699)
Net interest income | 11,049 | 9,842 | 7,535
1 Fees and commissions receivable | 2,983 | 2,915 | 2,694
Fees and commissions payable | | (623) | (574)
Trading income | (653) | | 323
Other operating income | 794 | 1,133 | 451
Non-interest income 2 | 579 | (111) | 
Total income | 3,703 | 3,314 | 2,894
Staff costs | 14,752 | 13,156 | 10,429
Premises and equipment | (3,901) | (3,716) | (3,676)
Other administrative expenses | (1,153) | (1,112) | (1,133)
Depreciation and amortisation | (2,008) | (2,026) | (2,026)
Operating expenses | (934) | (833) | (923)
Profit before impairment losses/releases | (7,996) | (7,687) | (7,758)
Impairment (losses)/releases | 6,756 | 5,469 | 2,671
Operating profit before tax | (578) | (337) | 1,173
Tax charge",8,0,6.85,0.0,,,,0.0,1.0,,1.0,9.0,0.0
ADVF011,adversarial_absent,natwest,fabricated,How many retail branches did NatWest Group operate in Argentina at the end of 2023?,[NOT IN CORPUS],**10**,nwg-2023-core-financials-part-4::s1;nwg-2023-core-financials-part-12::s1;nwg-2023-core-financials-part-7::s0;nwg-2023-core-financials-part-13;nwg-2023-core-financials-part-5;nwg-2023-core-financials-part-21::s0,natwest;natwest;natwest;natwest;natwest;natwest,0.6611;0.6578;0.6574;0.6552;0.6508;0.6489,0.6611182689666748,1.0,1.0,"NatWest Group plc — 2023 Annual Report — Group Chief Financial Officer's review > Financial performance - Part 1/2
17.8%, above our guided range. The profit for the year includes a deferred tax asset write back of £385 million in respect of tax losses.

Net loans to customers excluding central items increased by £8.9 billion in the year largely reflecting a £7.6 billion increase in Retail Banking and £2.0 billion of growth in Commercial & Institutional due to an increase in term loan facilities and private financing within Corporate & Institutions, net of £2.7 billion of UK Government scheme repayments. Retail Banking mortgage lending increased by £5.9 billion, with gross new mortgage lending of £29.8 billion in 2023 compared with £41.4 billion in 2022 reflecting the smaller mortgage market, and unsecured lending increased by £2.0 billion with continued strong customer demand. Private Banking net loans to customers decreased by £0.7 billion driven by higher repayments on mortgages. Up to 31 December 2023 we have provided £61.9 billion against our target to provide £100 billion climate and sustainable funding and financing between 1 July 2021 and the end of 2025.

(1) Full Time Equivalents of our permanent and internal fixed term resource. Each full-time employee is one FTE, with part-time employees recorded based on hours worked.

As part of this we aim to provide at least £10 billion in lending for residential properties with Energy Performance Certificate (EPC) ratings A and B between 1 January 2023 and the end of 2025. During 2023 we provided £29.3 billion climate and sustainable funding and financing, which included £3.9 billion in lending for residential properties with EPC ratings A and B. ||| NatWest Group plc — 2023 Annual Report — Group Chief Financial Officer's review > Financial summary continued - Part 1/2
| 6,260 | (546) | 
Notes in circulation | 3,237 | 3,218 | 19 | (9)
Other liabilities | 5,202 | 5,346 | (144) | 1
Total liabilities | 655,485 | 683,557 | (28,072) | (3) (4)
Total equity | | | | 
 | 37,188 | 36,496 | 692 | 2
Total liabilities and equity | 692,673 | 720,053 | (27,380) | (4)
 | | | | 
Tangible net asset value per ordinary share (1) | 292p | 264p | 28p | 11%

(1) Tangible net asset value per ordinary share is tangible equity divided by the number of ordinary shares.

Total assets of £692.7 billion as at 31 December 2023 decreased by £27.4 billion, 4%, compared with 31 December 2022. This was primarily driven by decreases in cash and balances at central banks and derivative assets partially offset by an increase in other financial assets and loans to customers.

Cash and balances at central banks decreased by £40.6 billion mainly due to net business segment funding outflows of £17.3 billion and a decrease of £19.5 billion mainly driven by the acquisition of non-cash liquid assets as part of on going liquidity management.

Other financial assets increased by £20.2 billion mainly as a result of net bonds activity of £16.5 billion and an increase in Commercial & Institutional, £3.8 billion, mainly driven by an increase in held-to-collect securities purchased to support customer primary issuance.

Derivative assets decreased by £20.6 billion, 21%, to £78.9 billion and liabilities decreased by £21.7 billion, 23%, to £72.4 billion. These movements were driven by a decrease in exchange rate and interest rate trading books mainly due to matured and buyouts trades exceeding new trades. ||| NatWest Group plc — 2023 Annual Report — Group Chief Financial Officer's review > Income – continuing operations - Part 1/2
| 2023 £m | 2022 £m | Variance
£m | %
Interest receivable (1) | 21,026 | 12,637 | 8,389 | 66.4%
Interest payable (1) | (9,977) | (2,795) | (7,182) | 257.0%
Net interest income | 11,049 | 9,842 | 1,207 | 12.3%
 | | | | 
Net fees and commissions Income from trading activities | 2,330 | 2,292 | 38 | 1.7%
 | 794 | 1,133 | (339) | (29.9%)
Other operating income | 579 | (111) | 690 | nm
Non-interest income | 3,703 | 3,314 | 389 | 11.7%
Total income | 14,752 | 13,156 | 1,596 | 12.1%
Total income excluding notable items | 14,339 | 13,061 | 1,278 | 9.8%

Notable items within total income
Commercial & Institutional Fair value, disposal losses and asset disposals/ strategic risk reduction Own credit adjustments (OCA) Tax interest on prior periods | (2) 3 | (45) 42
Central items & other Loss on redemption of own debt Effective interest rate adjustment as a result of redemption of own debt | | (161) (41)
Profit from insurance liabilities Liquidity Asset Bond sale losses Share of associate losses for Business Growth Fund | (43) (4) | 92 (88) (22)
Property strategy update Interest and foreign exchange management derivatves not in hedge accounting relationships Foreign exchange recycling gains | (69) 79 | 369
Ulster Bank Rol fair value mortgage adjustments Tax interest on prior periods | 484 (35) 413 | (51)

nm = not meaningful
(1) Interest receivable and interest payable on trading assets and liabilities are included in income from trading activities.

Total income increased by 12.1% to £14,752 million compared with 2022. Total Income excluding notable items was £14,339 million, or 9.8%, higher than 2022 driven ||| NatWest Group plc — 2023 Annual Report — Group Chief Financial Officer's review > Financial summary continued - Part 2/2
Total loans to customers increased by £15.1 billion to £381.4 billion, primarily reflecting £7.6 billion growth mainly in the Retail Banking mortgage and credit cards business and a £6.5 billion increase in Treasury mainly due to higher reverse repos.

Total loans to banks decreased by £0.2 billion, 3%, to £6.9 billion due to lower Commercial & Institutional nostro balances.

Customer deposits decreased by £18.9 billion reflecting a reduction of £9.9 billion in Commercial & Institutional and £3.5 billion reduction in Private Banking, lower business current accounts, savings and non-interest bearing deposits, and a £6.0 billion reduction as a result of the withdrawal from the Republic of Ireland. – Bank deposits increased by £1.7 billion mainly due to higher repo activity. Bank denosits increased bv f1 7 billion mainlv due to hiaher reno activity

Other financial liabilities, which includes customer deposits at fair value through profit and loss and debt securities in issue, increased by £6.0 billion, to £55.1 billion.

Subordinated liabilities have decreased by £0.5 billion, 9%, to £5.7 billion due to redemptions partially offset by new issuances.

Other liabilities decreased by £0.1 billion, 3%, to £5.2 billion mainly due to lower lease liabilities partially offset by higher financial guarantees.

Owners' equity increased by £0.7 billion, 2%, to £37.2 billion, driven by higher profit for the year of £4.8 billion offset by dividends paid of £1.5 billion and shares repurchased in the year of £2.0 billion. ||| NatWest Group plc — 2023 Annual Report — Group Chief Financial Officer's review > Financial performance - Part 2/2
Customer deposits excluding central items decreased by £13.8 billion during 2023 to £419.1 billion principally reflecting the competitive environment for deposits and an overall market liquidity contraction. Despite the reduction, LDR (excl. repos and reverse repos) remains healthy at 84%. In the fourth quarter customer deposit balances reduced by £4.5 billion largely within Corporate & Institutions as a result of active management, with growth in Retail Banking and Private Banking partially offsetting. We have continued to see the mix of our book shift towards interest bearing and term balances, with non-interest bearing balances now accounting for 34% of balances and term at 16%.

TNAV per share increased by 28 pence in the year to 292 pence primarily reflecting the attributable profit for the period and an £872 million movement in cash flow hedging reserves as rate expectations lowered, partially offset by the impact of distributions. Intangible assets increased by £498 million in the year, ",5,0,5.98,0.0,,,,0.0,1.0,,1.0,6.0,0.0
ADVF012,adversarial_absent,natwest,fabricated,What carbon offset cost did NatWest Group pay to reforest the Amazon in 2023?,[NOT IN CORPUS],**£1.5 million**,nwg-2023-core-financials-part-2;nwg-2023-core-financials-part-4::s1;nwg-2023-core-financials-part-9::s1;nwg-2023-core-financials-part-17::s1;nwg-2023-core-financials-part-5;nwg-2023-core-financials-part-18::s0,natwest;natwest;natwest;natwest;natwest;natwest,0.6583;0.6461;0.6238;0.6191;0.6151;0.6135,0.6582736372947693,1.0,1.0,"NatWest Group plc — 2023 Annual Report — Financial Summary - Part 2/2
(1) Refer to the Non-IFRS financial measures section for details of the basis of preparation and reconciliation of non-IFRS financial measures and performance metrics.
(2) NatWest Group uses its climate and sustainable funding and financing inclusion (CSFFl) criteria to determine the assets, activities and companies that are eligible to be included within its climate and sustainable funding and financing target. This includes both provision of committed (on and off-balance sheet) funding and financing, including provision of services for underwriting issuances and private placements.
(3) Central items includes Treasury repo activity and Ulster Bank Rol.
(4) Includes £0.1 billion relating to off-balance sheet exposures (31 December 2022 – £0.1 billion).
(5) Comparative periods have been re-presented on an LCR basis in line with the Liquidity portfolio definition as of 31 December 2023.
(6) Refer to the Capital, liquidity and funding risk section for details of the basis of preparation.
(7)The pro forma CET1 ratio at 31 December 2023 excludes foreseeable items of £1,538 million: £1,013 million for ordinary dividends and £525 million foreseeable items. (31 December 2022 excludes foreseeable items of £2,132 million: £967 million for ordinary dividends and £1,165 million foreseeable charges).
(8) The number of ordinary shares in issue excludes own shares held. ||| NatWest Group plc — 2023 Annual Report — Group Chief Financial Officer's review > Financial performance - Part 1/2
17.8%, above our guided range. The profit for the year includes a deferred tax asset write back of £385 million in respect of tax losses.

Net loans to customers excluding central items increased by £8.9 billion in the year largely reflecting a £7.6 billion increase in Retail Banking and £2.0 billion of growth in Commercial & Institutional due to an increase in term loan facilities and private financing within Corporate & Institutions, net of £2.7 billion of UK Government scheme repayments. Retail Banking mortgage lending increased by £5.9 billion, with gross new mortgage lending of £29.8 billion in 2023 compared with £41.4 billion in 2022 reflecting the smaller mortgage market, and unsecured lending increased by £2.0 billion with continued strong customer demand. Private Banking net loans to customers decreased by £0.7 billion driven by higher repayments on mortgages. Up to 31 December 2023 we have provided £61.9 billion against our target to provide £100 billion climate and sustainable funding and financing between 1 July 2021 and the end of 2025.

(1) Full Time Equivalents of our permanent and internal fixed term resource. Each full-time employee is one FTE, with part-time employees recorded based on hours worked.

As part of this we aim to provide at least £10 billion in lending for residential properties with Energy Performance Certificate (EPC) ratings A and B between 1 January 2023 and the end of 2025. During 2023 we provided £29.3 billion climate and sustainable funding and financing, which included £3.9 billion in lending for residential properties with EPC ratings A and B. ||| NatWest Group plc — 2023 Annual Report — Group Chief Financial Officer's review > Financial summary continued - Part 1/2
£m
Tax charge | (1,434) | (1,275)
UK corporation tax rate | 23.5% | 19.0%
Effective tax rate | 23.2% | 24.8%

A tax charge of £1,434 million for the year ended 31 December 2023 arises rather than the expected charge of £1,452 million based on the corporation tax rate of 23.5%. The lower tax charge reflects tax credits in respect of the carrying value of loss DTAs and the foreign exchange recycling on the UBIDAC capital reduction. These factors have been partially offset by the UK banking surcharge, no tax relief for Rol tax losses, adjustments relating to prior years, and other non-deductible items. Further details can be found in Note 7 to the consolidated financial statements.

Impairments – continuing operations

 | 2023 £m | 2022 | Variance
£m | £m | %
Loans - amortised cost and FVOCI | 392,040 | 377,153 | 14,887 | 3.9
ECL provisions | 3,645 | 3,434 | 211 | 6.1
ECL provisions coverage ratio | 0.93% | 0.91% | 0.02% | 2.2
Impairment (releases)/losses | | | | 
ECL charge (1) | 578 | 337 | 241 | 71.5
Amounts written off | 319 | 482 | (163) | (33.8)

(1) The table above summarises loans and related credit impairment measured on an IFRS 9 basis. Refer to Credit Risk – Banking activities in the Risk and capital management section for further details. ||| NatWest Group plc — 2023 Annual Report — Group Chief Financial Officer's review > Capital flow statement
.6 billion for a €0.7 billion 5.763% Fixed to Fixed Reset Tier 2 Notes 2034 issued in February 2023, partially offset by the £0.1 billion redemption of the UBIDAC subordinated notes, £0.1 billion partial redemption of 5.125% Subordinated Tier 2 Notes 2024, £0.1 billion redemption of 6.000% Subordinated Tier 2 Notes 2023, amortisation, foreign exchange movements £0.1 billion and maturities with minimum regulatory value.

– Within Tier 2, there was also a £0.1 billion increase in the Tier 2 surplus provisions. ||| NatWest Group plc — 2023 Annual Report — Group Chief Financial Officer's review > Financial performance - Part 2/2
Customer deposits excluding central items decreased by £13.8 billion during 2023 to £419.1 billion principally reflecting the competitive environment for deposits and an overall market liquidity contraction. Despite the reduction, LDR (excl. repos and reverse repos) remains healthy at 84%. In the fourth quarter customer deposit balances reduced by £4.5 billion largely within Corporate & Institutions as a result of active management, with growth in Retail Banking and Private Banking partially offsetting. We have continued to see the mix of our book shift towards interest bearing and term balances, with non-interest bearing balances now accounting for 34% of balances and term at 16%.

TNAV per share increased by 28 pence in the year to 292 pence primarily reflecting the attributable profit for the period and an £872 million movement in cash flow hedging reserves as rate expectations lowered, partially offset by the impact of distributions. Intangible assets increased by £498 million in the year, primarily reflecting software capitalisation and the acquisition of Cushon. ||| NatWest Group plc — 2023 Annual Report — Group Chief Financial Officer's review > Consolidated income statement - Part 1/2
For the year ended 31 December 2023

Note | 2023 | 2022 | 2021 (1)
Interest receivable | £m 21,026 | £m 12,637 | £m 9,234
Interest payable | (9,977) | (2,795) | (1,699)
Net interest income | 11,049 | 9,842 | 7,535
1 Fees and commissions receivable | 2,983 | 2,915 | 2,694
Fees and commissions payable | | (623) | (574)
Trading income | (653) | | 323
Other operating income | 794 | 1,133 | 451
Non-interest income 2 | 579 | (111) | 
Total income | 3,703 | 3,314 | 2,894
Staff costs | 14,752 | 13,156 | 10,429
Premises and equipment | (3,901) | (3,716) | (3,676)
Other administrative expenses | (1,153) | (1,112) | (1,133)
Depreciation and amortisation | (2,008) | (2,026) | (2,026)
Operating expenses | (934) | (833) | (923)
Profit before impairment losses/releases | (7,996) | (7,687) | (7,758)
Impairment (losses)/releases | 6,756 | 5,469 | 2,671
Operating profit before tax | (578) | (337) | 1,173
Tax charge 7 | 6,178 | 5,132 | 3,844
Profit from continuing operations | (1,434) | (1,275) | (996)
(Loss)/profit from discontinued operations, net of tax (3) 8 | 4,744 | 3,857 | 2,848
Profit for the year | (112) | (262) | 464
 | 4,632 | 3,595 | 3,312
Attributable to: | | | 
Ordinary",8,0,4.87,0.0,,,,0.0,1.0,,2.0,16.0,0.0
ADVY001,adversarial_absent,hsbc,out_of_scope_year,What was HSBC's net interest margin in 2015?,[NOT IN CORPUS],**1.20%**,HSBC-2023-core-financials-part-3::s1;HSBC-2023-core-financials-part-3::s0;HSBC-2023-core-financials-part-4::s2;HSBC-2023-core-financials-part-6::s0;HSBC-2023-core-financials-part-14::s0;HSBC-2023-core-financials-part-5::s0,hsbc;hsbc;hsbc;hsbc;hsbc;hsbc,0.6974;0.6811;0.6765;0.6738;0.6607;0.6569,0.6973627209663391,1.0,1.0,"HSBC Holdings plc — 2023 Annual Report — Income statement commentary - Part 1/8
. Comparative data for the financial year ended 31 December 2022 have been restated accordingly. Comparative data for the year ended 31 December 2021 are prepared on an IFRS 4 basis. 2 Gross interest yield is the average annualised interest rate earned on average interest-earning assets ('AlEA'). Gross interest payable is the average annualised interest cost as a percentage of average interest-bearing liabilities.

3 Net interest spread is the difference between the average annualised interest rate earned on AlEA, net of amortised premiums and loan fees, and the average annualised interest rate payable on average interest-bearing funds

4 Net interest margin is net interest income expressed as an annualised percentage of AlEA.

Summary of interest income by type of asset ||| HSBC Holdings plc — 2023 Annual Report — Income statement commentary - Part 1/8
The following commentary compares Group financial performance for the year ended 2023 with 2022, unless otherwise stated. Net interest income

 | Year ended | Quarter ended
31 Dec | 31 Dec | 31 Dec | 31 Dec | 30 Sep | 31 Dec
2023 | 20221 | 2021 | 2023 | 2023 | 20221
 | $m | $m | $m | $m | $m | $m
Interest income | 100,868 | 52,826 | 36,188 | 26,714 | 27,198 | 18,957
Interest expense | (65,072) | (22,449) | (9,699) | (18,430) | (17,950) | (9,971)
Net interest income | 35,796 | 30,377 | 26,489 | 8,284 | 9,248 | 8,986
Average interest-earning assets | 2,161,746 | 2,143,758 | 2,209,513 | 2,164,324 | 2,157,370 | 2,116,018
 | % | % | % | % | % | %
Gross interest yield[2] | 4.67 | 2.46 | 1.64 | 4.90 | 5.00 | 3.55
Less: gross interest payable[2] | (3.47) | (1.24) | (0.53) | (3.83) | (3.80) | (2.21)
Net interest spread3 | 1.20 | 1.22 | 1.11 | 1.07 | 1.20 | 1.34
Net interest margin4 | 1.66 | 1.42 | 1.20 | 1.52 | 1.70 | 1.68

1 From 1 January 2023, we adopted IFRS 17 'Insurance Contracts', which replaced IFRS 4 'Insurance Contracts'. Comparative data for the financial year ended 31 December 2022 have been restated accordingly. Comparative data for the year ended 31 December 2021 are prepared on an IFRS 4 basis. 2 Gross interest yield is the average annualised interest rate earned on average interest-earning assets ('AlEA'). Gross interest pay ||| HSBC Holdings plc — 2023 Annual Report — Income statement commentary - Part 2/8
Including interest-bearing bank deposits only.

4Including interest-bearing customer accounts only.

Net interest income ('NIl') for 2023 was \$35.8bn, an increase of \$5.4bn or 18% compared with 2022. This reflected higher average interest rates across major currencies compared with 2022. ||| HSBC Holdings plc — 2023 Annual Report — Income statement commentary - Part 4/8
| Year ended | Quarter ended
 | 31 Dec | 31 Dec | 31 Dec | 30 Sep | 31 Dec
 | 2023 | 2022 | 2023 | 2023 | 2022
 | $bn | $bn | $bn | $bn | $bn
Net interest income Banking book funding costs used to generate 'net income from financial instruments | 35.8 | 30.4 | 8.3 | 9.2 | 9.0
held for trading or managed on a fair value basis' | 8.7 | 2.5 | 2.5 | 2.4 | 1.3
Third-party net interest income from insurance | (0.4) | (0.4) | (0.1) | (0.1) | (0.1)
Banking net interest income | 44.1 | 32.5 | 10.7 | 11.5 | 10.2

Banking net interest income is an alternative performance measure, and is defined as Group reported net interest income after deducting:

– the internal cost to fund trading and fair value net assets for which associated revenue is reported in 'Net income from financial instruments held for trading or managed on a fair value basis', also referred to as 'trading and fair value income'. These funding costs reflect proxy overnight or term interest rates as applied by internal funds transfer pricing;

– the funding costs of foreign exchange swaps in Markets Treasury, where an offsetting income or loss is recorded in trading and fair value income. These instruments are used to manage foreign currency deployment and funding in our entities; and

– third-party net interest income in our insurance business.

In our segmental disclosures, the funding costs of trading and fair value net assets are predominantly recorded in GBM in 'net income from financial instruments held for trading or managed on a fair value basis'. On consolidation, this funding is eliminated in Corporate Centre, resulting in an increase in the funding costs reported in net interest income with an equivalent offsetting increase in 'net income from financial instruments held for trading or managed on a fair value basis' in this segment. In the second quarter of 2023 we implemented a consistent reporting approach across our most material entities that contribute to our trading and fair value net assets, which resulted in an increase to the first half of 202 ||| HSBC Holdings plc — 2023 Annual Report — Income statement commentary > Five-year summary consolidated balance sheet - Part 3/3
1 From 1 January 2023, we adopted IFRS 17 'Insurance Contracts', which replaced IFRS 4 'Insurance Contracts'. We have restated 2022 comparative data.
2 Capital resources are regulatory total capital, the calculation of which is set out on page 206.
3 Including perpetual preferred securities, details of which can be found in Note 29: Subordinated liabilities on page 406.
4 The definition of net asset value per ordinary share is total shareholders' equity, less non-cumulative preference shares and capital securities, divided by the number of ordinary shares in issue, excluding own shares held by the company, including those purchased and held in treasury.
5 The definition of tangible net asset value per ordinary share is total ordinary shareholders' equity excluding goodwill, PVIF (for 2021, 2020 and 2019) and other intangible assets (net of deferred tax), divided by the number of basic ordinary shares in issue, excluding own shares held by the company, including those purchased and held in treasury.

Combined view of customer lending and customer deposits

 | 2023$m | 2022$m
Loans and advances to customers | 938,535 | 923,561
– of which: HSBC Innovation BankLimited (formerly SVB UK) | 7,955 | 
Loans and advances to customers ofdisposal groups reported in 'Assets heldfor sale' | 73,285 | 80,576
banking business in Canada | 56,129 | 55,19725,029350
– retail banking operations in France | 16,902254 | 
- other
Non-current assets held for sale | 92 | 112
Combined customer lending | 1,011,912 | 1,004,249
Currency translation | | 20,454
Combined customer lending atconstant currency | 1,011,912 | 1,024,703
Customer accounts | 1,611,647 | 1,570,303
– of which: HSBC Innovation BankLimited (formerly SVB UK) | 6,019 | -
Customer accounts reported in 'Liabilitiesof disposal groups held for sale' | 85,950 | 85,274
banking business in Canada | 63,001 | 60,60 ||| HSBC Holdings plc — 2023 Annual Report — Income statement commentary - Part 3/8
Excluding the unfavourable impact of foreign currency translation differences, net interest income increased by \$6.0bn or 20%.

NIl for the fourth quarter of 2023 was \$8.3bn, down 10% compared with the previous quarter, and down 8% compared with the fourth quarter of 2022. The decrease was predominantly driven by the impact of higher funding costs across our liabilities, which included the impact of deposit migration in our main legal entities in Asia and Europe. In addition, the fourth quarter of 2023 included an adverse impact of \$0.2bn, relating to the first nine months of 2023, due to reclassifications to NIl from 'net income from financial instruments held for trading or managed on a fair value basis' related to hedges in Canada that will not recur given the expected sale of the business.

The impact of hyperinflation in Argentina on NIl in 2023 was an adverse movement of \$0.5bn, with an associated impact on NIM of 2bps. The impact in the fourth quarter of 2023 was an adverse movement of \$0.5bn, with an associated impact on NIM of 9bps. This compared with minimal movements ",8,0,5.6,0.0,,,,0.0,1.0,,1.0,9.0,0.0
ADVY002,adversarial_absent,hsbc,out_of_scope_year,What was HSBC's profit before tax for the third quarter of 2019?,[NOT IN CORPUS],"**\$1,999m**",HSBC-2023-core-financials-part-11::s0;HSBC-2023-core-financials-part-11::s1;HSBC-2023-core-financials-part-2::s1;HSBC-2023-core-financials-part-15;HSBC-2023-core-financials-part-9::s0;HSBC-2023-core-financials-part-27,hsbc;hsbc;hsbc;hsbc;hsbc;hsbc,0.7381;0.7280;0.7199;0.7180;0.7069;0.7057,0.7381254434585571,1.0,1.0,"HSBC Holdings plc — 2023 Annual Report — Income statement commentary > [Consolidated balance sheet, Return on average tangible equity, Supplementary table for planned disposals, Tax expense]
## Tax expense
The effective tax rate for 2023 of 19.1% was higher than the 4.7% in 2022. The effective tax rate for 2023 was increased by 2.3 percentage points by the non-deductible impairment of investments in associates, and reduced by 1.6 percentage points by the release of provisions for uncertain tax positions and reduced by 1.5 percentage points by the non-taxable accounting gain on the acquisition of SVB UK. The effective tax rate for 2022 was reduced by 12.8 percentage points by the recognition of a deferred tax asset on historical tax losses of HSBC Holdings as a result of improved profit forecasts for the UK tax group. Excluding these items, the effective tax rates were 19.9% for 2023 and 17.5% for 2022.

## Return on average tangible equity
In 2023, RoTE was 14.6%, compared with 10.0% in 2022. Excluding the impact of strategic transactions and the impairment of BoCom, RoTE was 15.6%.

## Supplementary table for planned disposals
The income statements and selected balance sheet metrics for the year ended 31 December 2023 of our banking business in Canada and our retail banking operations in France are shown below. The asset and liability balances relating to these planned disposals are reported on the Group balance sheet within 'Assets held for sale' and 'Liabilities of disposal groups held for sale', respectively, as at 31 December 2023.

Income statement and selected balance sheet metrics of disposal groups held for sale

 | Year ended 2023
Canada1 $bn | France retail[2]
Revenue | 2.0 | $bn 0.3
ECL | - | -
Operating expenses | (1.0) | (0.6)
of which: costs expected to be exited | (0.7) | (0.4)
Profit before tax | 0.9 | (0.2)
 | | 
Loans and advances to customers | 56.1 | 16.9
Customer accounts | 63.0 | 22.3
RWA3 | 31.9 | 4.1

1 Under the terms of the sale ||| HSBC Holdings plc — 2023 Annual Report — Income statement commentary > [Consolidated balance sheet, Return on average tangible equity, Supplementary table for planned disposals, Tax expense]
7) | (0.4)
Profit before tax | 0.9 | (0.2)
 | | 
Loans and advances to customers | 56.1 | 16.9
Customer accounts | 63.0 | 22.3
RWA3 | 31.9 | 4.1

1 Under the terms of the sale agreement, the pre-tax profit on sale will be recognised through a combination of the consolidation of HSBC Canada's results into the Group's financial statements from 30 June 2022 until completion, and the remaining gain on sale recognised at completion.

2 France retail includes the transferring of the retail banking business, HSBC SFH and associated supporting services. For further details, see Note 23: Assets held for sale and liabilities of disposal groups held for sale on page 401.

3 Includes \$3.5bn in Canada in respect of operational risk RWAs, and \$0.6bn associated with our retail banking business in France.

## Consolidated balance sheet ||| HSBC Holdings plc — 2023 Annual Report — Summary consolidated income statement - Part 2/2
value disposed under the final terms of sale. The \$0.4bn impairment of goodwill recognised in the third quarter in 2022 has not been reversed.

4 Other operating (expense)/income includes a loss on net monetary positions of \$1,667m (2022: \$678m; 2021: \$576m) as a result of applying IAS 29 'Financial Reporting in Hyperinflationary Economies' and disposal losses on capitalised markets treasury repositioning of \$977m in 2023.

5 Net operating income before change in expected credit losses and other credit impairment charges also referred to as revenue.

6Includes dividend paid during the period, which consisted of a second interim dividend of \$0.23 per ordinary share in respect of the financial year ended 31 December 2022 paid in April 2023 and the first, second and third interim dividends of \$0.30 per ordinary share in respect of the financial year ending 31 December 2023.

7 In 2023, our dividend payout ratio was adjusted for material notable items and related impacts. In 2022, our dividend payout ratio was adjusted for the loss on classification to held for sale of our retail banking business in France, items relating to the planned sale of our banking business in Canada, and the recognition of certain deferred tax assets. No items were adjusted for in 2021, 2020 or 2019.

Unless stated otherwise, all tables in the Annual Report and Accounts 2023 are presented on a reported basis.

For a summary of our financial performance in 2023, see page 27.

For further financial performance data for each global business and legal entity, see pages 111 to 114 and 120 to 130 respectively. The global business segmental results are presented on a constant currency basis in accordance with IFRS 8 'Operating Segments' as set out in Note 10: Segmental analysis on page 372. ||| HSBC Holdings plc — 2023 Annual Report — Income statement commentary > Balance sheet commentary compared with 31 December 2022
At 31 December 2023, total assets of \$3.0tn were \$89bn or 3% higher on a reported basis and increased by \$31bn or 1% on a constant currency basis.

Reported loans and advances to customers as a percentage of customer accounts was 58.2% compared with 58.8% at 31 December 2022. The movement in this ratio reflected a higher growth in customer accounts than in lending. ||| HSBC Holdings plc — 2023 Annual Report — Income statement commentary - Part 7/8
Year ended2023 20221 2021$m $m
2023 | 202212021
$m | 
Gross employee compensation and benefits | 19,623 | 19,288 19,612
Capitalised wages and salaries | (1,403) | (1,285) (870)
Goodwill impairment | | 587
Property and equipment | 4,285 | 4,949 5,145
Amortisation and impairment of intangibles | 1,827 | 1,701 1,438
UK bank levy | 339 | 13 116
Legal proceedings and regulatory matters | 188 | 246 106
Other operating expenses[2] | 7,211 | 7,789 8,486
Reported operating expenses | 32,070 | 32,701 34,620
Currency translation | | (399) (2,376)
Constant currency operating expenses | 32,070 | 32,302 32,244

1 From 1 January 2023, we adopted IFRS 17 'Insurance Contracts', which replaced IFRS 4 'Insurance Contracts'. Comparative data for the financial year ended 31 December 2022 have been restated accordingly. Comparative data for the year ended 31 December 2021 are prepared on an IFRS 4 basis.
2 Other operating expenses includes professional fees, contractor costs, transaction taxes, marketing and travel. The decrease was driven by favourable currency translation differences and lower restructuring and other related costs following the completion of our cost-saving programme at the end of 2022.

Staff numbers (full-time equivalents)

 | 2023 | 2022 | 2021
Global businesses | | | 
Wealth and Personal Banking | 128,399 | 128,764 | 130,185
Commercial Banking | 45,884 | 43,640 | 42,969
Global Banking and Markets | 46,241 | 46,435 | 46,166
Corporate Centre | 337 | 360 | 377
At 31 Dec | 220,861 | 219,199 | 219,697

1 Represents the number of full-time equivalent people with contracts of service with the Group who are being paid at the reporting date.

Operating expenses of \$32.1bn were \$0.6bn or 2% lower than in 2022, including a favourable impact of \$0.4bn from foreign currency ||| HSBC Holdings plc — 2023 Annual Report — Income statement commentary > Consolidated balance sheet at 31 December 2023 - Part 3/3
1 From 1 January 2023, we adopted IFRS 17 'Insurance Contracts', which replaced IFRS 4 'Insurance Contracts'. We have restated 2022 comparative data and the IFRS 17 transition impact on the balance sheet at 1 January 2022.

For Notes on the financial statements, see page 341.

The accompanying notes on pages 341 to 434 and the audited sections in the Risk review on pages 135 to 237 (including 'Measurement uncertainty and sensitivity analysis of ECL estimates' on pages 156 to 168, and 'Directors' remuneration report' on pages 279 to 305 form an integral part of these financ",10,0,5.52,0.0,,,,0.0,1.0,,1.0,12.0,0.0
ADVY003,adversarial_absent,hsbc,out_of_scope_year,What CET1 ratio did HSBC report at 31 December 2026?,[NOT IN CORPUS],**12.1%**,HSBC-2023-core-financials-part-15;HSBC-2023-core-financials-part-21::s0;HSBC-2023-core-financials-part-25::s1;HSBC-2023-core-financials-part-25::s0;HSBC-2023-core-financials-part-2::s1;HSBC-2023-core-financials-part-21::s1,hsbc;hsbc;hsbc;hsbc;hsbc;hsbc,0.6794;0.6554;0.6539;0.6497;0.6462;0.6416,0.6793519258499146,1.0,1.0,"HSBC Holdings plc — 2023 Annual Report — Income statement commentary > Balance sheet commentary compared with 31 December 2022
At 31 December 2023, total assets of \$3.0tn were \$89bn or 3% higher on a reported basis and increased by \$31bn or 1% on a constant currency basis.

Reported loans and advances to customers as a percentage of customer accounts was 58.2% compared with 58.8% at 31 December 2022. The movement in this ratio reflected a higher growth in customer accounts than in lending. ||| HSBC Holdings plc — 2023 Annual Report — Income statement commentary > Risk-weighted assets - Part 2/5
$m | At
31 Dec 2023
USD | GBP | HKD | EUR | CNY | Others1 | Total
Loans and advances to banks | 33,231 | 15,632 | 7,106 | 4,688 | 8,772 | 43,473 | 112,902
Loans and advances to customers | 170,274 | 284,261 | 213,079 | 68,655 | 49,594 | 152,672 | 938,535
Total loans and advances | 203,505 | 299,893 | 220,185 | 73,343 | 58,366 | 196,145 | 1,051,437
Deposits by banks | 28,744 | 18,231 | 2,597 | 6,997 | 4,517 | 12,077 | 73,163
Customer accounts | 441,967 | 423,725 | 305,520 | 128,444 | 63,535 | 248,456 | 1,611,647
Total deposits | 470,711 | 441,956 | 308,117 | 135,441 | 68,052 | 260,533 | 1,684,810

Loans and advances to banks | 34,495 | 12,292 | 5,188 | 6,328 | 7,833 | 38,339 | 104,475
Loans and advances to customers | 182,719 | 265,988 | 221,150 | 57,077 | 49,036 | 147,591 | 923,561
Total loans and advances | 217,214 | 278,280 | 226,338 | 63,405 | 56,869 | 185,930 | 1,028,036
Deposits by banks | 23,133 | 16,963 | 4,002 | 8,830 | 4,707 | 9,087 | 66,722
Customer accounts | 430,866 | 422,087 | 312,052 | 112,399 | 63,032 | 229,867 | 1,570,303
Total deposits | 453,999 | 439,050 | 316,05 ||| HSBC Holdings plc — 2023 Annual Report — Income statement commentary > Consolidated balance sheet at 31 December 2023 - Part 1/3
| 3,038,677 | 2,949,286 | 2,953,792
Hong Kong currency notes in circulation | | | | 
Deposits by banks | | 42,024 | 43,787 | 42,578
Customer accounts | | 73,163 | 66,722 | 101,152
Repurchase agreements – non-trading | | 1,611,647 | 1,570,303 | 1,710,574
Items in the course of transmission to other banks | | 172,100 | 127,747 | 126,670
Trading liabilities | | 7,295 | 7,864 | 5,214
Financial liabilities designated at fair value | 24 | 73,150 | 72,353 | 84,904
Derivatives | 25 | 141,426 | 127,321 | 145,503
Debt securities in issue | 15 | 234,772 | 285,762 | 191,064
Liabilities of disposal groups held for sale | 26 | 93,917 | 78,149 | 78,557
Accruals, deferred income and other liabilities | 23 | 108,406 | 114,597 | 9,005
Current tax liabilities | 27 | 136,606 | 134,313 | 115,900
Insurance contract liabilities | | 2,777 | 1,135 | 699
Provisions | 4 | 120,851 | 108,816 | 119,307
Deferred tax liabilities | 28 | 1,741 | 1,958 | 2,566
Subordinated liabilities | 7 | 1,238 | 972 | 3,294
Total liabilities | 29 | 24,954 | 22,290 | 20,487
Equity | | 2,846,067 | 2,764,089 | 2,757,474
Called up share capital | | ||| HSBC Holdings plc — 2023 Annual Report — Income statement commentary > Consolidated balance sheet at 31 December 2023 - Part 1/3
| At 31 Dec 31 Dec
 | 2022 | 1 Jan 2022
Notes* | 2023 $m | 
Assets | $m | $m
Cash and balances at central banks | 285,868 | 327,002 | 403,018
Items in the course of collection from other banks | 6,342 | 7,297 | 4,136
Hong Kong Government certificates of indebtedness | 42,024 | 43,787 | 42,578
Trading assets | | 289,159 | 218,093 | 248,842
Financial assets designated and otherwise mandatorily measured at fair value through profit or loss | 11 | | 100,101 | 
Derivatives | 14 | 110,643 229,714 | 284,159 | 110,795 196,882
Loans and advances to banks | 15 | 112,902 | 104,475 | 82,567
Loans and advances to customers | | 938,535 | 923,561 | 1,044,534
Reverse repurchase agreements – non-trading | | 252,217 | 253,754 | 241,648
Financial investments | 16 | 442,763 | 364,726 | 392,005
Assets held for sale | | | 115,919 | 
Prepayments, accrued income and other assets | 23 | 114,134 | 156,149 | 3,411
Current tax assets | 22 | 165,255 | | 136,196
Interests in associates and joint ventures | | 1,536 | 1,230 | 970
Goodwill and intangible assets | 18 | 27,344 | 29,254 | 29,609
Deferred tax assets | 21 | 12,487 | 11,419 | 11,169
Total assets | 7 | 7,754 | 8,360 | 5,432
Liabilities | | 3,038,677 | 2,949,286 | 2,953,792
Hong Kong currency notes in circulation | | | | 
Deposits by banks | | 42,024 | 43,787 | 42,578
Customer accounts | | 73,163 | 66,722 ||| HSBC Holdings plc — 2023 Annual Report — Summary consolidated income statement - Part 2/2
value disposed under the final terms of sale. The \$0.4bn impairment of goodwill recognised in the third quarter in 2022 has not been reversed.

4 Other operating (expense)/income includes a loss on net monetary positions of \$1,667m (2022: \$678m; 2021: \$576m) as a result of applying IAS 29 'Financial Reporting in Hyperinflationary Economies' and disposal losses on capitalised markets treasury repositioning of \$977m in 2023.

5 Net operating income before change in expected credit losses and other credit impairment charges also referred to as revenue.

6Includes dividend paid during the period, which consisted of a second interim dividend of \$0.23 per ordinary share in respect of the financial year ended 31 December 2022 paid in April 2023 and the first, second and third interim dividends of \$0.30 per ordinary share in respect of the financial year ending 31 December 2023.

7 In 2023, our dividend payout ratio was adjusted for material notable items and related impacts. In 2022, our dividend payout ratio was adjusted for the loss on classification to held for sale of our retail banking business in France, items relating to the planned sale of our banking business in Canada, and the recognition of certain deferred tax assets. No items were adjusted for in 2021, 2020 or 2019.

Unless stated otherwise, all tables in the Annual Report and Accounts 2023 are presented on a reported basis.

For a summary of our financial performance in 2023, see page 27.

For further financial performance data for each global business and legal entity, see pages 111 to 114 and 120 to 130 respectively. The global business segmental results are presented on a constant currency basis in accordance with IFRS 8 'Operating Segments' as set out in Note 10: Segmental analysis on page 372. ||| HSBC Holdings plc — 2023 Annual Report — Income statement commentary > Risk-weighted assets - Part 2/5
| 9,087 | 66,722
Customer accounts | 430,866 | 422,087 | 312,052 | 112,399 | 63,032 | 229,867 | 1,570,303
Total deposits | 453,999 | 439,050 | 316,054 | 121,229 | 67,739 | 238,954 | 1,637,025

1 'Others' includes items with no currency information available of \$1,592m for loans to banks (2022: \$1,112m), \$1,904m for loans to customers (2022: \$2,112m), \$11m for deposits by banks (2022: \$13m) and \$8m for customer accounts (2022: \$6m).

2 From 1 January 2023, we adopted IFRS 17 'Insurance Contracts', which replaced IFRS 4 'Insurance Contracts'. Comparative data have been restated accordingly.

RWAs by currency

 | At
31 Dec 2023
$m | USD | GBP | HKD | EUR | CNY | Others | Total
RWAs1 | 202,697 | 155,231 135,701 | 69,996 | | 57,907 | 232,582 | 854,114
 | 
RWAs1 | 223,657 | 143,474 | 152,804 | 31 Dec 2022 60,843 | 49,867 | 209,075 | 839,720

1 RWAs includes credit risk, market risk and operational risk RWAs.",8,0,7.22,0.0,,,,0.0,1.0,,1.0,9.0,0.0
ADVY004,adversarial_absent,lloyds,out_of_scope_year,What was Lloyds Banking Group's underlying profit in 2014?,[NOT IN CORPUS],"**2,009**",lbg-2023-core-financials-part-5::s0;lbg-2023-core-financials-part-1::s0;lbg-2023-core-financials-part-6::s0;lbg-2023-core-financials-part-2::s0;lbg-2023-core-financials-part-9::s1;lbg-2023-core-financials-part-8::s0,lloyds;lloyds;lloyds;lloyds;lloyds;lloyds,0.7839;0.7521;0.7457;0.7375;0.7299;0.7248,0.7838608622550964,1.0,1.0,"Lloyds Banking Group plc — 2023 Annual Report — Underlying results^ - Part 1/2
The Group's underlying profit for 2023 was £7,809 million, an increase of 1l per cent compared to £7,028 million in the prior year. Growth in net income and a lower underlying impairment charge was partly offset by expected higher operating costs and remediation. Underlying profit in the fourth quarter was down 14 per cent compared to the third quarter, with the impairment credit more than offset by lower underlying net interest income, higher operating lease depreciation and higher total costs, impacted by the bank levy, severance charges and remediation.

Net income
 | 2023 £m | 2022 £m | Change %
Underlying net interest income | 13,765 | 13,172 | 5
Underlying other income' | 5,123 | 4,666 | 10
Operating lease depreciation[2] | (956) | (373) | 
Net income^,1 | 17,932 | 17,465 | 3
 | | | 
Banking net interest margin^ | 3.11% | 2.94% | 17bp
Average interest-earning banking assets^ | £453.3bn | £452.0bn | 

1 2022 comparatives have been restated to reflect the impact of IFRS 17. See note 1 on page 218.
2 Net of profits on disposal of operating lease assets of £93 million (2022: £197 million).

Net income of £l7,932 million was up 3 per cent on the prior year, with higher net interest income and underlying other income, partially offset by an increased charge for operating lease depreciation. Net interest income in the year of £l3,765 million was up 5 per cent, driven by a stronger banking net interest margin of 3.1l per cent (2022: 2.94 per cent), in line with guidance and higher average interestearning banking assets. The net interest margin benefited from UK Bank Rate increases and higher structural hedge earnings from the rising rate environment, partly offset by expected headwinds due to deposit mix effects and asset margin compression, particularly in the mortgage book. Average interest-earning banking assets at £453.3 billion modestly increased compared to 2022 although slightly lower than ||| Lloyds Banking Group plc — 2023 Annual Report — Income statement – underlying basis^, Key balance sheet metrics, Summary of Group results
## Income statement – underlying basis^

 | 2023 £m | 2022 £m | Change %
Underlying net interest income | 13,765 | 13,172 | 5
Underlying other income | 5,123 | 4,666 | 10
Operating lease depreciation | (956) | (373) | 
Net income | 17,932 | 17,465 | 3
Operating costs | (9,140) | (8,672) | (5)
Remediation | (675) | (255) | 
Total costs | (9,815) | (8,927) | (10)
Underlying profit before impairment | 8,117 | 8,538 | (5)
Underlying impairment charge | (308) | (1,510) | 80
Underlying profit | 7,809 | 7,028 | 11
Restructuring | (154) | (80) | (93)
Volatility and other items | (152) | (2,166) | 93
Statutory profit before tax | 7,503 | 4,782 | 57
Tax expense | (1,985) | (859) | 
Statutory profit after tax | 5,518 | 3,923 | 41
 | | | 
Earnings per share' | 7.6p | 4.9p | 2.7p
Dividends per share – ordinary | 2.76p | 2.40p | 15
Share buyback value | £2.0bn | £2.0bn | 
 | | | 
Banking net interest margin^ | 3.11% | 2.94% | 17bp
Average interest-earning banking assets^ | £453.3bn | £452.0bn | 
Cost:income ratio^l | 54.7% | 51.1% | 3.6pp
Asset quality ratioA | 0.07% | 0.32% | (25)bp
Return on tangible equity^l | 15.8% | 9.8% | 6.0pp

A See page 67.
1 2022 comparatives have been restated to reflect the impact of IFRS 17. See note 1 on page 218.

## Key balance sheet metric ||| Lloyds Banking Group plc — 2023 Annual Report — Underlying results^ - Part 2/2
The Group manages the risk to earnings and capital from movements in interest rates by hedging the net liabilities which are stable or less sensitive to movements in rates. The notional balance of the sterling structural hedge was £247 billion (31 December 2022: £255 billion, 30 September 2023: £251 billion) with a weighted average duration of approximately three-and-a-half years (31 December 2022: approximately three-and-a-half years), representing a modest notional balance reduction in the second half of the year, consistent with guidance. The Group expects a further modest reduction in the notional balance during 2024, stabilising over the course of the year. The Group generated £3.4 billion of total income from sterling structural hedge balances in 2023, representing material growth over the prior year (2022: £2.6 billion). The Group expects sterling structural hedge earnings in 2024 to be c.£0.7 billion higher than in 2023.

Underlying other income in 2023 of £5,123 million was 10 per cent higher compared to £4,666 million in 2022. This was driven by growth across Retail, Commercial Banking and Insurance, Pensions and Investments. Underlying other income was broadly stable in the fourth quarter versus the third, with consistent business unit performance and some impact from severe weather event claims in the Insurance business

Retail underlying other income was up 25 per cent on 2022, due to higher current account and credit card activity, improved Lex performance and growth from the acquisition of Tusker. Within Commercial Banking 8 per cent growth in the year reflected improved performance in capital markets financing and trading. Insurance, Pensions and Investments underlying other income was 26 per cent higher than the prior year driven by business growth, favourable market returns and the accounting unwind benefit of adding a drawdown feature in 2022 to existing longstanding and workplace pension business. In Equity Investments and Central Items underlying other income was impacted mainly by higher funding costs on structured medium term notes in issue (offset by interest income earned on the placement of the funds raised) and to a limited extent by subdued exit markets affecting the Group's equity investment businesses.

The Group delivered good organic growth in Insurance, Pensions and Investments and Wealth (reported within Retail) assets under ||| Lloyds Banking Group plc — 2023 Annual Report — Statutory results - Part 1/2
The Group's statutory profit before tax for 2023 was £7,503 million, with the increase on the prior year materially driven by the restatement of earnings for the IFRS 17 accounting change in 2022. In addition, 2023 has benefited from higher net income and a significantly lower impairment charge, partly offset by increased operating expenses as expected. Statutory profit after tax was £5,518 million.

The Group's statutory income statement includes income and expenses attributable to the policyholders of the Group's long-term assurance funds, investors in the Group's non-participating investment contracts and third party interests in consolidated funds. These items materially offset in arriving at profit before tax but can, depending on market movements, lead to significant variances on a statutory basis between total income and net finance income in respect of insurance and investment contracts from one period to the next. In 2023, due to market conditions, the Group recognised net gains on policyholder investments within total income, which were materially offset by the corresponding net finance expense in respect of insurance and investment contracts.

Total income, after net finance income in respect of insurance and investment contracts for the year was £l8,629 million, an increase of 20 per cent on 2022, largely reflecting an exceptional charge in the prior year under IFRS 17 from contract modifications in Insurance, Pensions and Investments. Net interest income of £i3,298 million was up 3 per cent on the prior year, driven by stronger margins and higher average interest-earning assets, including growth in the open mortgage book, Retail unsecured and European retail business. Other income amounted to a gain of £22,107 million in 2023, compared to a loss of £18,268 million in 2022. Net finance income in respect of insurance and investment contracts was a loss of £16,776 million in the year compared to a gain of £20,887 million in 2022, reflecting improved equity and d",8,0,7.35,0.0,,,,0.0,1.0,,1.0,9.0,0.0
ADVY005,adversarial_absent,lloyds,out_of_scope_year,What dividend per share did Lloyds Banking Group declare for 2018?,[NOT IN CORPUS],**0.44**,lbg-2023-core-financials-part-9::s1;lbg-2023-core-financials-part-12;lbg-2023-core-financials-part-11::s0;lbg-2023-core-financials-part-16::s1;lbg-2023-core-financials-part-9::s0;lbg-2023-core-financials-part-13::s0,lloyds;lloyds;lloyds;lloyds;lloyds;lloyds,0.7185;0.7145;0.7141;0.7090;0.7083;0.7066,0.7185149192810059,1.0,1.0,"Lloyds Banking Group plc — 2023 Annual Report — Summary of Group results continued > Balance sheet
offset by a £0.7 billion reduction in the open mortgage book, a £l.8 billion reduction in the closed mortgage book and a £4.7 billion reduction in Small and Medium Businesses, principally from repayment of government-backed lending. During the fourth quarter, loans and advances to customers reduced by £2.4 billion, mainly due to the impact of the securitisation of £2.7 billion of Retail unsecured loans. Securitisation activity is conducted to manage risk on the balance sheet and to offset regulatory capital pressures, where market opportunities allow net present value positive transactions for the Group.

Customer deposits at £471.4 billion decreased by £3.9 billion (1 per cent) since the end of 2022. This includes a decrease in Retail current account balances of £ll.3 billion as a result of higher spend and a more competitive savings market, including the Group's own savings offers. In Retail savings and Wealth, balances have increased by a combined £8.9 billion, with a significant proportion transferred from the Group's current account customer base given attractive customer offers. Commercial Banking deposits were down £l.0 billion during 2023, reflecting targeted growth in Corporate and Institutional Banking offset by a reduction in Small and Medium Businesses The trend of customer deposit mix change within the Group was slower in the fourth quarter versus the third quarter.

The Group has a large, high quality liquid asset portfolio held mainly in cash and government bonds, with all assets hedged for interest rate risk. The Group's liquid assets continue to significantly exceed regulatory requirements and internal risk appetite, with a stable and strong liquidity coverage ratio of 142 per cent (31 December 2022: 144 per cent) and a strong net stable funding ratio of 130 per cent (31 December 2022: 130 per cent). The loan to deposit ratio of 95 per cent, broadly stable on 2022, continues to reflect a robust funding and liquidity position and offers the potential for lending growth. The Group's funding and liquidity position is further discussed on page 180. ||| Lloyds Banking Group plc — 2023 Annual Report — Summary of Group results continued > Pensions
The Group has completed the triennial valuation of its main defined benefit pension schemes as at 31 December 2022. Following a fixed contribution of £800 million in the first half of 2023, a residual aggregate deficit of £250 million was agreed with the Trustee which the Group paid in December 2023. There will be no further deficit contributions, fixed or variable, for this triennial period (to 31 December 2025).

## Dividend and share buyback
The Group has a progressive and sustainable ordinary dividend policy whilst maintaining the flexibility to return further surplus capital through buybacks or special dividends.

In February 2023, the Board decided to return surplus capital in respect of 2022 through a share buyback programme of up to £2 billion.
This commenced in February 2023 and completed on 25 August 2023 with c.4.4 billion (c.7 per cent) ordinary shares repurchased.

The Board has recommended a final ordinary dividend of 1.84 pence per share, which, together with the interim ordinary dividend of 0.92 pence per share totals 2.76 pence per share, an increase of 15 per cent compared to 2022, in line with the Board's commitment to capital returns. The Board has also announced its intention to implement an ordinary share buyback of up to £2.0 billion which will commence as soon as is practicable and is expected to be completed by 31 December 2024.

Based on the total ordinary dividend and the intended ordinary share buyback the total capital return in respect of 2023 will be up to £3.8 billion, equivalent to c.14 per cent' of the Group's market capitalisation value.

1 Market capitalisation as at 16 February 2024.

## Other financial information

## Post-tax return on average assets

 | 2023 % | 2022 %
Post-tax return on average assets | 0.63 | 0.44

1 2022 comparatives have been restated to reflect the impact of IFRS 17. See note 1 on page 218 ||| Lloyds Banking Group plc — 2023 Annual Report — Summary of Group results continued > Capital - Part 2/2
Excluding the Insurance dividend received in February 2024 and the full impact of the announced ordinary share buyback programme, the Group's CET1 capital ratio at 31 December 2023 was 14.6 per cent (31 December 2022: 15.1 per cent).

The Group expects capital generation in 2024 to be c.175 basis points after taking further expected in-year regulatory headwinds and reaffirms guidance for capital generation in 2026 of greater than 200 basis points.

Risk-weighted assets have increased by £8.2 billion during the year to £219.1 billion at 31 December 2023 (31 December 2022: £210.9 billion). This includes the impact of Retail secured CRD IV model updates of £5 billion, of which a further £2 billion was recognised in the fourth quarter. Excluding this, lending, operational and market risk increases, a modest uplift from credit and model calibrations and other movements were partly offset by optimisation, including capital efficient securitisation activity within the balance sheet. In relation to the Retail secured CRD IV models, it is estimated that a further £5 billion increase will be required over 2024 to 2026, noting that this will be subject to final model outcomes. The Group's risk-weighted assets guidance for 2024 remains unchanged at between £220 billion and £225 billion.

The PRA provided an update to the Group's Pillar 2A CET1 capital requirement during the fourth quarter, with the requirement remaining at around 1.5 per cent of risk-weighted assets. In July 2023 the Group's countercyclical capital buffer (CCyB) rate increased to 1.8 per cent (from 0.9 per cent) in total following the increase in the UK CCyB rate to 2 per cent (from 1 per cent). As a result, the Group's regulatory CET1 capital requirement is now around 12 per cent. The Board's revised view of the ongoing level of CET1 capital required to grow the business, meet current and future regulatory requirements and cover economic and business uncertainties is now 13.0 per cent (previously 13.5 per cent). This continues to include a management buffer of ||| Lloyds Banking Group plc — 2023 Annual Report — Summary of Group results continued > Consolidated income statement - Part 3/5
48,596 | 31,125
Financial liabilities at fair value through profit or loss | 21 | 24,914 | 17,755 | 23,123
Derivative financial instruments | 22 | 20,149 | 24,042 | 18,060
Notes in circulation Debt securities in issue at amortised cost | | 1,392 | 1,280 | 1,321
 | 29 | 75,592 | 73,819 | 71,552
Liabilities arising from insurance and participating investment contracts | 30 | 120,123 | 110,278 | 125,179
Liabilities arising from non-participating investment contracts | | 44,978 | 39,476 | 40,890
Other liabilities | 37 | 19,026 | 18,764 | 19,367
Retirement benefit obligations | 16 | 136 | 126 | 230
Current tax liabilities | | 39 | 8 | 6
Deferred tax liabilities | 19 | 157 | 209 | 8
Provisions | 38 | 2,077 | 1,803 | 2,080
Subordinated liabilities | 39 | 10,253 | 10,730 | 13,108
Total liabilities | | 834,088 | 829,483 | 830,040
Equity | | | | 
Share capital | 40 | 6,358 | 6,729 | 7,102
Share premium account | 42 | 18,568 | 18,504 | 18,479
Other reserves | 43 | 8,508 | 6,587 | 11,177
Retained profits | 44 | 6,790 | 6,550 | 8,318
Ordinary shareholders' equity | | 40,224 | 38,370 | 45,076
Other equity instruments | 45 | 6,940 | 5,297 | 5,90 ||| Lloyds Banking Group plc — 2023 Annual Report — Summary of Group results continued > Balance sheet
## Balance sheet

 | At 31 Dec 2023 | At 31 Dec 2022 | Change %
Loans and advances to customers | £449.7bn | £454.9bn | (1)
Customer deposits | £471.4bn | £475.3bn | (1)
Loan to deposit ratio^ | 95% | 96% | (1)pp
Wholesale funding | £98.7bn | £100.3bn | (2)
Wholesale funding <1 y",7,0,7.11,0.0,,,,0.0,1.0,,1.0,8.0,0.0
ADVY006,adversarial_absent,lloyds,out_of_scope_year,What was Lloyds Banking Group's total equity at 31 December 2026?,[NOT IN CORPUS],"**51,217**",lbg-2023-core-financials-part-9::s0;lbg-2023-core-financials-part-13::s1;lbg-2023-core-financials-part-9::s1;lbg-2023-core-financials-part-6::s0;lbg-2023-core-financials-part-17;lbg-2023-core-financials-part-11::s0,lloyds;lloyds;lloyds;lloyds;lloyds;lloyds,0.7265;0.7064;0.7019;0.7009;0.6997;0.6971,0.7265486121177673,1.0,1.0,"Lloyds Banking Group plc — 2023 Annual Report — Summary of Group results continued > Balance sheet
## Balance sheet

 | At 31 Dec 2023 | At 31 Dec 2022 | Change %
Loans and advances to customers | £449.7bn | £454.9bn | (1)
Customer deposits | £471.4bn | £475.3bn | (1)
Loan to deposit ratio^ | 95% | 96% | (1)pp
Wholesale funding | £98.7bn | £100.3bn | (2)
Wholesale funding <1 year maturity | £35.1bn | £37.5bn | (6)
Of which money market funding <1 year maturity | £23.8bn | £24.8bn | (4)
Liquidity coverage ratio – eligible assets[2] | £136.0bn | £144.7bn | (6)
Liquidity coverage ratio[3] | 142% | 144% | (2)pp
Net stable funding ratio4 | 130% | 130% | 

1 Excludes balances relating to margins of £2.4 billion (31 December 2022: £2.6 billion).
2 Eligible assets are calculated as a monthly rolling simple average of month end observations over the previous 12 months post any liquidity haircuts.
3 The liquidity coverage ratio is calculated as a mõnthly rolling simple average over the previous 12 months.
4 Net stable funding ratio is based on an average of the four previous quarters.

Loans and advances to customers fell by £5.2 billion during 2023 to £449.7 billion, in the context of securitisations of £5.2 billion, including £2.5 billion of legacy Retail mortgages (£2.1 billion in the closed mortgage book) during the first quarter and £2.7 billion of Retail unsecured loans in the fourth quarter. Excluding these movements, loans and advances to customers were stable, with £4.7 billion growth across unsecured, UK Motor Finance and European retail lending, offset by a £0.7 billion reduction in the open mortgage book, a £l.8 billion reduction in the closed mortgage book and a £4.7 billion reduction in Small and Medium Businesses, principally from repayment of government-backed lending. During the fourth quarter, loans and advances to customers reduced by £2 ||| Lloyds Banking Group plc — 2023 Annual Report — Summary of Group results continued > Share buyback in respect of 2022 results
being deducted from CETl capital. Šignificant investments primarily arise from investment in the Group's Insurance business.

Risk-weighted assets have increased by £8 billion during the year to £219 billion at 31 December 2023 (31 December 2022: £211 billion). This includes the impact of Retail secured CRD IV model updates of £5 billion. Excluding this, lending, operational and market risk increases, a modest uplift from credit and model calibrations and other movements were partly offset by optimisation, including capital efficient securitisation activity within the balance sheet.

In relation to the Retail secured CRD IV models, it is estimated that a further £5 billion increase will be required over 2024 to 2026, noting that this will be subject to final model outcomes. ||| Lloyds Banking Group plc — 2023 Annual Report — Summary of Group results continued > Balance sheet
offset by a £0.7 billion reduction in the open mortgage book, a £l.8 billion reduction in the closed mortgage book and a £4.7 billion reduction in Small and Medium Businesses, principally from repayment of government-backed lending. During the fourth quarter, loans and advances to customers reduced by £2.4 billion, mainly due to the impact of the securitisation of £2.7 billion of Retail unsecured loans. Securitisation activity is conducted to manage risk on the balance sheet and to offset regulatory capital pressures, where market opportunities allow net present value positive transactions for the Group.

Customer deposits at £471.4 billion decreased by £3.9 billion (1 per cent) since the end of 2022. This includes a decrease in Retail current account balances of £ll.3 billion as a result of higher spend and a more competitive savings market, including the Group's own savings offers. In Retail savings and Wealth, balances have increased by a combined £8.9 billion, with a significant proportion transferred from the Group's current account customer base given attractive customer offers. Commercial Banking deposits were down £l.0 billion during 2023, reflecting targeted growth in Corporate and Institutional Banking offset by a reduction in Small and Medium Businesses The trend of customer deposit mix change within the Group was slower in the fourth quarter versus the third quarter.

The Group has a large, high quality liquid asset portfolio held mainly in cash and government bonds, with all assets hedged for interest rate risk. The Group's liquid assets continue to significantly exceed regulatory requirements and internal risk appetite, with a stable and strong liquidity coverage ratio of 142 per cent (31 December 2022: 144 per cent) and a strong net stable funding ratio of 130 per cent (31 December 2022: 130 per cent). The loan to deposit ratio of 95 per cent, broadly stable on 2022, continues to reflect a robust funding and liquidity position and offers the potential for lending growth. The Group's funding and liquidity position is further discussed on page 180. ||| Lloyds Banking Group plc — 2023 Annual Report — Underlying results^ - Part 2/2
The Group manages the risk to earnings and capital from movements in interest rates by hedging the net liabilities which are stable or less sensitive to movements in rates. The notional balance of the sterling structural hedge was £247 billion (31 December 2022: £255 billion, 30 September 2023: £251 billion) with a weighted average duration of approximately three-and-a-half years (31 December 2022: approximately three-and-a-half years), representing a modest notional balance reduction in the second half of the year, consistent with guidance. The Group expects a further modest reduction in the notional balance during 2024, stabilising over the course of the year. The Group generated £3.4 billion of total income from sterling structural hedge balances in 2023, representing material growth over the prior year (2022: £2.6 billion). The Group expects sterling structural hedge earnings in 2024 to be c.£0.7 billion higher than in 2023.

Underlying other income in 2023 of £5,123 million was 10 per cent higher compared to £4,666 million in 2022. This was driven by growth across Retail, Commercial Banking and Insurance, Pensions and Investments. Underlying other income was broadly stable in the fourth quarter versus the third, with consistent business unit performance and some impact from severe weather event claims in the Insurance business

Retail underlying other income was up 25 per cent on 2022, due to higher current account and credit card activity, improved Lex performance and growth from the acquisition of Tusker. Within Commercial Banking 8 per cent growth in the year reflected improved performance in capital markets financing and trading. Insurance, Pensions and Investments underlying other income was 26 per cent higher than the prior year driven by business growth, favourable market returns and the accounting unwind benefit of adding a drawdown feature in 2022 to existing longstanding and workplace pension business. In Equity Investments and Central Items underlying other income was impacted mainly by higher funding costs on structured medium term notes in issue (offset by interest income earned on the placement of the funds raised) and to a limited extent by subdued exit markets affecting the Group's equity investment businesses.

The Group delivered good organic growth in Insurance, Pensions and Investments and Wealth (reported within Retail) assets under ||| Lloyds Banking Group plc — 2023 Annual Report — Summary of Group results continued > Consolidated income statement - Part 4/5
6
Total equity excluding non-controlling interests | | 47,164 | 43,667 | 50,982
Non-controlling interests | | 201 | 244 | 235
Total equity | | 47,365 | 43,911 | 51,217
Total equity and liabilities | | 881,453 | 873,394 | 881,257 ||| Lloyds Banking Group plc — 2023 Annual Report — Summary of Group results continued > Capital - Part 2/2
Excluding the Insurance dividend received in February ",9,0,5.45,0.0,,,,0.0,1.0,,1.0,10.0,0.0
ADVY007,adversarial_absent,natwest,out_of_scope_year,What was NatWest Group's operating profit before tax in 2016?,[NOT IN CORPUS],"**2,911**",nwg-2023-core-financials-part-11;nwg-2023-core-financials-part-4::s1;nwg-2023-core-financials-part-8;nwg-2023-core-financials-part-4::s0;nwg-2023-core-financials-part-1::s0;nwg-2023-core-financials-part-3,natwest;natwest;natwest;natwest;natwest;natwest,0.8111;0.7318;0.7297;0.7286;0.7104;0.7104,0.8110967874526978,1.0,1.0,"NatWest Group plc — 2023 Annual Report — Group Chief Financial Officer's review > Profit for the year
| 2023 £m | 2022
£m | Variance £m | 
Operating profit before tax Tax charge | 6,178 (1,434) | 5,132 (1,275) | 1,046 (159) | 20.4 12.5
Profit from continuing operations Loss from discontinued | 4,744 | 3,857 | 887 | 23.0
operations, net of tax | (112) | (262) | 150 | (57.3)
Profit for the year | 4,632 | 3,595 | 1,037 | 28.8
Attributable to: | | | | 
Ordinary shareholders | 4,394 | 3,340 | 1,054 | 31.6
Paid-in equity holders | 242 | 249 | (7) | (2.8)
Non-controlling interests | (4) | 6 | (10) | nm

Operating profit before tax of £6,178 million is £1,046 million, or 20.4%, higher than 2022 primarily due to increased income as a result of the favourable yield curve movements partially offset with higher costs largely attributable to inflationary pressures. ||| NatWest Group plc — 2023 Annual Report — Group Chief Financial Officer's review > Financial performance - Part 1/2
17.8%, above our guided range. The profit for the year includes a deferred tax asset write back of £385 million in respect of tax losses.

Net loans to customers excluding central items increased by £8.9 billion in the year largely reflecting a £7.6 billion increase in Retail Banking and £2.0 billion of growth in Commercial & Institutional due to an increase in term loan facilities and private financing within Corporate & Institutions, net of £2.7 billion of UK Government scheme repayments. Retail Banking mortgage lending increased by £5.9 billion, with gross new mortgage lending of £29.8 billion in 2023 compared with £41.4 billion in 2022 reflecting the smaller mortgage market, and unsecured lending increased by £2.0 billion with continued strong customer demand. Private Banking net loans to customers decreased by £0.7 billion driven by higher repayments on mortgages. Up to 31 December 2023 we have provided £61.9 billion against our target to provide £100 billion climate and sustainable funding and financing between 1 July 2021 and the end of 2025.

(1) Full Time Equivalents of our permanent and internal fixed term resource. Each full-time employee is one FTE, with part-time employees recorded based on hours worked.

As part of this we aim to provide at least £10 billion in lending for residential properties with Energy Performance Certificate (EPC) ratings A and B between 1 January 2023 and the end of 2025. During 2023 we provided £29.3 billion climate and sustainable funding and financing, which included £3.9 billion in lending for residential properties with EPC ratings A and B. ||| NatWest Group plc — 2023 Annual Report — Group Chief Financial Officer's review > Income – continuing operations - Part 2/2
Other operating income was £690 million higher for the year principally reflecting movements in notable items, in particular: foreign exchange recycling gains of £484 million; £161 million loss on redemption of own debt in 2022; and lower losses on liquidity asset bond sales. ||| NatWest Group plc — 2023 Annual Report — Group Chief Financial Officer's review > Financial performance - Part 1/2
Total income increased by 12.1% to £14.8 billion compared with 2022. Total income excluding notable items, was 9.8% higher than the prior year principally driven by lending growth, higher income in our markets business and favourable yield curve movements partially offset by the change in deposit mix from non-interest bearing to interest bearing and lower deposit balances. Bank NIM of 3.04%

was 19 basis points higher than 2022 primarily due to benefits from yield curve movements, net of changes in deposit mix, partially offset by lending margin pressure.

Total operating expenses were £309 million higher than 2022. Óther operating expenses were £339 million, or 4.6%, higher for the year at £7.6 billion, in line with our full year guidance. The increase was principally due to higher staff costs, including a payment to support our colleagues with cost of living challenges and inflationary pressures on utility and contract costs. FTE(1) reduced by c.300 to c.61,200 principally reflecting reductions as we continue our exit from the Republic of Ireland and automation and simplification in Retail Banking, partially offset by investment in technology and data roles.

A net impairment charge of £578 million, or 15 basis points of gross customer loans, primarily reflects continued low and stable levels of stage 3 defaults across the portfolio and good book charges related to unsecured lending. Compared with 2022, our ECL provision increased by £0.2 billion to £3.6 billion and our ECL coverage ratio has increased from 0.91% to 0.93%. We retain post model adjustments of £0.4 billion related to economic uncertainty, or 11.8% of total impairment provisions.

As a result, we are pleased to report an attributable profit for 2023 of £4.4 billion, with earnings per share of 47.9 pence and a RoTE of 17.8%, above our guided range. The profit for the year includes a deferred tax asset write back of £385 million in respect of tax losses.

Net loans to customers excluding central items increased by £8.9 billion in the year largely reflecting a £7.6 billion increase in Retail Banking and ||| NatWest Group plc — 2023 Annual Report — Financial Summary - Part 1/2
| Year ended or as at
2023 | 2022 | Variance
Performance key metrics and ratios | | | 
Total income | £14,752m | £13,156m | 12.1%
Notable items within total income (1) | £413m | £95m | nm
Total income excluding notable items (1) | £14,339m | £13,061m | 9.8%
Bank net interest margin (1) | 3.04% | 2.85% | 19bps
Bank average interest earning assets (1) | £363bn | £345bn | 5.2%
Cost:income ratio (excl. litigation and conduct) (1) | 51.8% | 55.5% | (3.7%)
Loan impairment rate (1) | 15bps | 9bps | 6bps
Profit attributable to ordinary shareholders Total earnings per share attributable to ordinary | £4,394m | £3,340m | 31.6%
shareholders – basic | 47.9p | 33.8p | 14.1p
Return on tangible equity (RoTE) (1) | 17.8% | 12.3% | 5.5%
Climate and sustainable funding and financing (2) | £29.3bn | £24.5bn | 19.6%
Balance sheet | | | 
Total assets | £692.7bn | £720.1bn | (3.8%)
Loans to customers – amortised cost | £381.4bn | £366.3bn | 4.1%
Loans to customers excluding central items (1,3) | £355.6bn | £346.7bn | 2.6%
Loans to customers and banks – amortised cost | | | 
FVOCI | £392.0bn | £377.1bn | 4.0%
Total impairment provisions (4) | £3.6bn | £3.4bn | 5.9%
Expected credit loss (ECL) coverage ratio | 0.93% | 0.91% | 2bps
Assets under management and administration | | | 
(AUMA) (1) ||| NatWest Group plc — 2023 Annual Report — Group Chief Financial Officer's review
![](images/0531d8d8c1863522c189048abeb9e8dd5c2383cd1551c15044176bab939007b9.jpg)

'We have delivered a strong operating performance in 2023 with a RoTE of 17.8%. Total income excluding notable items of £14.3 billion was up by 9.8% and levels of default remain stable across our portfolio. We remain focused on cost discipline and have achieved our cost target of around £7.6 billion, with a cost:income ratio of 51.8%.'",8,0,4.31,0.0,,,,0.0,1.0,,1.0,9.0,0.0
ADVY008,adversarial_absent,natwest,out_of_scope_year,How many full-time equivalent employees did NatWest Group report at the end of 2012?,[NOT IN CORPUS],"**61,200**",nwg-2023-core-financials-part-1::s0;nwg-2023-core-financials-part-16::s0;nwg-2023-core-financials-part-6;nwg-2023-core-financials-part-12::s1;nwg-2023-core-financials-part-4::s1;nwg-2023-core-financials-part-4::s0,natwest;natwest;natwest;natwest;natwest;natwest,0.6602;0.6599;0.6543;0.6521;0.6449;0.6440,0.6602123975753784,1.0,1.0,"NatWest Group plc — 2023 Annual Report — Financial Summary - Part 1/2
| Year ended or as at
2023 | 2022 | Variance
Performance key metrics and ratios | | | 
Total income | £14,752m | £13,156m | 12.1%
Notable items within total income (1) | £413m | £95m | nm
Total income excluding notable items (1) | £14,339m | £13,061m | 9.8%
Bank net interest margin (1) | 3.04% | 2.85% | 19bps
Bank average interest earning assets (1) | £363bn | £345bn | 5.2%
Cost:income ratio (excl. litigation and conduct) (1) | 51.8% | 55.5% | (3.7%)
Loan impairment rate (1) | 15bps | 9bps | 6bps
Profit attributable to ordinary shareholders Total earnings per share attributable to ordinary | £4,394m | £3,340m | 31.6%
shareholders – basic | 47.9p | 33.8p | 14.1p
Return on tangible equity (RoTE) (1) | 17.8% | 12.3% | 5.5%
Climate and sustainable funding and financing (2) | £29.3bn | £24.5bn | 19.6%
Balance sheet | | | 
Total assets | £692.7bn | £720.1bn | (3.8%)
Loans to customers – amortised cost | £381.4bn | £366.3bn | 4.1%
Loans to customers excluding central items (1,3) | £355.6bn | £346.7bn | 2.6%
Loans to customers and banks – amortised cost | | | 
FVOCI | £392.0bn | £377.1bn | 4.0%
Total impairment provisions (4) | £3.6bn | £3.4bn | 5.9%
Expected credit loss (ECL) coverage ratio | 0.93% | 0.91% | 2bps
Assets under management and administration | | | 
(AUMA) (1) ||| NatWest Group plc — 2023 Annual Report — Group Chief Financial Officer's review > Measurement
## Measurement
Capital, risk-weighted assets and leverage: Key metrics

The table below sets out the key capital and leverage ratios. NatWest Group is subject to the requirements set out in the PRA Rulebook. The capital and leverage ratios are therefore being presented under these frameworks on a transitional basis.

Capital adequacy ratios (1) | 2023 % | 2022 %
CET1 | 13.4 | 14.2
Tier 1 | 15.5 | 16.4
Total | 18.4 | 19.3
 | | 
RWAs | £m | £m
Credit risk | 147,598 | 141,963
Counterparty credit risk | 7,830 | 6,723
Market risk | 7,363 | 8,300
Operational risk | 20,198 | 19,115
Total RWAs | 182,989 | 176,101
 | | 
Capital | £m | £m
CET1 | 24,440 | 24,992
Tier1 | 28,315 | 28,867
Total | 33,632 | 33,920
 | | 
Leverage ratios | £m | £m
Tier 1 capital | 28,315 | 28,867
UK leverage exposure | 562,843 | 534,613
UK leverage ratio (%) (2) | 5.0% | 5.4%
UK average Tier 1 capital (3) | 28,323 | 29,564
UK average leverage exposure (3) | 571,225 | 531,429
UK average leverage ratio (%) (3) | 5.0% | 5.6%

(1) 31 December 2023 includes the transitional arrangements for the capital impact of IFRS 9 expected credit loss (ECL) accounting and prior periods also include the transitional relief on grandfathered capital instruments. The impact of the IFRS 9 transitional adjustments at 31 December 2023 was £0.2 billion for CET1 capital, £54 million for total capital and £17 million RWAs (31 December 2022 - £0.4 billion CET1 capital, £36 million total capital and £71 million RWAs). Excluding these adjustments, the CET1 ratio would be 13.2% (31 December 2022 ||| NatWest Group plc — 2023 Annual Report — Group Chief Financial Officer's review > Capital and leverage
The CET1 ratio remains strong at 13.4%, or 13.2% excluding IFRS 9 transitional relief. The 80 basis point reduction compared with 31 December 2022 principally reflected distributions deducted from capital of c.200 basis points, partially offset by the attributable profit. The NatWest Group's minimum requirement for own funds and eligible liabilities (MREL) ratio was 30.5%. RWAs increased by £6.9 billion during 2023 to £183.0 billion principally reflecting lending growth in Commercial & Institutional and a £3.0 billion uplift associated with CRD IV model updates, partially offset by a £4.0 billion reduction as we continue our exit from the Republic of Ireland.

## Funding and liquidity
The LCR of 144%, representing £45.4 billion headroom above 100% minimum requirement, decreased by 1 percentage point during the year, driven by growth in customer lending and reduced customer deposits offset by an increase in wholesale funding and UBIDAC asset sale.

Katie Murray Group Chief Financial Officer

## Financial summary ||| NatWest Group plc — 2023 Annual Report — Group Chief Financial Officer's review > Financial summary continued - Part 1/2
| 6,260 | (546) | 
Notes in circulation | 3,237 | 3,218 | 19 | (9)
Other liabilities | 5,202 | 5,346 | (144) | 1
Total liabilities | 655,485 | 683,557 | (28,072) | (3) (4)
Total equity | | | | 
 | 37,188 | 36,496 | 692 | 2
Total liabilities and equity | 692,673 | 720,053 | (27,380) | (4)
 | | | | 
Tangible net asset value per ordinary share (1) | 292p | 264p | 28p | 11%

(1) Tangible net asset value per ordinary share is tangible equity divided by the number of ordinary shares.

Total assets of £692.7 billion as at 31 December 2023 decreased by £27.4 billion, 4%, compared with 31 December 2022. This was primarily driven by decreases in cash and balances at central banks and derivative assets partially offset by an increase in other financial assets and loans to customers.

Cash and balances at central banks decreased by £40.6 billion mainly due to net business segment funding outflows of £17.3 billion and a decrease of £19.5 billion mainly driven by the acquisition of non-cash liquid assets as part of on going liquidity management.

Other financial assets increased by £20.2 billion mainly as a result of net bonds activity of £16.5 billion and an increase in Commercial & Institutional, £3.8 billion, mainly driven by an increase in held-to-collect securities purchased to support customer primary issuance.

Derivative assets decreased by £20.6 billion, 21%, to £78.9 billion and liabilities decreased by £21.7 billion, 23%, to £72.4 billion. These movements were driven by a decrease in exchange rate and interest rate trading books mainly due to matured and buyouts trades exceeding new trades. ||| NatWest Group plc — 2023 Annual Report — Group Chief Financial Officer's review > Financial performance - Part 1/2
17.8%, above our guided range. The profit for the year includes a deferred tax asset write back of £385 million in respect of tax losses.

Net loans to customers excluding central items increased by £8.9 billion in the year largely reflecting a £7.6 billion increase in Retail Banking and £2.0 billion of growth in Commercial & Institutional due to an increase in term loan facilities and private financing within Corporate & Institutions, net of £2.7 billion of UK Government scheme repayments. Retail Banking mortgage lending increased by £5.9 billion, with gross new mortgage lending of £29.8 billion in 2023 compared with £41.4 billion in 2022 reflecting the smaller mortgage market, and unsecured lending increased by £2.0 billion with continued strong customer demand. Private Banking net loans to customers decreased by £0.7 billion driven by higher repayments on mortgages. Up to 31 December 2023 we have provided £61.9 billion against our target to provide £100 billion climate and sustainable funding and financing between 1 July 2021 and the end of 2025.

(1) Full Time Equivalents of our permanent and internal fixed term resource. Each full-time employee is one FTE, with part-time employees recorded based on hours worked.

As part of this we aim to provide at least £10 billion in lending for residential properties with Energy Performance Certificate (EPC) ratings A and B between 1 January 2023 and the end of 2025. During 2023 we provided £29.3 billion climate and sustainable funding and financing, which included £3.9 billion in lending for residential properties with EPC ratings A and B. ||| NatWest Group plc — 2023 Annual Report — Group Chief Financial Officer's review > Financial performance - Part 1/2
Total income increased by 12.1% to £14.8 billion compared with 2022. Total income excluding notable items, was 9.8% higher than the prior year principally driven by lending growth, higher income in our markets business and favourable yield curve movements partially ",9,0,6.38,0.0,,,,0.0,1.0,,1.0,10.0,0.0
ADVY009,adversarial_absent,natwest,out_of_scope_year,What was NatWest Group's CET1 ratio at 31 December 2026?,[NOT IN CORPUS],**13.4%**,nwg-2023-core-financials-part-6;nwg-2023-core-financials-part-16::s1;nwg-2023-core-financials-part-16::s0;nwg-2023-core-financials-part-17::s0;nwg-2023-core-financials-part-9::s1;nwg-2023-core-financials-part-4::s0,natwest;natwest;natwest;natwest;natwest;natwest,0.7394;0.7042;0.6860;0.6817;0.6733;0.6707,0.7394166588783264,1.0,1.0,"NatWest Group plc — 2023 Annual Report — Group Chief Financial Officer's review > Capital and leverage
The CET1 ratio remains strong at 13.4%, or 13.2% excluding IFRS 9 transitional relief. The 80 basis point reduction compared with 31 December 2022 principally reflected distributions deducted from capital of c.200 basis points, partially offset by the attributable profit. The NatWest Group's minimum requirement for own funds and eligible liabilities (MREL) ratio was 30.5%. RWAs increased by £6.9 billion during 2023 to £183.0 billion principally reflecting lending growth in Commercial & Institutional and a £3.0 billion uplift associated with CRD IV model updates, partially offset by a £4.0 billion reduction as we continue our exit from the Republic of Ireland.

## Funding and liquidity
The LCR of 144%, representing £45.4 billion headroom above 100% minimum requirement, decreased by 1 percentage point during the year, driven by growth in customer lending and reduced customer deposits offset by an increase in wholesale funding and UBIDAC asset sale.

Katie Murray Group Chief Financial Officer

## Financial summary ||| NatWest Group plc — 2023 Annual Report — Group Chief Financial Officer's review > Measurement
capital, £54 million for total capital and £17 million RWAs (31 December 2022 - £0.4 billion CET1 capital, £36 million total capital and £71 million RWAs). Excluding these adjustments, the CET1 ratio would be 13.2% (31 December 2022 - 14.0%). The transitional relief on grandfathered instruments at 31 December 2023 was nil (31 December 2022 - £0.1 billion). Excluding both the transitional relief on grandfathered capital instruments and the transitional arrangements for the capital impact of IFRS 9 expected credit loss (ECL) accounting, the end-point Tier 1 capital ratio would be 15.4% (31 December 2022 – 16.2%) and the end-point Total capital ratio would be 18.4% (31 December 2022 – 19.3%).

(2) The UK leverage exposure and transitional Tier 1 capital are calculated in accordance with current PRA rules. Excluding the IFRS 9 transitional adjustment, the UK leverage ratio would be 5.0% (31 December 2022 – 5.3%).

(3) Based on the daily average of on-balance sheet items and three month-end average of off-balance sheet items and Tier 1 capital. ||| NatWest Group plc — 2023 Annual Report — Group Chief Financial Officer's review > Measurement
## Measurement
Capital, risk-weighted assets and leverage: Key metrics

The table below sets out the key capital and leverage ratios. NatWest Group is subject to the requirements set out in the PRA Rulebook. The capital and leverage ratios are therefore being presented under these frameworks on a transitional basis.

Capital adequacy ratios (1) | 2023 % | 2022 %
CET1 | 13.4 | 14.2
Tier 1 | 15.5 | 16.4
Total | 18.4 | 19.3
 | | 
RWAs | £m | £m
Credit risk | 147,598 | 141,963
Counterparty credit risk | 7,830 | 6,723
Market risk | 7,363 | 8,300
Operational risk | 20,198 | 19,115
Total RWAs | 182,989 | 176,101
 | | 
Capital | £m | £m
CET1 | 24,440 | 24,992
Tier1 | 28,315 | 28,867
Total | 33,632 | 33,920
 | | 
Leverage ratios | £m | £m
Tier 1 capital | 28,315 | 28,867
UK leverage exposure | 562,843 | 534,613
UK leverage ratio (%) (2) | 5.0% | 5.4%
UK average Tier 1 capital (3) | 28,323 | 29,564
UK average leverage exposure (3) | 571,225 | 531,429
UK average leverage ratio (%) (3) | 5.0% | 5.6%

(1) 31 December 2023 includes the transitional arrangements for the capital impact of IFRS 9 expected credit loss (ECL) accounting and prior periods also include the transitional relief on grandfathered capital instruments. The impact of the IFRS 9 transitional adjustments at 31 December 2023 was £0.2 billion for CET1 capital, £54 million for total capital and £17 million RWAs (31 December 2022 - £0.4 billion CET1 capital, £36 million total capital and £71 million RWAs). Excluding these adjustments, the CET1 ratio would be 13.2% (31 December 2022 ||| NatWest Group plc — 2023 Annual Report — Group Chief Financial Officer's review > Capital flow statement
## Capital flow statement
The table below analyses the movement in CET1, AT1 and Tier 2 capital for the year ended 31 December 2023. It is being presented on a transitional basis based on current PRA rules.

 | CET1 £m | AT1 £m | Tier 2 £m | Total £m
At 31 December 2022 | 24,992 | 3,875 | 5,053 | 33,920
Attributable profit for the period | 4,394 | | | 4,394
Ordinary interim dividend paid | (491) | | | (491)
Directed buyback | (1,259) | | | (1,259)
Foreseeable ordinary dividends | (1,013) | | | (1,013)
Foreseeable charges | (870) | | | (870)
Foreign exchange reserve | (637) | | | (637)
FVOCI reserve | 53 | | | 53
Own credit | 48 | | | 48
Share capital and reserve movements in | | | | 
respect of employee share schemes | 93 | | | 93
Goodwill and intangibles deduction | (498) | | | (498)
Deferred tax assets | (67) | | | (67)
Prudential valuation adjustments | (4) | | | (4)
Net dated subordinated debt instruments | | | 269 | 269
Foreign exchange movements | | | (115) | (115)
Adjustment under IFRS 9 transitional | | | | 
arrangements | (159) | | | (159)
Other movements | (142) | | 110 | (32)
At 31 December 2023 | 24,440 | 3,875 | 5,317 | 33,632

– For CET1 movements refer to the key points on page 247.

Tier 2 movements of £0.2 billion include an increase of £0.6 billion for a €0.7 billion 5.763% Fixed to Fixed Reset Tier 2 Notes 2034 issued in February 2023, partially offset by the £0.1 billion redemption of the UBIDAC subordinated notes, £0.1 billion partial redemption of 5.125% Subordinated Tier ||| NatWest Group plc — 2023 Annual Report — Group Chief Financial Officer's review > Financial summary continued - Part 1/2
£m
Tax charge | (1,434) | (1,275)
UK corporation tax rate | 23.5% | 19.0%
Effective tax rate | 23.2% | 24.8%

A tax charge of £1,434 million for the year ended 31 December 2023 arises rather than the expected charge of £1,452 million based on the corporation tax rate of 23.5%. The lower tax charge reflects tax credits in respect of the carrying value of loss DTAs and the foreign exchange recycling on the UBIDAC capital reduction. These factors have been partially offset by the UK banking surcharge, no tax relief for Rol tax losses, adjustments relating to prior years, and other non-deductible items. Further details can be found in Note 7 to the consolidated financial statements.

Impairments – continuing operations

 | 2023 £m | 2022 | Variance
£m | £m | %
Loans - amortised cost and FVOCI | 392,040 | 377,153 | 14,887 | 3.9
ECL provisions | 3,645 | 3,434 | 211 | 6.1
ECL provisions coverage ratio | 0.93% | 0.91% | 0.02% | 2.2
Impairment (releases)/losses | | | | 
ECL charge (1) | 578 | 337 | 241 | 71.5
Amounts written off | 319 | 482 | (163) | (33.8)

(1) The table above summarises loans and related credit impairment measured on an IFRS 9 basis. Refer to Credit Risk – Banking activities in the Risk and capital management section for further details. ||| NatWest Group plc — 2023 Annual Report — Group Chief Financial Officer's review > Financial performance - Part 1/2
Total income increased by 12.1% to £14.8 billion compared with 2022. Total income excluding notable items, was 9.8% higher than the prior year principally driven by lending growth, higher income in our markets business and favourable yield curve movements partially offset by the change in deposit mix from non-interest bearing to interest bearing and lower deposit balances. Bank NIM of 3.04%

was 19 basis points higher than 2022 primarily due to benefits from yield curve movements, net of changes in deposit mix, partially offset by lending margin pressure.

Total operating expenses were £309 million higher than 2022. Óther operating expenses were £339 million, or 4.6%, higher for the year at £7.6 billion, in line with our full year guidance. The increase was principally due to higher staff costs, including a payment to support our colleagues with cost of living challenges and inflationary pressures on utility",8,0,6.16,0.0,,,,0.0,1.0,,1.0,9.0,0.0
ADVB001,adversarial_absent,other,bank_absent,What was Barclays' profit before tax in 2023?,[NOT IN CORPUS],"**7,503 million**",lbg-2023-core-financials-part-2::s0;nwg-2023-core-financials-part-11;nwg-2023-core-financials-part-4::s1;HSBC-2023-core-financials-part-11::s0;lbg-2023-core-financials-part-5::s0;lbg-2023-core-financials-part-1::s0,lloyds;natwest;natwest;hsbc;lloyds;lloyds,0.7394;0.7088;0.6831;0.6802;0.6773;0.6744,0.7394281625747681,,,"Lloyds Banking Group plc — 2023 Annual Report — Statutory results - Part 1/2
The Group's statutory profit before tax for 2023 was £7,503 million, with the increase on the prior year materially driven by the restatement of earnings for the IFRS 17 accounting change in 2022. In addition, 2023 has benefited from higher net income and a significantly lower impairment charge, partly offset by increased operating expenses as expected. Statutory profit after tax was £5,518 million.

The Group's statutory income statement includes income and expenses attributable to the policyholders of the Group's long-term assurance funds, investors in the Group's non-participating investment contracts and third party interests in consolidated funds. These items materially offset in arriving at profit before tax but can, depending on market movements, lead to significant variances on a statutory basis between total income and net finance income in respect of insurance and investment contracts from one period to the next. In 2023, due to market conditions, the Group recognised net gains on policyholder investments within total income, which were materially offset by the corresponding net finance expense in respect of insurance and investment contracts.

Total income, after net finance income in respect of insurance and investment contracts for the year was £l8,629 million, an increase of 20 per cent on 2022, largely reflecting an exceptional charge in the prior year under IFRS 17 from contract modifications in Insurance, Pensions and Investments. Net interest income of £i3,298 million was up 3 per cent on the prior year, driven by stronger margins and higher average interest-earning assets, including growth in the open mortgage book, Retail unsecured and European retail business. Other income amounted to a gain of £22,107 million in 2023, compared to a loss of £18,268 million in 2022. Net finance income in respect of insurance and investment contracts was a loss of £16,776 million in the year compared to a gain of £20,887 million in 2022, reflecting improved equity and debt markets.

The Group maintained its focus on cost management, whilst increasing strategic investment as planned. Total operating expenses of £i0,823 million were 17 per cent higher than in the prior year. This reflects higher planned strategic investment, severance charges, new business costs and inflationary ||| NatWest Group plc — 2023 Annual Report — Group Chief Financial Officer's review > Profit for the year
| 2023 £m | 2022
£m | Variance £m | 
Operating profit before tax Tax charge | 6,178 (1,434) | 5,132 (1,275) | 1,046 (159) | 20.4 12.5
Profit from continuing operations Loss from discontinued | 4,744 | 3,857 | 887 | 23.0
operations, net of tax | (112) | (262) | 150 | (57.3)
Profit for the year | 4,632 | 3,595 | 1,037 | 28.8
Attributable to: | | | | 
Ordinary shareholders | 4,394 | 3,340 | 1,054 | 31.6
Paid-in equity holders | 242 | 249 | (7) | (2.8)
Non-controlling interests | (4) | 6 | (10) | nm

Operating profit before tax of £6,178 million is £1,046 million, or 20.4%, higher than 2022 primarily due to increased income as a result of the favourable yield curve movements partially offset with higher costs largely attributable to inflationary pressures. ||| NatWest Group plc — 2023 Annual Report — Group Chief Financial Officer's review > Financial performance - Part 1/2
17.8%, above our guided range. The profit for the year includes a deferred tax asset write back of £385 million in respect of tax losses.

Net loans to customers excluding central items increased by £8.9 billion in the year largely reflecting a £7.6 billion increase in Retail Banking and £2.0 billion of growth in Commercial & Institutional due to an increase in term loan facilities and private financing within Corporate & Institutions, net of £2.7 billion of UK Government scheme repayments. Retail Banking mortgage lending increased by £5.9 billion, with gross new mortgage lending of £29.8 billion in 2023 compared with £41.4 billion in 2022 reflecting the smaller mortgage market, and unsecured lending increased by £2.0 billion with continued strong customer demand. Private Banking net loans to customers decreased by £0.7 billion driven by higher repayments on mortgages. Up to 31 December 2023 we have provided £61.9 billion against our target to provide £100 billion climate and sustainable funding and financing between 1 July 2021 and the end of 2025.

(1) Full Time Equivalents of our permanent and internal fixed term resource. Each full-time employee is one FTE, with part-time employees recorded based on hours worked.

As part of this we aim to provide at least £10 billion in lending for residential properties with Energy Performance Certificate (EPC) ratings A and B between 1 January 2023 and the end of 2025. During 2023 we provided £29.3 billion climate and sustainable funding and financing, which included £3.9 billion in lending for residential properties with EPC ratings A and B. ||| HSBC Holdings plc — 2023 Annual Report — Income statement commentary > [Consolidated balance sheet, Return on average tangible equity, Supplementary table for planned disposals, Tax expense]
## Tax expense
The effective tax rate for 2023 of 19.1% was higher than the 4.7% in 2022. The effective tax rate for 2023 was increased by 2.3 percentage points by the non-deductible impairment of investments in associates, and reduced by 1.6 percentage points by the release of provisions for uncertain tax positions and reduced by 1.5 percentage points by the non-taxable accounting gain on the acquisition of SVB UK. The effective tax rate for 2022 was reduced by 12.8 percentage points by the recognition of a deferred tax asset on historical tax losses of HSBC Holdings as a result of improved profit forecasts for the UK tax group. Excluding these items, the effective tax rates were 19.9% for 2023 and 17.5% for 2022.

## Return on average tangible equity
In 2023, RoTE was 14.6%, compared with 10.0% in 2022. Excluding the impact of strategic transactions and the impairment of BoCom, RoTE was 15.6%.

## Supplementary table for planned disposals
The income statements and selected balance sheet metrics for the year ended 31 December 2023 of our banking business in Canada and our retail banking operations in France are shown below. The asset and liability balances relating to these planned disposals are reported on the Group balance sheet within 'Assets held for sale' and 'Liabilities of disposal groups held for sale', respectively, as at 31 December 2023.

Income statement and selected balance sheet metrics of disposal groups held for sale

 | Year ended 2023
Canada1 $bn | France retail[2]
Revenue | 2.0 | $bn 0.3
ECL | - | -
Operating expenses | (1.0) | (0.6)
of which: costs expected to be exited | (0.7) | (0.4)
Profit before tax | 0.9 | (0.2)
 | | 
Loans and advances to customers | 56.1 | 16.9
Customer accounts | 63.0 | 22.3
RWA3 | 31.9 | 4.1

1 Under the terms of the sale ||| Lloyds Banking Group plc — 2023 Annual Report — Underlying results^ - Part 1/2
The Group's underlying profit for 2023 was £7,809 million, an increase of 1l per cent compared to £7,028 million in the prior year. Growth in net income and a lower underlying impairment charge was partly offset by expected higher operating costs and remediation. Underlying profit in the fourth quarter was down 14 per cent compared to the third quarter, with the impairment credit more than offset by lower underlying net interest income, higher operating lease depreciation and higher total costs, impacted by the bank levy, severance charges and remediation.

Net income
 | 2023 £m | 2022 £m | Change %
Underlying net interest income | 13,765 | 13,172 | 5
Underlying other income' | 5,123 | 4,666 | 10
Operating lease depreciation[2] | (956) | (373) | 
Net income^,1 | 17,932 | 17,465 | 3
 | | | 
Banking net interest margin^ | 3.11% | 2.94% | 17bp
Average interest-earning banking assets^ | £453.3bn | £452.0bn | 

1 2022 c",9,0,6.68,0.0,,,,0.0,1.0,,2.0,17.0,0.0
ADVB002,adversarial_absent,other,bank_absent,What was the CET1 ratio reported by Standard Chartered for 2023?,[NOT IN CORPUS],**13.4%**,nwg-2023-core-financials-part-6;lbg-2023-core-financials-part-11::s0;nwg-2023-core-financials-part-17::s0;nwg-2023-core-financials-part-16::s1;lbg-2023-core-financials-part-11::s1;lbg-2023-core-financials-part-10::s0,natwest;lloyds;natwest;natwest;lloyds;lloyds,0.7029;0.6918;0.6754;0.6702;0.6580;0.6558,0.7029432058334351,,,"NatWest Group plc — 2023 Annual Report — Group Chief Financial Officer's review > Capital and leverage
The CET1 ratio remains strong at 13.4%, or 13.2% excluding IFRS 9 transitional relief. The 80 basis point reduction compared with 31 December 2022 principally reflected distributions deducted from capital of c.200 basis points, partially offset by the attributable profit. The NatWest Group's minimum requirement for own funds and eligible liabilities (MREL) ratio was 30.5%. RWAs increased by £6.9 billion during 2023 to £183.0 billion principally reflecting lending growth in Commercial & Institutional and a £3.0 billion uplift associated with CRD IV model updates, partially offset by a £4.0 billion reduction as we continue our exit from the Republic of Ireland.

## Funding and liquidity
The LCR of 144%, representing £45.4 billion headroom above 100% minimum requirement, decreased by 1 percentage point during the year, driven by growth in customer lending and reduced customer deposits offset by an increase in wholesale funding and UBIDAC asset sale.

Katie Murray Group Chief Financial Officer

## Financial summary ||| Lloyds Banking Group plc — 2023 Annual Report — Summary of Group results continued > Capital - Part 2/2
Excluding the Insurance dividend received in February 2024 and the full impact of the announced ordinary share buyback programme, the Group's CET1 capital ratio at 31 December 2023 was 14.6 per cent (31 December 2022: 15.1 per cent).

The Group expects capital generation in 2024 to be c.175 basis points after taking further expected in-year regulatory headwinds and reaffirms guidance for capital generation in 2026 of greater than 200 basis points.

Risk-weighted assets have increased by £8.2 billion during the year to £219.1 billion at 31 December 2023 (31 December 2022: £210.9 billion). This includes the impact of Retail secured CRD IV model updates of £5 billion, of which a further £2 billion was recognised in the fourth quarter. Excluding this, lending, operational and market risk increases, a modest uplift from credit and model calibrations and other movements were partly offset by optimisation, including capital efficient securitisation activity within the balance sheet. In relation to the Retail secured CRD IV models, it is estimated that a further £5 billion increase will be required over 2024 to 2026, noting that this will be subject to final model outcomes. The Group's risk-weighted assets guidance for 2024 remains unchanged at between £220 billion and £225 billion.

The PRA provided an update to the Group's Pillar 2A CET1 capital requirement during the fourth quarter, with the requirement remaining at around 1.5 per cent of risk-weighted assets. In July 2023 the Group's countercyclical capital buffer (CCyB) rate increased to 1.8 per cent (from 0.9 per cent) in total following the increase in the UK CCyB rate to 2 per cent (from 1 per cent). As a result, the Group's regulatory CET1 capital requirement is now around 12 per cent. The Board's revised view of the ongoing level of CET1 capital required to grow the business, meet current and future regulatory requirements and cover economic and business uncertainties is now 13.0 per cent (previously 13.5 per cent). This continues to include a management buffer of ||| NatWest Group plc — 2023 Annual Report — Group Chief Financial Officer's review > Capital flow statement
## Capital flow statement
The table below analyses the movement in CET1, AT1 and Tier 2 capital for the year ended 31 December 2023. It is being presented on a transitional basis based on current PRA rules.

 | CET1 £m | AT1 £m | Tier 2 £m | Total £m
At 31 December 2022 | 24,992 | 3,875 | 5,053 | 33,920
Attributable profit for the period | 4,394 | | | 4,394
Ordinary interim dividend paid | (491) | | | (491)
Directed buyback | (1,259) | | | (1,259)
Foreseeable ordinary dividends | (1,013) | | | (1,013)
Foreseeable charges | (870) | | | (870)
Foreign exchange reserve | (637) | | | (637)
FVOCI reserve | 53 | | | 53
Own credit | 48 | | | 48
Share capital and reserve movements in | | | | 
respect of employee share schemes | 93 | | | 93
Goodwill and intangibles deduction | (498) | | | (498)
Deferred tax assets | (67) | | | (67)
Prudential valuation adjustments | (4) | | | (4)
Net dated subordinated debt instruments | | | 269 | 269
Foreign exchange movements | | | (115) | (115)
Adjustment under IFRS 9 transitional | | | | 
arrangements | (159) | | | (159)
Other movements | (142) | | 110 | (32)
At 31 December 2023 | 24,440 | 3,875 | 5,317 | 33,632

– For CET1 movements refer to the key points on page 247.

Tier 2 movements of £0.2 billion include an increase of £0.6 billion for a €0.7 billion 5.763% Fixed to Fixed Reset Tier 2 Notes 2034 issued in February 2023, partially offset by the £0.1 billion redemption of the UBIDAC subordinated notes, £0.1 billion partial redemption of 5.125% Subordinated Tier ||| NatWest Group plc — 2023 Annual Report — Group Chief Financial Officer's review > Measurement
capital, £54 million for total capital and £17 million RWAs (31 December 2022 - £0.4 billion CET1 capital, £36 million total capital and £71 million RWAs). Excluding these adjustments, the CET1 ratio would be 13.2% (31 December 2022 - 14.0%). The transitional relief on grandfathered instruments at 31 December 2023 was nil (31 December 2022 - £0.1 billion). Excluding both the transitional relief on grandfathered capital instruments and the transitional arrangements for the capital impact of IFRS 9 expected credit loss (ECL) accounting, the end-point Tier 1 capital ratio would be 15.4% (31 December 2022 – 16.2%) and the end-point Total capital ratio would be 18.4% (31 December 2022 – 19.3%).

(2) The UK leverage exposure and transitional Tier 1 capital are calculated in accordance with current PRA rules. Excluding the IFRS 9 transitional adjustment, the UK leverage ratio would be 5.0% (31 December 2022 – 5.3%).

(3) Based on the daily average of on-balance sheet items and three month-end average of off-balance sheet items and Tier 1 capital. ||| Lloyds Banking Group plc — 2023 Annual Report — Summary of Group results continued > Capital - Part 2/2
now around 12 per cent. The Board's revised view of the ongoing level of CET1 capital required to grow the business, meet current and future regulatory requirements and cover economic and business uncertainties is now 13.0 per cent (previously 13.5 per cent). This continues to include a management buffer of around 1 per cent. In order to manage risks and distributions in an orderly way, the Board therefore expects to pay down to c.13.5 per cent by the end of 2024 before progressing towards paying down to the revised capital target of 13.0 per cent by the end of 2026. ||| Lloyds Banking Group plc — 2023 Annual Report — Summary of Group results continued > Capital - Part 1/2
At 31 Dec 2023 | At 31 Dec 2022 | Change %
CET1 ratio 14.6% | 15.1% | (0.5)pp
Pro forma CETI ratio^] | 13.7% 14.1% | (0.4)pp
UK leverage ratio | 5.8% 5.6% | 0.2pp
Risk-weighted assets £219.1bn | £210.9bn | 4
Capital generation
Pro forma CET1 ratio as at 31 December 2022 | | 14.1%
Banking build (including impairment charge) (bps) | | 237
Insurance dividend (bps) | | 12
Risk-weighted assets (bps) | | (25)
Fixed pension deficit contributions (bps) | | (30)
Other movements (bps)[2] | | 29
Capital generation (bps)
Retail secured CRD IV model updates and phased unwind of IFRS 9 transitional relief (bps) | | 223
Capital generation (post CRD IV and transitional headwinds) (bps) | | (50) 173
Tusker acquisition (bps) | | (21)
Ordinary dividend (bps) | | (86)
Share buyback accrual (bps) | | (98)
Variable pension contributions (bps)[3] | | (9)
Pro forma CET1 ratio as at 31 December 20231

1 31 December 2022 and 31 December 2023 reflect both the full impact of the share buybacks announced in respect of 2022 and 2023 and the ordinary dividends received from the Insurance business in February 2023 and February 2024 respectively, but ex",8,0,5.43,0.0,,,,0.0,1.0,,1.0,9.0,0.0
ADVB003,adversarial_absent,other,bank_absent,What was Santander UK's cost-efficiency ratio in 2023?,[NOT IN CORPUS],**51.8%**,nwg-2023-core-financials-part-6;nwg-2023-core-financials-part-4::s1;nwg-2023-core-financials-part-3;nwg-2023-core-financials-part-1::s0;HSBC-2023-core-financials-part-9::s0;lbg-2023-core-financials-part-7::s0,natwest;natwest;natwest;natwest;hsbc;lloyds,0.6323;0.6269;0.6262;0.6258;0.6196;0.6166,0.6322834491729736,,,"NatWest Group plc — 2023 Annual Report — Group Chief Financial Officer's review > Capital and leverage
The CET1 ratio remains strong at 13.4%, or 13.2% excluding IFRS 9 transitional relief. The 80 basis point reduction compared with 31 December 2022 principally reflected distributions deducted from capital of c.200 basis points, partially offset by the attributable profit. The NatWest Group's minimum requirement for own funds and eligible liabilities (MREL) ratio was 30.5%. RWAs increased by £6.9 billion during 2023 to £183.0 billion principally reflecting lending growth in Commercial & Institutional and a £3.0 billion uplift associated with CRD IV model updates, partially offset by a £4.0 billion reduction as we continue our exit from the Republic of Ireland.

## Funding and liquidity
The LCR of 144%, representing £45.4 billion headroom above 100% minimum requirement, decreased by 1 percentage point during the year, driven by growth in customer lending and reduced customer deposits offset by an increase in wholesale funding and UBIDAC asset sale.

Katie Murray Group Chief Financial Officer

## Financial summary ||| NatWest Group plc — 2023 Annual Report — Group Chief Financial Officer's review > Financial performance - Part 1/2
17.8%, above our guided range. The profit for the year includes a deferred tax asset write back of £385 million in respect of tax losses.

Net loans to customers excluding central items increased by £8.9 billion in the year largely reflecting a £7.6 billion increase in Retail Banking and £2.0 billion of growth in Commercial & Institutional due to an increase in term loan facilities and private financing within Corporate & Institutions, net of £2.7 billion of UK Government scheme repayments. Retail Banking mortgage lending increased by £5.9 billion, with gross new mortgage lending of £29.8 billion in 2023 compared with £41.4 billion in 2022 reflecting the smaller mortgage market, and unsecured lending increased by £2.0 billion with continued strong customer demand. Private Banking net loans to customers decreased by £0.7 billion driven by higher repayments on mortgages. Up to 31 December 2023 we have provided £61.9 billion against our target to provide £100 billion climate and sustainable funding and financing between 1 July 2021 and the end of 2025.

(1) Full Time Equivalents of our permanent and internal fixed term resource. Each full-time employee is one FTE, with part-time employees recorded based on hours worked.

As part of this we aim to provide at least £10 billion in lending for residential properties with Energy Performance Certificate (EPC) ratings A and B between 1 January 2023 and the end of 2025. During 2023 we provided £29.3 billion climate and sustainable funding and financing, which included £3.9 billion in lending for residential properties with EPC ratings A and B. ||| NatWest Group plc — 2023 Annual Report — Group Chief Financial Officer's review
![](images/0531d8d8c1863522c189048abeb9e8dd5c2383cd1551c15044176bab939007b9.jpg)

'We have delivered a strong operating performance in 2023 with a RoTE of 17.8%. Total income excluding notable items of £14.3 billion was up by 9.8% and levels of default remain stable across our portfolio. We remain focused on cost discipline and have achieved our cost target of around £7.6 billion, with a cost:income ratio of 51.8%.' ||| NatWest Group plc — 2023 Annual Report — Financial Summary - Part 1/2
| Year ended or as at
2023 | 2022 | Variance
Performance key metrics and ratios | | | 
Total income | £14,752m | £13,156m | 12.1%
Notable items within total income (1) | £413m | £95m | nm
Total income excluding notable items (1) | £14,339m | £13,061m | 9.8%
Bank net interest margin (1) | 3.04% | 2.85% | 19bps
Bank average interest earning assets (1) | £363bn | £345bn | 5.2%
Cost:income ratio (excl. litigation and conduct) (1) | 51.8% | 55.5% | (3.7%)
Loan impairment rate (1) | 15bps | 9bps | 6bps
Profit attributable to ordinary shareholders Total earnings per share attributable to ordinary | £4,394m | £3,340m | 31.6%
shareholders – basic | 47.9p | 33.8p | 14.1p
Return on tangible equity (RoTE) (1) | 17.8% | 12.3% | 5.5%
Climate and sustainable funding and financing (2) | £29.3bn | £24.5bn | 19.6%
Balance sheet | | | 
Total assets | £692.7bn | £720.1bn | (3.8%)
Loans to customers – amortised cost | £381.4bn | £366.3bn | 4.1%
Loans to customers excluding central items (1,3) | £355.6bn | £346.7bn | 2.6%
Loans to customers and banks – amortised cost | | | 
FVOCI | £392.0bn | £377.1bn | 4.0%
Total impairment provisions (4) | £3.6bn | £3.4bn | 5.9%
Expected credit loss (ECL) coverage ratio | 0.93% | 0.91% | 2bps
Assets under management and administration | | | 
(AUMA) (1) ||| HSBC Holdings plc — 2023 Annual Report — Income statement commentary - Part 7/8
Year ended2023 20221 2021$m $m
2023 | 202212021
$m | 
Gross employee compensation and benefits | 19,623 | 19,288 19,612
Capitalised wages and salaries | (1,403) | (1,285) (870)
Goodwill impairment | | 587
Property and equipment | 4,285 | 4,949 5,145
Amortisation and impairment of intangibles | 1,827 | 1,701 1,438
UK bank levy | 339 | 13 116
Legal proceedings and regulatory matters | 188 | 246 106
Other operating expenses[2] | 7,211 | 7,789 8,486
Reported operating expenses | 32,070 | 32,701 34,620
Currency translation | | (399) (2,376)
Constant currency operating expenses | 32,070 | 32,302 32,244

1 From 1 January 2023, we adopted IFRS 17 'Insurance Contracts', which replaced IFRS 4 'Insurance Contracts'. Comparative data for the financial year ended 31 December 2022 have been restated accordingly. Comparative data for the year ended 31 December 2021 are prepared on an IFRS 4 basis.
2 Other operating expenses includes professional fees, contractor costs, transaction taxes, marketing and travel. The decrease was driven by favourable currency translation differences and lower restructuring and other related costs following the completion of our cost-saving programme at the end of 2022.

Staff numbers (full-time equivalents)

 | 2023 | 2022 | 2021
Global businesses | | | 
Wealth and Personal Banking | 128,399 | 128,764 | 130,185
Commercial Banking | 45,884 | 43,640 | 42,969
Global Banking and Markets | 46,241 | 46,435 | 46,166
Corporate Centre | 337 | 360 | 377
At 31 Dec | 220,861 | 219,199 | 219,697

1 Represents the number of full-time equivalent people with contracts of service with the Group who are being paid at the reporting date.

Operating expenses of \$32.1bn were \$0.6bn or 2% lower than in 2022, including a favourable impact of \$0.4bn from foreign currency ||| Lloyds Banking Group plc — 2023 Annual Report — Summary of Group results continued
# Summary of Group results continued

Total costsA
 | 2023 £m | 2022 £m | Change %
Operating costsAl | 9,140 | 8,672 | (5)
Remediation | 675 | 255 | 
Total costs^,1 | 9,815 | 8,927 | (10)
 | | | 
Cost:income ratio^l | 54.7% | 51.1% | 3.6pp

1 2022 comparatives have been restated to reflect the impact of IFRS 17. See note 1 on page 218.

Total costs, including remediation, of £9,815 million were 10 per cent higher than in the prior year. Operating costs were in line with guidance at £9,140 million, up 5 per cent, with higher planned strategic investment, severance charges, new business costs and inflationary impacts, partially mitigated by continued cost efficiency. Operating costs were higher in the fourth quarter than in the third impacted by the bank levy as well as severance charges. The Group's cost:income ratio, including remediation, for the year was 54.7 per cent, compared to 51.1 per cent in the prior year. Operating costs are expected to be c.£9.3 billion in 2024, reflecting severance charges and slightly higher than expected inflation. This does not include a potential cost increase of around £0.1 billion, driven by a sector wide change to the way in which the Bank of England charges for supervisory costs. If enacted, this will result in an equivalent, offsetting net interest in",8,0,5.61,0.0,,,,0.0,1.0,,1.0,9.0,0.0
ADVB004,adversarial_absent,other,bank_absent,What was Metro Bank's impairment charge for 2023?,[NOT IN CORPUS],**£nil**,lbg-2023-core-financials-part-8::s0;nwg-2023-core-financials-part-9::s1;HSBC-2023-core-financials-part-8::s1;HSBC-2023-core-financials-part-10::s0;nwg-2023-core-financials-part-10;nwg-2023-core-financials-part-1::s1,lloyds;natwest;hsbc;hsbc;natwest;natwest,0.6275;0.6184;0.6138;0.6040;0.5960;0.5912,0.6275230646133423,,,"Lloyds Banking Group plc — 2023 Annual Report — Summary of Group results continued > Underlying impairment^
## Underlying impairment^

 | 2023 £m | 2022 Change £m %
Charges (credits) pre-updated MES | | 
Retail | 1,064 | 773 | (38)
Commercial Banking | (487) | 122 | 
Other | (12) | 20 | 
 | 565 | 915 | 38
Updated economic outlook | | | 
Retail | (233) | 600 | 
Commercial Banking | (24) | 395 | 
Other | | (400) | 
 | (257) 595 | 
Underlying impairment charge^ | 308 1,510 | 80
Asset quality ratio^ | 0.07% | (0.25)bp
Total expected credit loss allowance (at end of year)A | 0.32% 4,337 5,284 | 18

1 Impairment charges excluding the impact from updated economic outlook taken each quarter.

Asset quality remains strong with credit performance across portfolios relatively stable in the quarter and remaining broadly at, or favourable to pre-pandemic experience. Underlying impairment was £308 million (2022: £l,510 million), resulting in an asset quality ratio of 7 basis points. The fourth quarter impairment credit of £541 million includes the impact of a significant write-back following the full repayment of debt from a single name client. The charge for 2023 also benefits from a net £257 million multiple economic scenarios (MES) release (2022: £595 million charge), including a £l88 million release in the fourth quarter, reflecting modest revisions to the Group's economic outlook. Given this outlook and ongoing portfolio resilience, the Group now expects the asset quality ratio to be less than 30 basis points in 2024.

The pre-updated MES impairment charge was £565 million (2022: £915 million), including a net £487 million release in Commercial Banking largely driven by the significant write-back in the fourth quarter. Excluding this, the equivalent asset quality ratio for the year was 29 basis points, also in line with guidance of less than 30 basis points. Compared to the prior year, while performance has been resilient, there has been modest deterioration from a low base, primarily in legacy variable rate UK mortgage portfolios. The impairment charge also includes the impact ||| NatWest Group plc — 2023 Annual Report — Group Chief Financial Officer's review > Financial summary continued - Part 1/2
£m
Tax charge | (1,434) | (1,275)
UK corporation tax rate | 23.5% | 19.0%
Effective tax rate | 23.2% | 24.8%

A tax charge of £1,434 million for the year ended 31 December 2023 arises rather than the expected charge of £1,452 million based on the corporation tax rate of 23.5%. The lower tax charge reflects tax credits in respect of the carrying value of loss DTAs and the foreign exchange recycling on the UBIDAC capital reduction. These factors have been partially offset by the UK banking surcharge, no tax relief for Rol tax losses, adjustments relating to prior years, and other non-deductible items. Further details can be found in Note 7 to the consolidated financial statements.

Impairments – continuing operations

 | 2023 £m | 2022 | Variance
£m | £m | %
Loans - amortised cost and FVOCI | 392,040 | 377,153 | 14,887 | 3.9
ECL provisions | 3,645 | 3,434 | 211 | 6.1
ECL provisions coverage ratio | 0.93% | 0.91% | 0.02% | 2.2
Impairment (releases)/losses | | | | 
ECL charge (1) | 578 | 337 | 241 | 71.5
Amounts written off | 319 | 482 | (163) | (33.8)

(1) The table above summarises loans and related credit impairment measured on an IFRS 9 basis. Refer to Credit Risk – Banking activities in the Risk and capital management section for further details. ||| HSBC Holdings plc — 2023 Annual Report — Income statement commentary - Part 6/8
3 primarily comprised stage 3 net charges, notably related to mainland China commercial real estate sector exposures. ECL charges in this sector were \$1.0bn in 2023. The charge in 2023 also reflected the impact of continued economic uncertainty, rising interest rates and inflationary pressures. The charge in 2022 of \$3.6bn included charges related to mainland China commercial real estate exposures of \$1.3bn.

For further details on the calculation of ECL, including the measurement uncertainties and significant judgements applied to such calculations, the impact of the economic scenarios and management judgemental adjustments, see pages 156 to 168.

Operating expenses ||| HSBC Holdings plc — 2023 Annual Report — Income statement commentary - Part 8/8
These reductions were partly offset by an increase in technology costs, the impacts of inflation, a higher performance-related pay accrual and severance payments. In addition, the UK bank levy increased by \$0.3bn, which included adjustments related to prior years, and we incurred a \$0.2bn charge in the US relating to the FDIC special assessment.

The number of employees expressed in full-time equivalent staff ('FTE') at 31 December 2023 was 220,861, an increase of 1,662 compared with 31 December 2022. The number of contractors at 31 December 2023 was 4,676, a decrease of 1,371.

Share of profit in associates and joint ventures of \$2.8bn was \$0.1bn or 3% higher than in 2022, reflecting an increase in the share of profit from Saudi Awwal Bank ('SAB').

Impairment of interest in associate of \$3.Obn related to our investment in BoCom.

We maintain a 19.03% interest in BoCom. Since our investment in 2004, BoCom has grown its business significantly to the extent that it has recently been designated as a global systemically important bank ('GSIB').

For accounting purposes, the balance sheet carrying value attributed to BoCom represents our share of its net assets. We perform quarterly impairment tests incorporating a value-in-use calculation, recognising the gap between this carrying value and the fair value (based on the list share price). We have previously disclosed that the excess of the value-in-use calculation over its carrying value has been marginal in recent years, and that reasonably possible changes in assumptions could generate an impairment.

Recent macroeconomic, policy and industry factors resulted in a wider range of reasonably possible value-in-use outcomes for our BoCom valuation. At 31 December 2023, the Group performed an impairment test on the carrying value which resulted in an impairment of \$3.0bn, as the recoverable amount as determined by a value-in-use calculation was lower than the carrying value. Our value-in-use calculation uses both historical experience and market participant views to estimate future cash flows, relevant discount rates and associated ||| NatWest Group plc — 2023 Annual Report — Group Chief Financial Officer's review > Financial summary continued - Part 2/2
Compared with 2022, our ECL provision increased by £0.2 billion to £3.6 billion and our ECL coverage ratio has increased from 0.91% to 0.93%. We retain post model adjustments of £0.4 billion related to economic uncertainty, or 11.8% of total impairment provisions.

A net impairment charge of £578 million, or 15 basis points of gross customer loans, primarily reflects continued low and stable levels of stage 3 defaults across the portfolio and good book charges related to unsecured lending. ||| NatWest Group plc — 2023 Annual Report — Financial Summary - Part 1/2
| 4.0%
Total impairment provisions (4) | £3.6bn | £3.4bn | 5.9%
Expected credit loss (ECL) coverage ratio | 0.93% | 0.91% | 2bps
Assets under management and administration | | | 
(AUMA) (1) Customer deposits | £40.8bn | £33.4bn | 22.2%
Customer deposits excluding central items (1,3) | £431.4bn | £450.3bn | (4.2%)
 | £419.1bn | £432.9bn | (3.2%)
Liquidity and funding | | | 
Liquidity coverage ratio (LCR) | 144% | 145% | (1.0%)
Liquidity portfolio (5) | £223bn | £233bn | (4.3%)
Net stable funding ratio (NSFR) | 133% | 145% | (12.0%)
Loan:deposit ratio (excl repos and reverse repos) (1) | 84% | 79% | 5.0%
Total wholesale funding | £80bn | £74bn | 8.1%
 | | | 
Short-term wholesale funding | £28bn | £21bn | 33.3%

 | Year ended or as at
2023 | 2022 | Variance
Capital and leverage | | | 
Common Equity Tier 1 (CET1) ratio (6) | 13.4% | 1",5,0,4.8,0.0,,,,0.0,1.0,,1.0,8.0,0.0
ADVB005,adversarial_absent,other,bank_absent,What share buyback did Virgin Money announce in its 2023 annual report?,[NOT IN CORPUS],Virgin Money announced a **£100 million share buyback programme** in its 2023 annual report. This programme commenced in February 2024 and is expected to be completed by the end of 2024.,lbg-2023-core-financials-part-13::s0;lbg-2023-core-financials-part-12;nwg-2023-core-financials-part-1::s1;lbg-2023-core-financials-part-13::s1;nwg-2023-core-financials-part-20;nwg-2023-core-financials-part-2,lloyds;lloyds;natwest;lloyds;natwest;natwest,0.6736;0.6455;0.6401;0.6351;0.6318;0.6289,0.67356276512146,,,"Lloyds Banking Group plc — 2023 Annual Report — Summary of Group results continued > Share buyback in respect of 2022 results
## Share buyback in respect of 2022 results
During 2023, the Group completed a £2 billion share buyback programme, in respect of 2022 results, with c.4.4 billion shares purchased at an average price of 45.59 pence per share. Through a reduction in the weighted average number of ordinary shares in issue, share buybacks have the effect of increasing earnings per share and, depending on the average price paid per share, can either increase or decrease the tangible net assets per share. The share buyback in respect of 2022 results had the effect of increasing the earnings per share by 0.3 pence and increasing the tangible net assets per share by 3.3 pence.

Risk-weighted assets

 | At 31 Dec 2023 £m | At 31 Dec 2022 £m
Foundation Internal Ratings Based (iRB) Approach | 44,504 | 46,500
Retail IRB Approach | 85,459 | 81,091
Other IRB Approach | 20,941 | 19,764
IRB Approach | 150,904 | 147,355
Standardised (STA) Approach' | 22,074 | 23,119
Credit risk | 172,978 | 170,474
Securitisation | 8,958 | 6,397
Counterparty credit risk | 5,847 | 5,911
Credit valuation adjustment risk | 689 | 621
Operational risk | 26,416 | 24,241
Market risk | 4,242 | 3,215
Risk-weighted assets | 219,130 | 210,859
Of which threshold risk-weighted assets[2] | 11,028 | 11,883

1 Threshold risk-weighted assets are included within Other IRB Approach and Standardised (sTA) Approach.

2 Threshold risk-weighted assets reflect the element of significant investments and deferred tax assets that are permitted to be risk-weighted instead of being deducted from CETl capital. Šignificant investments primarily arise from investment in the Group's Insurance business.

Risk-weighted assets have increased by £8 billion during the year to £219 billion at 31 December 2023 (31 December 2022: £211 billion). This includes the impact of Retail secured CRD ||| Lloyds Banking Group plc — 2023 Annual Report — Summary of Group results continued > Pensions
The Group has completed the triennial valuation of its main defined benefit pension schemes as at 31 December 2022. Following a fixed contribution of £800 million in the first half of 2023, a residual aggregate deficit of £250 million was agreed with the Trustee which the Group paid in December 2023. There will be no further deficit contributions, fixed or variable, for this triennial period (to 31 December 2025).

## Dividend and share buyback
The Group has a progressive and sustainable ordinary dividend policy whilst maintaining the flexibility to return further surplus capital through buybacks or special dividends.

In February 2023, the Board decided to return surplus capital in respect of 2022 through a share buyback programme of up to £2 billion.
This commenced in February 2023 and completed on 25 August 2023 with c.4.4 billion (c.7 per cent) ordinary shares repurchased.

The Board has recommended a final ordinary dividend of 1.84 pence per share, which, together with the interim ordinary dividend of 0.92 pence per share totals 2.76 pence per share, an increase of 15 per cent compared to 2022, in line with the Board's commitment to capital returns. The Board has also announced its intention to implement an ordinary share buyback of up to £2.0 billion which will commence as soon as is practicable and is expected to be completed by 31 December 2024.

Based on the total ordinary dividend and the intended ordinary share buyback the total capital return in respect of 2023 will be up to £3.8 billion, equivalent to c.14 per cent' of the Group's market capitalisation value.

1 Market capitalisation as at 16 February 2024.

## Other financial information

## Post-tax return on average assets

 | 2023 % | 2022 %
Post-tax return on average assets | 0.63 | 0.44

1 2022 comparatives have been restated to reflect the impact of IFRS 17. See note 1 on page 218 ||| NatWest Group plc — 2023 Annual Report — Financial Summary - Part 1/2
| 4.0%
Total impairment provisions (4) | £3.6bn | £3.4bn | 5.9%
Expected credit loss (ECL) coverage ratio | 0.93% | 0.91% | 2bps
Assets under management and administration | | | 
(AUMA) (1) Customer deposits | £40.8bn | £33.4bn | 22.2%
Customer deposits excluding central items (1,3) | £431.4bn | £450.3bn | (4.2%)
 | £419.1bn | £432.9bn | (3.2%)
Liquidity and funding | | | 
Liquidity coverage ratio (LCR) | 144% | 145% | (1.0%)
Liquidity portfolio (5) | £223bn | £233bn | (4.3%)
Net stable funding ratio (NSFR) | 133% | 145% | (12.0%)
Loan:deposit ratio (excl repos and reverse repos) (1) | 84% | 79% | 5.0%
Total wholesale funding | £80bn | £74bn | 8.1%
 | | | 
Short-term wholesale funding | £28bn | £21bn | 33.3%

 | Year ended or as at
2023 | 2022 | Variance
Capital and leverage | | | 
Common Equity Tier 1 (CET1) ratio (6) | 13.4% | 14.2% | (80bps)
Total capital ratio (6) | 18.4% | 19.3% | (90bps)
Pro forma CET1 ratio (excl. forseeable items) (7) | 14.2% | 15.4% | (120bps)
Risk-weighted assets (RWAs) | £183.0bn | £176.1bn | 3.9%
UK leverage ratio | 5.0% | 5.4% | (0.4%)
Tangible net asset value (TNAV) per ordinary share (1,8) | | | 
 | 292p | 264p | 28p
Number of ordinary shares (millions) (8) | 8,792 | 9,659 | (9.0%) ||| Lloyds Banking Group plc — 2023 Annual Report — Summary of Group results continued > Share buyback in respect of 2022 results
being deducted from CETl capital. Šignificant investments primarily arise from investment in the Group's Insurance business.

Risk-weighted assets have increased by £8 billion during the year to £219 billion at 31 December 2023 (31 December 2022: £211 billion). This includes the impact of Retail secured CRD IV model updates of £5 billion. Excluding this, lending, operational and market risk increases, a modest uplift from credit and model calibrations and other movements were partly offset by optimisation, including capital efficient securitisation activity within the balance sheet.

In relation to the Retail secured CRD IV models, it is estimated that a further £5 billion increase will be required over 2024 to 2026, noting that this will be subject to final model outcomes. ||| NatWest Group plc — 2023 Annual Report — Group Chief Financial Officer's review > Consolidated statement of comprehensive income
For the year ended 31 December 2023

 | 2023 | 2022 | 2021
£m | £m | £m
Profit for the year | 4,632 | 3,595 | 3,312
Items that do not qualify for reclassification | | | 
Remeasurement of retirement benefit schemes | (280) | (840) | (669)
Changes in fair value of credit in financial liabilities designated at FVTPL | (39) | 50 | (29)
FVOCI financial assets | 17 | 59 | 13
Tax | 79 | 187 | 164
 | (223) | (544) | (521)
Items that do qualify for reclassification | | | 
FVOCI financial assets | 49 | (457) | (100)
Cash flow hedges (1) | 1,208 | | (848)
Currency translation | | (3,277) | 
Tax | (619) | 241 | (382)
 | (361) | 1,067 | 213
 | 277 | (2,426) | (1,117)
Other comprehensive income/(losses) after tax Total comprehensive income for the year | 54 | (2,970) | (1,638)
 | 4,686 | 625 | 1,674
Attributable to: | | | 
Ordinary shareholders | 4,448 | 370 | 1,308
Preference shareholders | | | 19
Paid-in equity holders | 242 | 249 | 299
Non-controlling interests | (4) | 6 | 48
 | 4,686 | 625 | 1,674

The accompanying notes on pages 313 to 388, the Accounting policies on pages 305 to 312 and the audited sections of the Financial review and Risk and capital management sections on pages 71 to 82 and 172 to 282 form an integral part of these financial statements.

Refer to footnotes 6 and 7 of the Consolidated statement of changes in equity. ||| NatWest Group plc — 2023 Annual Report — Financial Summary - Part 2/2
(1) Refer to the Non-IFRS financial measures section for details of the basis of preparation and reconciliation of non-IFRS financial measures and performance metrics.
(2) NatWest Group uses its climate and sustainable funding and financing inclusion (CSFFl) criteria to determine the ",52,0,11.14,0.0,,,,0.0,1.0,,31.0,186.0,0.0
ADVB006,adversarial_absent,other,bank_absent,What was Nationwide Building Society's underlying profit for the year to April 2023?,[NOT IN CORPUS],"**£1,019 million**",nwg-2023-core-financials-part-4::s1;lbg-2023-core-financials-part-5::s0;nwg-2023-core-financials-part-5;nwg-2023-core-financials-part-4::s0;nwg-2023-core-financials-part-13;nwg-2023-core-financials-part-7::s0,natwest;lloyds;natwest;natwest;natwest;natwest,0.7070;0.6801;0.6774;0.6701;0.6657;0.6648,0.7069786787033081,,,"NatWest Group plc — 2023 Annual Report — Group Chief Financial Officer's review > Financial performance - Part 1/2
17.8%, above our guided range. The profit for the year includes a deferred tax asset write back of £385 million in respect of tax losses.

Net loans to customers excluding central items increased by £8.9 billion in the year largely reflecting a £7.6 billion increase in Retail Banking and £2.0 billion of growth in Commercial & Institutional due to an increase in term loan facilities and private financing within Corporate & Institutions, net of £2.7 billion of UK Government scheme repayments. Retail Banking mortgage lending increased by £5.9 billion, with gross new mortgage lending of £29.8 billion in 2023 compared with £41.4 billion in 2022 reflecting the smaller mortgage market, and unsecured lending increased by £2.0 billion with continued strong customer demand. Private Banking net loans to customers decreased by £0.7 billion driven by higher repayments on mortgages. Up to 31 December 2023 we have provided £61.9 billion against our target to provide £100 billion climate and sustainable funding and financing between 1 July 2021 and the end of 2025.

(1) Full Time Equivalents of our permanent and internal fixed term resource. Each full-time employee is one FTE, with part-time employees recorded based on hours worked.

As part of this we aim to provide at least £10 billion in lending for residential properties with Energy Performance Certificate (EPC) ratings A and B between 1 January 2023 and the end of 2025. During 2023 we provided £29.3 billion climate and sustainable funding and financing, which included £3.9 billion in lending for residential properties with EPC ratings A and B. ||| Lloyds Banking Group plc — 2023 Annual Report — Underlying results^ - Part 1/2
The Group's underlying profit for 2023 was £7,809 million, an increase of 1l per cent compared to £7,028 million in the prior year. Growth in net income and a lower underlying impairment charge was partly offset by expected higher operating costs and remediation. Underlying profit in the fourth quarter was down 14 per cent compared to the third quarter, with the impairment credit more than offset by lower underlying net interest income, higher operating lease depreciation and higher total costs, impacted by the bank levy, severance charges and remediation.

Net income
 | 2023 £m | 2022 £m | Change %
Underlying net interest income | 13,765 | 13,172 | 5
Underlying other income' | 5,123 | 4,666 | 10
Operating lease depreciation[2] | (956) | (373) | 
Net income^,1 | 17,932 | 17,465 | 3
 | | | 
Banking net interest margin^ | 3.11% | 2.94% | 17bp
Average interest-earning banking assets^ | £453.3bn | £452.0bn | 

1 2022 comparatives have been restated to reflect the impact of IFRS 17. See note 1 on page 218.
2 Net of profits on disposal of operating lease assets of £93 million (2022: £197 million).

Net income of £l7,932 million was up 3 per cent on the prior year, with higher net interest income and underlying other income, partially offset by an increased charge for operating lease depreciation. Net interest income in the year of £l3,765 million was up 5 per cent, driven by a stronger banking net interest margin of 3.1l per cent (2022: 2.94 per cent), in line with guidance and higher average interestearning banking assets. The net interest margin benefited from UK Bank Rate increases and higher structural hedge earnings from the rising rate environment, partly offset by expected headwinds due to deposit mix effects and asset margin compression, particularly in the mortgage book. Average interest-earning banking assets at £453.3 billion modestly increased compared to 2022 although slightly lower than ||| NatWest Group plc — 2023 Annual Report — Group Chief Financial Officer's review > Financial performance - Part 2/2
Customer deposits excluding central items decreased by £13.8 billion during 2023 to £419.1 billion principally reflecting the competitive environment for deposits and an overall market liquidity contraction. Despite the reduction, LDR (excl. repos and reverse repos) remains healthy at 84%. In the fourth quarter customer deposit balances reduced by £4.5 billion largely within Corporate & Institutions as a result of active management, with growth in Retail Banking and Private Banking partially offsetting. We have continued to see the mix of our book shift towards interest bearing and term balances, with non-interest bearing balances now accounting for 34% of balances and term at 16%.

TNAV per share increased by 28 pence in the year to 292 pence primarily reflecting the attributable profit for the period and an £872 million movement in cash flow hedging reserves as rate expectations lowered, partially offset by the impact of distributions. Intangible assets increased by £498 million in the year, primarily reflecting software capitalisation and the acquisition of Cushon. ||| NatWest Group plc — 2023 Annual Report — Group Chief Financial Officer's review > Financial performance - Part 1/2
Total income increased by 12.1% to £14.8 billion compared with 2022. Total income excluding notable items, was 9.8% higher than the prior year principally driven by lending growth, higher income in our markets business and favourable yield curve movements partially offset by the change in deposit mix from non-interest bearing to interest bearing and lower deposit balances. Bank NIM of 3.04%

was 19 basis points higher than 2022 primarily due to benefits from yield curve movements, net of changes in deposit mix, partially offset by lending margin pressure.

Total operating expenses were £309 million higher than 2022. Óther operating expenses were £339 million, or 4.6%, higher for the year at £7.6 billion, in line with our full year guidance. The increase was principally due to higher staff costs, including a payment to support our colleagues with cost of living challenges and inflationary pressures on utility and contract costs. FTE(1) reduced by c.300 to c.61,200 principally reflecting reductions as we continue our exit from the Republic of Ireland and automation and simplification in Retail Banking, partially offset by investment in technology and data roles.

A net impairment charge of £578 million, or 15 basis points of gross customer loans, primarily reflects continued low and stable levels of stage 3 defaults across the portfolio and good book charges related to unsecured lending. Compared with 2022, our ECL provision increased by £0.2 billion to £3.6 billion and our ECL coverage ratio has increased from 0.91% to 0.93%. We retain post model adjustments of £0.4 billion related to economic uncertainty, or 11.8% of total impairment provisions.

As a result, we are pleased to report an attributable profit for 2023 of £4.4 billion, with earnings per share of 47.9 pence and a RoTE of 17.8%, above our guided range. The profit for the year includes a deferred tax asset write back of £385 million in respect of tax losses.

Net loans to customers excluding central items increased by £8.9 billion in the year largely reflecting a £7.6 billion increase in Retail Banking and ||| NatWest Group plc — 2023 Annual Report — Group Chief Financial Officer's review > Financial summary continued - Part 2/2
Total loans to customers increased by £15.1 billion to £381.4 billion, primarily reflecting £7.6 billion growth mainly in the Retail Banking mortgage and credit cards business and a £6.5 billion increase in Treasury mainly due to higher reverse repos.

Total loans to banks decreased by £0.2 billion, 3%, to £6.9 billion due to lower Commercial & Institutional nostro balances.

Customer deposits decreased by £18.9 billion reflecting a reduction of £9.9 billion in Commercial & Institutional and £3.5 billion reduction in Private Banking, lower business current accounts, savings and non-interest bearing deposits, and a £6.0 billion reduction as a result of the withdrawal from the Republic of Ireland. – Bank d",10,0,6.3,0.0,,,,0.0,1.0,,2.0,18.0,0.0
ADVB007,adversarial_absent,other,bank_absent,What statutory profit before tax did TSB report for 2023?,[NOT IN CORPUS],"**£7,503 million**",lbg-2023-core-financials-part-2::s0;HSBC-2023-core-financials-part-11::s0;nwg-2023-core-financials-part-11;HSBC-2023-core-financials-part-11::s1;HSBC-2023-core-financials-part-2::s1;HSBC-2023-core-financials-part-22,lloyds;hsbc;natwest;hsbc;hsbc;hsbc,0.7171;0.6663;0.6613;0.6598;0.6528;0.6521,0.7171456217765808,,,"Lloyds Banking Group plc — 2023 Annual Report — Statutory results - Part 1/2
The Group's statutory profit before tax for 2023 was £7,503 million, with the increase on the prior year materially driven by the restatement of earnings for the IFRS 17 accounting change in 2022. In addition, 2023 has benefited from higher net income and a significantly lower impairment charge, partly offset by increased operating expenses as expected. Statutory profit after tax was £5,518 million.

The Group's statutory income statement includes income and expenses attributable to the policyholders of the Group's long-term assurance funds, investors in the Group's non-participating investment contracts and third party interests in consolidated funds. These items materially offset in arriving at profit before tax but can, depending on market movements, lead to significant variances on a statutory basis between total income and net finance income in respect of insurance and investment contracts from one period to the next. In 2023, due to market conditions, the Group recognised net gains on policyholder investments within total income, which were materially offset by the corresponding net finance expense in respect of insurance and investment contracts.

Total income, after net finance income in respect of insurance and investment contracts for the year was £l8,629 million, an increase of 20 per cent on 2022, largely reflecting an exceptional charge in the prior year under IFRS 17 from contract modifications in Insurance, Pensions and Investments. Net interest income of £i3,298 million was up 3 per cent on the prior year, driven by stronger margins and higher average interest-earning assets, including growth in the open mortgage book, Retail unsecured and European retail business. Other income amounted to a gain of £22,107 million in 2023, compared to a loss of £18,268 million in 2022. Net finance income in respect of insurance and investment contracts was a loss of £16,776 million in the year compared to a gain of £20,887 million in 2022, reflecting improved equity and debt markets.

The Group maintained its focus on cost management, whilst increasing strategic investment as planned. Total operating expenses of £i0,823 million were 17 per cent higher than in the prior year. This reflects higher planned strategic investment, severance charges, new business costs and inflationary ||| HSBC Holdings plc — 2023 Annual Report — Income statement commentary > [Consolidated balance sheet, Return on average tangible equity, Supplementary table for planned disposals, Tax expense]
## Tax expense
The effective tax rate for 2023 of 19.1% was higher than the 4.7% in 2022. The effective tax rate for 2023 was increased by 2.3 percentage points by the non-deductible impairment of investments in associates, and reduced by 1.6 percentage points by the release of provisions for uncertain tax positions and reduced by 1.5 percentage points by the non-taxable accounting gain on the acquisition of SVB UK. The effective tax rate for 2022 was reduced by 12.8 percentage points by the recognition of a deferred tax asset on historical tax losses of HSBC Holdings as a result of improved profit forecasts for the UK tax group. Excluding these items, the effective tax rates were 19.9% for 2023 and 17.5% for 2022.

## Return on average tangible equity
In 2023, RoTE was 14.6%, compared with 10.0% in 2022. Excluding the impact of strategic transactions and the impairment of BoCom, RoTE was 15.6%.

## Supplementary table for planned disposals
The income statements and selected balance sheet metrics for the year ended 31 December 2023 of our banking business in Canada and our retail banking operations in France are shown below. The asset and liability balances relating to these planned disposals are reported on the Group balance sheet within 'Assets held for sale' and 'Liabilities of disposal groups held for sale', respectively, as at 31 December 2023.

Income statement and selected balance sheet metrics of disposal groups held for sale

 | Year ended 2023
Canada1 $bn | France retail[2]
Revenue | 2.0 | $bn 0.3
ECL | - | -
Operating expenses | (1.0) | (0.6)
of which: costs expected to be exited | (0.7) | (0.4)
Profit before tax | 0.9 | (0.2)
 | | 
Loans and advances to customers | 56.1 | 16.9
Customer accounts | 63.0 | 22.3
RWA3 | 31.9 | 4.1

1 Under the terms of the sale ||| NatWest Group plc — 2023 Annual Report — Group Chief Financial Officer's review > Profit for the year
| 2023 £m | 2022
£m | Variance £m | 
Operating profit before tax Tax charge | 6,178 (1,434) | 5,132 (1,275) | 1,046 (159) | 20.4 12.5
Profit from continuing operations Loss from discontinued | 4,744 | 3,857 | 887 | 23.0
operations, net of tax | (112) | (262) | 150 | (57.3)
Profit for the year | 4,632 | 3,595 | 1,037 | 28.8
Attributable to: | | | | 
Ordinary shareholders | 4,394 | 3,340 | 1,054 | 31.6
Paid-in equity holders | 242 | 249 | (7) | (2.8)
Non-controlling interests | (4) | 6 | (10) | nm

Operating profit before tax of £6,178 million is £1,046 million, or 20.4%, higher than 2022 primarily due to increased income as a result of the favourable yield curve movements partially offset with higher costs largely attributable to inflationary pressures. ||| HSBC Holdings plc — 2023 Annual Report — Income statement commentary > [Consolidated balance sheet, Return on average tangible equity, Supplementary table for planned disposals, Tax expense]
7) | (0.4)
Profit before tax | 0.9 | (0.2)
 | | 
Loans and advances to customers | 56.1 | 16.9
Customer accounts | 63.0 | 22.3
RWA3 | 31.9 | 4.1

1 Under the terms of the sale agreement, the pre-tax profit on sale will be recognised through a combination of the consolidation of HSBC Canada's results into the Group's financial statements from 30 June 2022 until completion, and the remaining gain on sale recognised at completion.

2 France retail includes the transferring of the retail banking business, HSBC SFH and associated supporting services. For further details, see Note 23: Assets held for sale and liabilities of disposal groups held for sale on page 401.

3 Includes \$3.5bn in Canada in respect of operational risk RWAs, and \$0.6bn associated with our retail banking business in France.

## Consolidated balance sheet ||| HSBC Holdings plc — 2023 Annual Report — Summary consolidated income statement - Part 2/2
value disposed under the final terms of sale. The \$0.4bn impairment of goodwill recognised in the third quarter in 2022 has not been reversed.

4 Other operating (expense)/income includes a loss on net monetary positions of \$1,667m (2022: \$678m; 2021: \$576m) as a result of applying IAS 29 'Financial Reporting in Hyperinflationary Economies' and disposal losses on capitalised markets treasury repositioning of \$977m in 2023.

5 Net operating income before change in expected credit losses and other credit impairment charges also referred to as revenue.

6Includes dividend paid during the period, which consisted of a second interim dividend of \$0.23 per ordinary share in respect of the financial year ended 31 December 2022 paid in April 2023 and the first, second and third interim dividends of \$0.30 per ordinary share in respect of the financial year ending 31 December 2023.

7 In 2023, our dividend payout ratio was adjusted for material notable items and related impacts. In 2022, our dividend payout ratio was adjusted for the loss on classification to held for sale of our retail banking business in France, items relating to the planned sale of our banking business in Canada, and the recognition of certain deferred tax assets. No items were adjusted for in 2021, 2020 or 2019.

Unless stated otherwise, all tables in the Annual Report and Accounts 2023 are presented on a reported basis.

For a summary of our financial performance in 2023, see page 27.

For further financial performance data for each global business and legal entity, see pages 111 to 114 and 120 to 130 respectively. The glo",10,0,6.09,0.0,,,,0.0,1.0,,2.0,18.0,0.0
ADVB008,adversarial_absent,other,bank_absent,What was the Co-operative Bank's net interest margin in 2023?,[NOT IN CORPUS],**3.09%**,HSBC-2023-core-financials-part-4::s2;nwg-2023-core-financials-part-4::s1;nwg-2023-core-financials-part-5;lbg-2023-core-financials-part-5::s1;nwg-2023-core-financials-part-7::s0;nwg-2023-core-financials-part-13,hsbc;natwest;natwest;lloyds;natwest;natwest,0.6254;0.6181;0.6164;0.6139;0.6129;0.6102,0.6253814697265625,,,"HSBC Holdings plc — 2023 Annual Report — Income statement commentary - Part 2/8
Including interest-bearing bank deposits only.

4Including interest-bearing customer accounts only.

Net interest income ('NIl') for 2023 was \$35.8bn, an increase of \$5.4bn or 18% compared with 2022. This reflected higher average interest rates across major currencies compared with 2022. ||| NatWest Group plc — 2023 Annual Report — Group Chief Financial Officer's review > Financial performance - Part 1/2
17.8%, above our guided range. The profit for the year includes a deferred tax asset write back of £385 million in respect of tax losses.

Net loans to customers excluding central items increased by £8.9 billion in the year largely reflecting a £7.6 billion increase in Retail Banking and £2.0 billion of growth in Commercial & Institutional due to an increase in term loan facilities and private financing within Corporate & Institutions, net of £2.7 billion of UK Government scheme repayments. Retail Banking mortgage lending increased by £5.9 billion, with gross new mortgage lending of £29.8 billion in 2023 compared with £41.4 billion in 2022 reflecting the smaller mortgage market, and unsecured lending increased by £2.0 billion with continued strong customer demand. Private Banking net loans to customers decreased by £0.7 billion driven by higher repayments on mortgages. Up to 31 December 2023 we have provided £61.9 billion against our target to provide £100 billion climate and sustainable funding and financing between 1 July 2021 and the end of 2025.

(1) Full Time Equivalents of our permanent and internal fixed term resource. Each full-time employee is one FTE, with part-time employees recorded based on hours worked.

As part of this we aim to provide at least £10 billion in lending for residential properties with Energy Performance Certificate (EPC) ratings A and B between 1 January 2023 and the end of 2025. During 2023 we provided £29.3 billion climate and sustainable funding and financing, which included £3.9 billion in lending for residential properties with EPC ratings A and B. ||| NatWest Group plc — 2023 Annual Report — Group Chief Financial Officer's review > Financial performance - Part 2/2
Customer deposits excluding central items decreased by £13.8 billion during 2023 to £419.1 billion principally reflecting the competitive environment for deposits and an overall market liquidity contraction. Despite the reduction, LDR (excl. repos and reverse repos) remains healthy at 84%. In the fourth quarter customer deposit balances reduced by £4.5 billion largely within Corporate & Institutions as a result of active management, with growth in Retail Banking and Private Banking partially offsetting. We have continued to see the mix of our book shift towards interest bearing and term balances, with non-interest bearing balances now accounting for 34% of balances and term at 16%.

TNAV per share increased by 28 pence in the year to 292 pence primarily reflecting the attributable profit for the period and an £872 million movement in cash flow hedging reserves as rate expectations lowered, partially offset by the impact of distributions. Intangible assets increased by £498 million in the year, primarily reflecting software capitalisation and the acquisition of Cushon. ||| Lloyds Banking Group plc — 2023 Annual Report — Underlying results^ - Part 1/2
benefited from UK Bank Rate increases and higher structural hedge earnings from the rising rate environment, partly offset by expected headwinds due to deposit mix effects and asset margin compression, particularly in the mortgage book. Average interest-earning banking assets at £453.3 billion modestly increased compared to 2022 although slightly lower than the fourth quarter of 2022 as expected. The increase in average interest earning assets in the year was due to the open mortgage book, Retail unsecured and the European retail business, offset by closed mortgage book run-off and continued repayments of government-backed lending in the Small and Medium Businesses portfolio. Net interest income in 2023 included non-banking interest expense of £3ll million (2022: £lll million), which continues to increase as a result of higher funding costs and growth in the Group's non-banking businesses.

Net interest income in the fourth quarter of £3,317 million was lower than the third quarter, with a lower net interest margin of 2.98 per cent (three months to 30 September 2023: 3.08 per cent) from mortgage pricing and deposit mix headwinds, including in Small and Medium Businesses, partly mitigated by the structural hedge and a modest reduction in average interest earning assets. The Group expects the banking net interest margin for 2024 to be greater than 290 basis points with average interest-earning assets over 2024 expected to be greater than £450 billion. ||| NatWest Group plc — 2023 Annual Report — Group Chief Financial Officer's review > Income – continuing operations - Part 1/2
| 2023 £m | 2022 £m | Variance
£m | %
Interest receivable (1) | 21,026 | 12,637 | 8,389 | 66.4%
Interest payable (1) | (9,977) | (2,795) | (7,182) | 257.0%
Net interest income | 11,049 | 9,842 | 1,207 | 12.3%
 | | | | 
Net fees and commissions Income from trading activities | 2,330 | 2,292 | 38 | 1.7%
 | 794 | 1,133 | (339) | (29.9%)
Other operating income | 579 | (111) | 690 | nm
Non-interest income | 3,703 | 3,314 | 389 | 11.7%
Total income | 14,752 | 13,156 | 1,596 | 12.1%
Total income excluding notable items | 14,339 | 13,061 | 1,278 | 9.8%

Notable items within total income
Commercial & Institutional Fair value, disposal losses and asset disposals/ strategic risk reduction Own credit adjustments (OCA) Tax interest on prior periods | (2) 3 | (45) 42
Central items & other Loss on redemption of own debt Effective interest rate adjustment as a result of redemption of own debt | | (161) (41)
Profit from insurance liabilities Liquidity Asset Bond sale losses Share of associate losses for Business Growth Fund | (43) (4) | 92 (88) (22)
Property strategy update Interest and foreign exchange management derivatves not in hedge accounting relationships Foreign exchange recycling gains | (69) 79 | 369
Ulster Bank Rol fair value mortgage adjustments Tax interest on prior periods | 484 (35) 413 | (51)

nm = not meaningful
(1) Interest receivable and interest payable on trading assets and liabilities are included in income from trading activities.

Total income increased by 12.1% to £14,752 million compared with 2022. Total Income excluding notable items was £14,339 million, or 9.8%, higher than 2022 driven ||| NatWest Group plc — 2023 Annual Report — Group Chief Financial Officer's review > Financial summary continued - Part 2/2
Total loans to customers increased by £15.1 billion to £381.4 billion, primarily reflecting £7.6 billion growth mainly in the Retail Banking mortgage and credit cards business and a £6.5 billion increase in Treasury mainly due to higher reverse repos.

Total loans to banks decreased by £0.2 billion, 3%, to £6.9 billion due to lower Commercial & Institutional nostro balances.

Customer deposits decreased by £18.9 billion reflecting a reduction of £9.9 billion in Commercial & Institutional and £3.5 billion reduction in Private Banking, lower business current accounts, savings and non-interest bearing deposits, and a £6.0 billion reduction as a result of the withdrawal from the Republic of Ireland. – Bank deposits increased by £1.7 billion mainly due to higher repo activity. Bank denosits increased bv f1 7 billion mainlv due to hiaher reno activity

Other financial liabilities, which includes customer deposits at fair value through profit and loss and debt securities in issue, increased by £6.0 billion, to £55.1 billion.

Subordinated liabilities have decreased by £0.5 billion, 9%, to £5.7 billion due to redemptions partially offset by new issuances.

Other liabilities decreased by £0.1 billion, 3%, to £5.2 billion mainly due to lower lease liab",8,0,4.27,0.0,,,,0.0,1.0,,1.0,9.0,0.0
ADVB009,adversarial_absent,other,bank_absent,How many employees did Barclays report at the end of 2023?,[NOT IN CORPUS],"22 | 22,356 | 24,753 | 22,051
Financial liabilities at amortised cost | | 514,635 | 520,322 | 517,156
Financial liabilities at fair value through other comprehensive income | 21 | 27,592 | 23,154 | 28,137
Provisions | 28 | 10,795 | 10,795 | 10,795
Deferred tax liabilities | 19 | 6,422 | 5,185 | 3,773
Retirement benefit liabilities | 16 | 3,823 | 3,624 | 4,531
Other liabilities | 27 | 17,144 | 14,536 | 15,142
Total liabilities | | 688,888 | 690,888 | 688,888
Equity | | | | 
Ordinary shareholders' equity | | 192,565 | 182,506 | 192,369
Non-controlling interests | | 6,065 | 5,509 | 6,388
Total equity | | 200,630 | 188,015 | 198,757
Total liabilities and equity | | 889,518 | 879,373 | 887,645

[nwb-2023-core-financials-part-10::s0] NatWest Bank plc — 2023 Annual Report — Group Chief Financial Officer's review > Consolidated balance sheet
## Consolidated balance sheet
As at 31 December 2023

 | | 2023 | 2022
Note | £m | £m
Assets | | | 
Cash and balances at central banks | 10 | 104,262 | 144,832
Trading assets | 13 | 45",HSBC-2023-core-financials-part-9::s0;nwg-2023-core-financials-part-21::s0;nwg-2023-core-financials-part-1::s0;nwg-2023-core-financials-part-12::s0;lbg-2023-core-financials-part-16::s0;HSBC-2023-core-financials-part-25::s0,hsbc;natwest;natwest;natwest;lloyds;hsbc,0.6869;0.6708;0.6668;0.6665;0.6592;0.6555,0.6869014501571655,,,"HSBC Holdings plc — 2023 Annual Report — Income statement commentary - Part 7/8
Year ended2023 20221 2021$m $m
2023 | 202212021
$m | 
Gross employee compensation and benefits | 19,623 | 19,288 19,612
Capitalised wages and salaries | (1,403) | (1,285) (870)
Goodwill impairment | | 587
Property and equipment | 4,285 | 4,949 5,145
Amortisation and impairment of intangibles | 1,827 | 1,701 1,438
UK bank levy | 339 | 13 116
Legal proceedings and regulatory matters | 188 | 246 106
Other operating expenses[2] | 7,211 | 7,789 8,486
Reported operating expenses | 32,070 | 32,701 34,620
Currency translation | | (399) (2,376)
Constant currency operating expenses | 32,070 | 32,302 32,244

1 From 1 January 2023, we adopted IFRS 17 'Insurance Contracts', which replaced IFRS 4 'Insurance Contracts'. Comparative data for the financial year ended 31 December 2022 have been restated accordingly. Comparative data for the year ended 31 December 2021 are prepared on an IFRS 4 basis.
2 Other operating expenses includes professional fees, contractor costs, transaction taxes, marketing and travel. The decrease was driven by favourable currency translation differences and lower restructuring and other related costs following the completion of our cost-saving programme at the end of 2022.

Staff numbers (full-time equivalents)

 | 2023 | 2022 | 2021
Global businesses | | | 
Wealth and Personal Banking | 128,399 | 128,764 | 130,185
Commercial Banking | 45,884 | 43,640 | 42,969
Global Banking and Markets | 46,241 | 46,435 | 46,166
Corporate Centre | 337 | 360 | 377
At 31 Dec | 220,861 | 219,199 | 219,697

1 Represents the number of full-time equivalent people with contracts of service with the Group who are being paid at the reporting date.

Operating expenses of \$32.1bn were \$0.6bn or 2% lower than in 2022, including a favourable impact of \$0.4bn from foreign currency ||| NatWest Group plc — 2023 Annual Report — Group Chief Financial Officer's review > Consolidated balance sheet
## Consolidated balance sheet
As at 31 December 2023

 | | 2023 | 2022
Note | £m | £m
Assets | | | 
Cash and balances at central banks | 10 | 104,262 | 144,832
Trading assets | 13 | 45,551 | 45,577
Derivatives | 14 | 78,904 | 99,545
Settlement balances | | 7,231 | 2,572
Loans to banks - amortised cost | 10 | 6,914 | 7,139
Loans to customers - amortised cost | 10 | 381,433 | 366,340
Securities subject to repurchase agreements | | 8,764 | 2,901
Other financial assets excluding securities subject to repurchase agreements | | 42,338 | 27,994
Other financial assets | 16 | 51,102 | 30,895
Intangible assets | 17 | 7,614 | 7,116
Other assets | 18 | 8,760 | 9,176
Assets of disposal groups | 8 | 902 | 6,861
Total assets | | 692,673 | 720,053
 | | | 
Liabilities | | | 
Bank deposits | 10 | 22,190 | 20,441
Customer deposits | 10 | 431,377 | 450,318
Settlement balances | | 6,645 | 2,012
Trading liabilities | 13 | 53,636 | 52,808
Derivatives | 14 | 72,395 | 94,047
Other financial liabilities | 19 | 55,089 | 49,107
Subordinated liabilities | 20 | 5,714 | 6,260
Notes in circulation | | 3,237 | 3,218
Other liabilities | 21 | 5,202 | 5,346
Total liabilities | | 655,485 | 683,557
 | | | 
Ordinary shareholders' interests | | 33,267 | 32,598
Other owners' interests | | 3,890 | 3,890
Owners' equity | 22 | 37,157 | 36,488
Non-controlling interests | | 31 | 8
Total equity | | 37,188 | 
 | | | 36,496
Total liabilities and equity | | 69 ||| NatWest Group plc — 2023 Annual Report — Financial Summary - Part 1/2
| Year ended or as at
2023 | 2022 | Variance
Performance key metrics and ratios | | | 
Total income | £14,752m | £13,156m | 12.1%
Notable items within total income (1) | £413m | £95m | nm
Total income excluding notable items (1) | £14,339m | £13,061m | 9.8%
Bank net interest margin (1) | 3.04% | 2.85% | 19bps
Bank average interest earning assets (1) | £363bn | £345bn | 5.2%
Cost:income ratio (excl. litigation and conduct) (1) | 51.8% | 55.5% | (3.7%)
Loan impairment rate (1) | 15bps | 9bps | 6bps
Profit attributable to ordinary shareholders Total earnings per share attributable to ordinary | £4,394m | £3,340m | 31.6%
shareholders – basic | 47.9p | 33.8p | 14.1p
Return on tangible equity (RoTE) (1) | 17.8% | 12.3% | 5.5%
Climate and sustainable funding and financing (2) | £29.3bn | £24.5bn | 19.6%
Balance sheet | | | 
Total assets | £692.7bn | £720.1bn | (3.8%)
Loans to customers – amortised cost | £381.4bn | £366.3bn | 4.1%
Loans to customers excluding central items (1,3) | £355.6bn | £346.7bn | 2.6%
Loans to customers and banks – amortised cost | | | 
FVOCI | £392.0bn | £377.1bn | 4.0%
Total impairment provisions (4) | £3.6bn | £3.4bn | 5.9%
Expected credit loss (ECL) coverage ratio | 0.93% | 0.91% | 2bps
Assets under management and administration | | | 
(AUMA) (1) ||| NatWest Group plc — 2023 Annual Report — Group Chief Financial Officer's review > Financial summary continued - Part 1/2
Summary consolidated balance sheet as at 31 December 2023

 | 2023 | 2022 | Variance
£m | £m | £m | %
Assets | | | | 
Cash and balances at central banks | 104,262 | 144,832 | (40,570) | (28)
Trading assets | 45,551 | 45,577 | (26) | (0)
Derivatives | 78,904 | 99,545 | (20,641) | (21)
Settlement balances | 7,231 | 2,572 | 4,659 | 181
Loans to banks - amortised cost | 6,914 | 7,139 | (225) | (3)
Loans to customers - amortised cost | 381,433 | 366,340 | 15,093 | 4
Other financial assets | 51,102 | 30,895 | 20,207 | 65
Other assets (including intangible assets) | 16,374 | 16,292 | 82 | 1
Assets of disposal groups | 902 | 6,861 | (5,959) | (87)
Total assets | 692,673 | 720,053 | (27,380) | (4)
Liabilities | | | | 
Bank deposits | 22,190 | 20,441 | 1,749 | 9
Customer deposits | 431,377 | 450,318 | (18,941) | (4)
Settlement balances | 6,645 | 2,012 | 4,633 | 230
Trading liabilities | 53,636 | 52,808 | 828 | 2
Derivatives | 72,395 | 94,047 | (21,652) | (23)
Other financial liabilities | 55,089 | 49,107 | 5,982 | 12
Subordinated liabilities | 5,714 | 6,260 | (546) | 
Notes in circulation | 3,237 | 3,218 | 19 | (9)
Other liabilities | 5,202 | 5,346 | (144) | 1
Total liabilities | 655,485 | 683,557 | (28, ||| Lloyds Banking Group plc — 2023 Annual Report — Summary of Group results continued > Consolidated income statement - Part 3/5
| Note | 2023 £m | 2022 £m | 1 Jan 2022 £m
Assets | | | | 
Cash and balances at central banks | | 78,110 | 91,388 | 76,420
Financial assets at fair value through profit or loss | 21 | 203,318 | 180,769 | 206,971
Derivative financial instruments | 22 | 22,356 | 24,753 | 22,051
Loans and advances to banks | | 10,764 | 10,632 | 7,001
Loans and advances to customers | 23 | 449,745 | 454,899 | 448,567
Reverse repurchase agreements | | 38,771 | 44,865 | 54,753
Debt securities | | 15,355 | 9,926 | 6,835
Financial assets at amortised cost | | 514,635 | 520,322 | 517,156
Financial assets at fair value through other comprehensive income | 21 | 27,592 | 23,154 | 28,137
Goodwill and other intangible assets | 26 | 8,306 | 7,615 | 6,713
Current tax recoverable | | 1,183 | 612 | 363
Deferred tax assets | 19 | 5,185 | 6,422 | 3,773
Retirement benefit assets | 16 | 3,624 | 3,823 | 4,531
Other assets | 27 | 17,144 | 14,536 | 15,142
Total assets | | 881,453 | 873,394 | 881,257
Liabilities | | | | 
Deposits from banks | | 6,153 | 7,266 | 7,647
Customer deposits | | 471,396 | 475,331 | 476,344
Repurchase agreements at amortised cost | | 37,703 | 48,596 | 31,125
Financial liabilities at fair value through profit or loss | 21 | 24,914 | 17,755 | 23,123
Derivative financial instruments | 22 | 20,149 | 24,042 | 18,060
Notes in circulation Debt securities in issue at amortised ||| HSBC Holdings plc — 2023 Annual Report — Income statement commentary > Consolidated balance sheet at 31 December 2023 - Part 1/3
| At 31 Dec 31 Dec
 | 2022 | 1 Jan 2022
Notes* | 2023 $m | 
Assets | $m | $m
Cash and balances at central banks | 285,868 | 327,002 | 403,018
Items in the course of collection from other banks | 6,342 | 7,297 | 4,136
Hong Kong Government c",512,1,64.56,0.0,,,,0.0,1.0,,189.0,1030.0,0.0
