qid,question_type,bank,adv_tier,question,reference,prediction,retrieved_ids,retrieved_banks,retrieval_scores,retrieval_top1,retrieval_bank_hit,retrieval_bank_precision,context,gen_tokens,hit_token_cap,latency_s,correct,mc_jaccard,token_f1,rougeL,abstained,halluc_proxy,answer_in_context,pred_words,pred_chars,bertscore_f1,judge_correctness,correct_strict
E0001,open_ended,lloyds,,According to Lloyds Banking Group's 2023 Annual Report: Evaluate how the share buyback programme and other equity movements affected total equity from 2022 to 2023. What does the buyback indicate about capital management?,"Total equity increased from £43,911 million to £47,365 million. This net increase was the result of several offsetting factors: attributable profit added to equity, as did movements in the cash flow hedge reserve and the issuance of other equity instruments. These were partially offset by market movements affecting pensions, dividends paid, and the share buyback programme. The buyback, announced in February 2023, returned surplus capital from 2022 and repurchased approximately 4.4 billion ordinary shares, around 7 per cent of shares outstanding, completing in August 2023. Although the buyback reduced equity through cash outflows and cancellation of shares, it was a deliberate capital-management action to return surplus capital to shareholders, indicating the Group believed it had excess capital above its requirements. The reported equity therefore reflects the tension between generating profits and returning capital to shareholders.","Total equity increased by £1.9 billion from £47.5 billion in 2022 to £49.4 billion in 2023. The increase was driven by net profits of £6.8 billion and a favourable movement on APM of £1.1 billion, partly offset by dividends paid of £3.7 billion and other equity movements of £0.5 billion. The share buyback programme was a significant component of those other equity movements. It reduced ordinary shares by 1.9 billion, or 10%, and increased other equity interests by £0.4 billion, resulting in a net reduction of £1.5 billion in ordinary shareholders' equity. This indicates that the company used excess capital to repurchase its own shares rather than distribute it as dividends, which can be seen as a form of shareholder return while retaining the cash flow. The programme also reduces the number of shares outstanding, which can improve earnings per share and support the share price. However, the programme is not the only driver of equity changes; the underlying profit generation and market movements also contribute to the overall capital position.",,,,,,,,233,0,27.99,,,0.47058823529411764,0.22499999999999998,0.0,,,171.0,1058.0,0.8809370994567871,2.0,
E0002,single_choice,natwest,,"According to NatWest Group's 2023 Annual Report, what was the total comprehensive income for the year ended 31 December 2023 according to the statement?",B,**A**,,,,,,,,4,0,0.68,0.0,,,,0.0,1.0,,1.0,5.0,,,0.0
E0003,multiple_choice,natwest,,Which of the following statements about NatWest Group's capital and leverage metrics between 2022 and 2023 are correct?,"A,B,E","**A, B, E**",,,,,,,,8,0,1.23,1.0,1.0,,,0.0,0.0,,3.0,11.0,,,1.0
E0004,short_answer,hsbc,,"According to HSBC's 2023 Annual Report and Accounts, what was the value of assets held for sale reported in the annual report?",$114bn,**19899**,,,,,,,,8,0,1.25,0.0,,0.0,,0.0,1.0,,1.0,9.0,,,0.0
E0005,short_answer,hsbc,,"According to HSBC's 2023 Annual Report and Accounts, according to the table, what is the first listed amount for total shareholders' equity?","185,329",**198546**,,,,,,,,9,0,1.45,0.0,,0.0,,0.0,1.0,,1.0,10.0,,,0.0
E0006,multiple_choice,natwest,,"According to NatWest Group's 2023 Annual Report, which of the following operating expense categories increased in 2023 compared with 2022?","A,B,C,E","**A, B, D, E**",,,,,,,,10,0,1.44,0.0,0.6,,,0.0,1.0,,4.0,14.0,,,0.0
E0007,short_answer,natwest,,"According to NatWest Group's 2023 Annual Report, what was the Common Equity Tier 1 ratio in 2023?",13.4%,14.5%,,,,,,,,6,0,0.84,0.0,,0.0,,0.0,1.0,,1.0,5.0,,,0.0
E0008,multiple_choice,hsbc,,"According to HSBC's 2023 Annual Report and Accounts, which of the following statements are correct according to the supplementary notes for planned disposals?","A,B,C,D,F","**A, B, D, E, F**",,,,,,,,12,0,1.75,0.0,0.6666666666666666,,,0.0,1.0,,5.0,17.0,,,0.0
E0009,single_choice,natwest,,"According to NatWest Group's 2023 Annual Report, what was the main reason for the increase in staff expenses in 2023 compared with 2022?",A,**A**,,,,,,,,4,0,0.68,1.0,,,,0.0,0.0,,1.0,5.0,,,1.0
E0010,short_answer,lloyds,,"According to Lloyds Banking Group's 2023 Annual Report, what was the total income after net finance income in 2023?","£18,629 million","**£18,957 million**",,,,,,,,11,0,1.36,0.0,,0.5,,0.0,1.0,,2.0,19.0,,,0.0
E0011,short_answer,natwest,,"According to NatWest Group's 2023 Annual Report, what was the cost:income ratio excluding litigation and conduct in 2023?",51.8%,**54.1%**,,,,,,,,8,0,1.04,0.0,,0.0,,0.0,1.0,,1.0,9.0,,,0.0
E0012,short_answer,hsbc,,"According to HSBC's 2023 Annual Report and Accounts, what was the fair value gain on property revaluation in 2023?",1,**1.5bn**,,,,,,,,7,0,0.95,0.0,,0.0,,0.0,1.0,,1.0,9.0,,,0.0
E0013,short_answer,hsbc,,"According to HSBC's 2023 Annual Report and Accounts, what was the return on average tangible equity in 2023?",14.6%,15.4%,,,,,,,,6,0,0.83,0.0,,0.0,,0.0,1.0,,1.0,5.0,,,0.0
E0014,short_answer,hsbc,,"According to HSBC's 2023 Annual Report and Accounts, what was the insurance finance expense in 2023?",7.8bn,**$1.5bn**,,,,,,,,8,0,1.0,0.0,,0.0,,0.0,1.0,,1.0,10.0,,,0.0
E0015,multiple_choice,natwest,,"Based on the table, which of the following are components of risk-weighted assets (RWAs) reported by NatWest Group?","A,B,C,D","**A, B, C, D**",,,,,,,,10,0,1.45,1.0,1.0,,,0.0,0.0,,4.0,14.0,,,1.0
E0016,short_answer,lloyds,,"According to Lloyds Banking Group's 2023 Annual Report, what accounting standard was adopted for the restatement mentioned in the notes?",IFRS 17,**IFRS 17**,,,,,,,,8,0,1.25,1.0,,1.0,,0.0,0.0,,2.0,11.0,,,1.0
E0017,short_answer,lloyds,,"According to Lloyds Banking Group's 2023 Annual Report, what was the average price paid per share in the share buyback?",45.59 pence,**45.8 pence**,,,,,,,,9,0,1.45,0.0,,0.5,,0.0,1.0,,2.0,14.0,,,0.0
E0018,short_answer,hsbc,,According to HSBC's 2023 Annual Report and Accounts: By what percentage did net interest income increase in 2023 compared with 2022?,18%,**19%**,,,,,,,,6,0,0.9,0.0,,0.0,,0.0,1.0,,1.0,7.0,,,0.0
E0019,multiple_choice,natwest,,"Based on the summary financial statements for NatWest Group, which of the following statements are correct?","A,B,D,F","**A, D, F**",,,,,,,,8,0,1.12,0.0,0.75,,,0.0,1.0,,3.0,11.0,,,0.0
E0020,true_false,natwest,,"According to NatWest Group's 2023 Annual Report: Total income increased by 12.1% to £14,752 million in 2023 compared with 2022.",true,**True**,,,,,,,,4,0,0.62,1.0,,,,0.0,0.0,,1.0,8.0,,,1.0
E0021,short_answer,natwest,,"According to NatWest Group's 2023 Annual Report, what proportion of balances were non-interest bearing?",34%,**18%**,,,,,,,,6,0,0.78,0.0,,0.0,,0.0,1.0,,1.0,7.0,,,0.0
E0022,single_choice,lloyds,,"According to Lloyds Banking Group's 2023 Annual Report, at 31 December 2023, what were total assets according to the balance sheet?",B,**B**,,,,,,,,4,0,0.63,1.0,,,,0.0,0.0,,1.0,5.0,,,1.0
E0023,short_answer,hsbc,,"According to HSBC's 2023 Annual Report and Accounts, what was the yield on financial investments in 2023?",4.14%,**1.79%**,,,,,,,,8,0,0.98,0.0,,0.0,,0.0,1.0,,1.0,9.0,,,0.0
E0024,true_false,hsbc,,"According to HSBC's 2023 Annual Report and Accounts, in the consolidated statement of comprehensive income for the year ended 31 December 2023, profit for the year was $24,559 million.",true,**True**,,,,,,,,4,0,0.62,1.0,,,,0.0,0.0,,1.0,8.0,,,1.0
E0025,short_answer,natwest,,"According to NatWest Group's 2023 Annual Report, what was the depreciation and amortisation amount in 2023?",£934m,"**£1,495 million**",,,,,,,,10,0,1.2,0.0,,0.0,,0.0,1.0,,2.0,18.0,,,0.0
E0026,open_ended,lloyds,,"According to Lloyds Banking Group's 2023 Annual Report: Analyze the key drivers of the change in the Group's pro forma CET1 ratio from 14.1% at 31 December 2022 to 13.7% at 31 December 2023, and explain how positive and negative drivers interact.","The decline of 0.4 percentage points reflects strong capital generation being more than offset by regulatory headwinds and capital uses. Positive drivers included banking build of 237 basis points, an insurance dividend of 12 basis points, and other movements of 29 basis points. These were partly offset within capital generation by risk-weighted asset increases of 25 basis points and fixed pension deficit contributions of 30 basis points, leaving 223 basis points of capital generation before regulatory headwinds. Regulatory headwinds of 50 basis points, mainly from the Retail secured CRD IV model updates and the phased unwind/reduction of IFRS 9 transitional relief, reduced capital generation to 173 basis points. Capital uses then absorbed 214 basis points: Tusker acquisition 21, ordinary dividend accrual 86, share buyback accrual 98, and variable pension contributions 9. The gap between the 173 basis points generated after headwinds and the 214 basis points of uses explains the fall from 14.1% to 13.7%.","The pro forma CET1 ratio fell by 0.4 percentage points. The main positive driver was the favourable impact of IFRS 9 transitional relief, which added 0.5 percentage points. This was partly offset by a negative movement of 0.1 percentage point due to distributions, including dividends and the full repayment of Tier 2 notes. The overall result is a net decline of 0.4 percentage points. The composition of the ratio also changed: risk-weighted assets increased by £6.8 billion, or 3%, while capital increased by £2.8 billion, or 2%. The ratio therefore declined because RWA growth outpaced capital generation, with the beneficial effect of IFRS 9 transitional relief being outweighed by distributions.",,,,,,,,157,0,18.09,,,0.27169811320754716,0.18772563176895307,0.0,,,110.0,701.0,0.8546892404556274,1.0,
E0027,short_answer,natwest,,"According to NatWest Group's 2023 Annual Report, by how much did other financial liabilities increase?",£6.0 billion,**£15.9 billion**,,,,,,,,9,0,1.32,0.0,,0.5,,0.0,1.0,,2.0,17.0,,,0.0
E0028,short_answer,natwest,,"According to NatWest Group's 2023 Annual Report, what is the minimum Liquidity Coverage Ratio under the PRA framework?",100%,**100%**,,,,,,,,7,0,1.14,1.0,,1.0,,0.0,0.0,,1.0,8.0,,,1.0
E0029,short_answer,hsbc,,"According to HSBC's 2023 Annual Report and Accounts, under which accounting standard is the contractual service margin measurement described?",IFRS 17,**IFRS 17**,,,,,,,,8,0,1.01,1.0,,1.0,,0.0,0.0,,2.0,11.0,,,1.0
E0030,multiple_choice,lloyds,,"According to Lloyds Banking Group's 2023 Annual Report, which of the following statements about the Group's balance sheet movements during 2023 are correct?","A,C","**A, B, D, E**",,,,,,,,10,0,1.3,0.0,0.2,,,0.0,1.0,,4.0,14.0,,,0.0
E0031,short_answer,hsbc,,"According to HSBC's 2023 Annual Report and Accounts, what were the risk-weighted assets for the Canada disposal group in $bn?",31.9,**15.9**,,,,,,,,7,0,0.91,0.0,,0.0,,0.0,1.0,,1.0,8.0,,,0.0
E0032,short_answer,natwest,,"According to NatWest Group's 2023 Annual Report, what do the 2023 notes, accounting policies, and audited sections form an integral part of?",financial statements,the consolidated financial statements,,,,,,,,5,0,0.69,1.0,,0.6666666666666666,,0.0,0.0,,4.0,37.0,,,1.0
E0033,true_false,hsbc,,According to HSBC's 2023 Annual Report and Accounts: Total risk-weighted assets (RWAs) at 31 December 2023 were lower than at 31 December 2022.,false,**True**,,,,,,,,4,0,0.63,0.0,,,,0.0,1.0,,1.0,8.0,,,0.0
E0034,short_answer,natwest,,"According to NatWest Group's 2023 Annual Report, what is the MDA threshold for the CET1 ratio?",10.5%,**10.8%**,,,,,,,,8,0,1.05,0.0,,0.0,,0.0,1.0,,1.0,9.0,,,0.0
E0035,short_answer,lloyds,,"According to Lloyds Banking Group's 2023 Annual Report, what was the basic earnings per share for 2023 in pence?",7.6,**19.5**,,,,,,,,7,0,0.91,0.0,,0.0,,0.0,1.0,,1.0,8.0,,,0.0
E0036,open_ended,hsbc,,"According to HSBC's 2023 Annual Report and Accounts, compare customer accounts across the listed countries and territories in 2023 versus 2022. Which areas show the largest absolute growth or decline, and what does this suggest about the group's geographic mix?","Total customer accounts increased from $1,570.3bn to $1,611.6bn, or about $41.3bn. The largest absolute growth was in the UK (+$15.2bn), Singapore (+$12.1bn) and France (+$8.9bn), followed by Mexico (+$3.9bn), Australia (+$3.6bn), Switzerland (+$2.9bn), India (+$1.7bn), Germany (+$1.7bn), Taiwan (+$1.6bn) and the UAE (+$1.6bn). The 'Other' category fell sharply by $10.6bn, and smaller declines occurred in Mainland China, the US, Egypt, Indonesia and Malaysia. This suggests that customer account growth was concentrated in selected markets, while the residual 'Other' category absorbed most of the decline, possibly reflecting reclassifications, disposals or held-for-sale arrangements mentioned in the footnotes.","Customer accounts increased by $19bn, or 4%, to $478bn. The largest absolute increase was in Hong Kong, up $25bn, reflecting higher average balances and the acquisition of SVB UK customers. This was partly offset by reductions in Oman and Mexico. In Hong Kong, customer accounts grew 16% to $208bn, while in Oman they fell 19% to $10bn and in Mexico they declined 10% to $18bn. The overall growth was driven by higher average balances and a customer base expansion following the SVB UK acquisition, but it was unevenly distributed across regions.",,,,,,,,137,0,15.42,,,0.3440860215053763,0.19607843137254902,0.0,,,91.0,546.0,0.8600661754608154,1.0,
E0037,multiple_choice,hsbc,,"According to HSBC's 2023 Annual Report and Accounts, according to the 2023 statement of financial position, which of the following items are classified as liabilities?","A,B,D","**A, B, D, E**",,,,,,,,10,0,1.25,0.0,0.75,,,0.0,1.0,,4.0,14.0,,,0.0
E0038,short_answer,hsbc,,"According to HSBC's 2023 Annual Report and Accounts, what was the recognition of losses amount in 2022?","2,333",**1.5bn**,,,,,,,,7,0,0.94,0.0,,0.0,,0.0,1.0,,1.0,9.0,,,0.0
E0039,single_choice,lloyds,,"According to Lloyds Banking Group's 2023 Annual Report: , what was the Group's underlying profit for 2023?",A,**A**,,,,,,,,4,0,0.7,1.0,,,,0.0,0.0,,1.0,5.0,,,1.0
E0040,short_answer,hsbc,,"According to HSBC's 2023 Annual Report and Accounts, which acquisition mainly contributed to the increase in risk-weighted assets?",SVB UK,**HSBC Bank plc**,,,,,,,,7,0,1.05,0.0,,0.0,,0.0,1.0,,3.0,17.0,,,0.0
E0041,true_false,natwest,,"According to NatWest Group's 2023 Annual Report: The total capital at 31 December 2023 was £33,920 million",false,**True**,,,,,,,,4,0,0.74,0.0,,,,0.0,1.0,,1.0,8.0,,,0.0
E0042,short_answer,hsbc,,"According to HSBC's 2023 Annual Report and Accounts, how many contractors were there at 31 December 2023?","4,676",**49500**,,,,,,,,8,0,1.22,0.0,,0.0,,0.0,1.0,,1.0,9.0,,,0.0
E0043,short_answer,natwest,,"According to NatWest Group's 2023 Annual Report, how many ordinary shares were there in 2023, in millions?","8,792",**18956**,,,,,,,,8,0,1.02,0.0,,0.0,,0.0,1.0,,1.0,9.0,,,0.0
E0044,short_answer,natwest,,"According to NatWest Group's 2023 Annual Report, what was return on tangible equity in 2023?",17.8%,17.5%,,,,,,,,6,0,0.78,0.0,,0.0,,0.0,1.0,,1.0,5.0,,,0.0
E0045,short_answer,hsbc,,"According to HSBC's 2023 Annual Report and Accounts, what were the customer accounts for France retail in $bn?",22.3,**189**,,,,,,,,6,0,0.78,0.0,,0.0,,0.0,1.0,,1.0,7.0,,,0.0
E0046,single_choice,lloyds,,"According to Lloyds Banking Group's 2023 Annual Report, what was the total income generated from sterling structural hedge balances in 2023?",B,**A**,,,,,,,,4,0,0.62,0.0,,,,0.0,1.0,,1.0,5.0,,,0.0
E0047,short_answer,lloyds,,"According to Lloyds Banking Group's 2023 Annual Report, what was the operating lease depreciation in 2023?",£956 million,"**£1,495 million**",,,,,,,,10,0,1.19,0.0,,0.5,,0.0,1.0,,2.0,18.0,,,0.0
E0048,open_ended,lloyds,,"According to Lloyds Banking Group's 2023 Annual Report: Analyze how the Group managed its defined benefit pension obligations and shareholder returns in the period described, and what this suggests about its capital allocation priorities.","The Group first addressed its pension deficit before allocating capital to shareholders. Following the triennial valuation at 31 December 2022, it paid a fixed contribution of £800 million in the first half of 2023 and then settled the residual aggregate deficit of £250 million in December 2023. With those payments made, no further deficit contributions were required for the triennial period to 31 December 2025. At the same time, the Group maintained a progressive and sustainable ordinary dividend policy, completed a £2 billion share buyback in respect of 2022, and announced a further £2 billion buyback for 2023. This sequencing suggests the Group prioritised fully funding its pension scheme before using surplus capital for shareholder returns, while still maintaining regular returns through dividends and buybacks.","The Group made significant progress on its defined benefit pension scheme funding. It reduced net finance expense by £1.4 billion, including a £0.7 billion favourable movement from changes in discount rates, and total costs were £1.9 billion. This indicates strong cost management and effective hedging or investment returns. The Group also returned £5.8 billion to shareholders through dividends and share buybacks, including a final dividend of 2.68 pence per share. This shows that the Group prioritised returning surplus capital to shareholders rather than increasing risk-weighted assets or paying down debt. The CET1 ratio fell from 14.5% to 14.1%, but the Board still declared a final dividend of 2.68 pence per share, indicating confidence in future earnings and capital generation. The combination of strong pension funding, capital return to shareholders, and modestly lower CET1 suggests the Group is managing liquidity and capital prudently while maintaining a strong balance sheet.",,,,,,,,204,0,23.81,,,0.37362637362637363,0.19148936170212766,0.0,,,148.0,994.0,0.8571557998657227,2.0,
E0049,short_answer,lloyds,,"According to Lloyds Banking Group's 2023 Annual Report, what were loans and advances to customers at 31 December 2023?",£449.7bn,"£459,876 million",,,,,,,,10,0,1.27,0.0,,0.0,,0.0,1.0,,2.0,16.0,,,0.0
E0050,single_choice,lloyds,,"According to Lloyds Banking Group's 2023 Annual Report, what was the statutory profit before tax in 2023 according to the income statement?",A,**B**,,,,,,,,4,0,0.64,0.0,,,,0.0,1.0,,1.0,5.0,,,0.0
E0051,open_ended,natwest,,"According to NatWest Group's 2023 Annual Report, compare the movements in derivative assets and derivative liabilities, and analyze what these changes indicate about the bank's derivative portfolio and risk exposure.","Derivative assets decreased by £20.6 billion, or 21%, to £78.9 billion, while derivative liabilities decreased by £21.7 billion, or 23%, to £72.4 billion. Both reductions were driven by decreases in exchange rate and interest rate trading books, mainly because matured and bought-out trades exceeded new trades. The gross size of the derivative portfolio therefore contracted significantly. Because liabilities fell by a slightly larger amount than assets, the net derivative asset position increased from about £5.5 billion to about £6.5 billion. This suggests that while gross exposures and trading activity declined, the bank still held a small net positive fair value receivable from derivative counterparties. The reduction in gross derivative positions points to lower trading activity, lower market risk from derivatives, and reduced counterparty exposure. The remaining net positive asset indicates that counterparty credit risk, although smaller in scale than before, still exists and is primarily concentrated in receivables from derivative counterparties.","Derivative assets increased by £15.9 billion, or 18%, to £114.6 billion, while derivative liabilities decreased by £17.1 billion, or 15%, to £97.7 billion. The increase in derivative assets was driven by higher interest rate and foreign exchange trading books, as well as an increase in over-the-counter (OTC) trading books following the acquisition of SVB UK. The decrease in derivative liabilities was mainly due to lower OTC trading books, including the impact of the SVB UK acquisition, and a reduction in foreign exchange trading books. Overall, the movement suggests that the bank's derivative portfolio grew in size and complexity, with increased trading activity and exposure to interest rate and foreign exchange risk, but also with some offsetting reductions in certain books. The net exposure position remained broadly stable at £16.9 billion, indicating that the growth in asset-side derivatives was largely matched by corresponding liability-side growth, although the specific composition changed.",,,,,,,,206,0,23.64,,,0.46,0.29652996845425866,0.0,,,149.0,1010.0,0.8948125839233398,1.0,
E0052,true_false,natwest,,"According to NatWest Group's 2023 Annual Report: Customer deposits in 2023 were £450,318m, higher than the 2022 figure of £431,377m.",false,**True**,,,,,,,,4,0,0.74,0.0,,,,0.0,1.0,,1.0,8.0,,,0.0
E0053,single_choice,natwest,,"According to NatWest Group's 2023 Annual Report, how did the bank describe the change in full-time equivalent (FTE) staff by the end of 2023?",A,**A**,,,,,,,,4,0,0.66,1.0,,,,0.0,0.0,,1.0,5.0,,,1.0
E0054,short_answer,hsbc,,"According to HSBC's 2023 Annual Report and Accounts, in WPB, which location saw customer accounts rise by 34%?",Taiwan,**Hong Kong**,,,,,,,,5,0,0.71,0.0,,0.0,,0.0,1.0,,2.0,13.0,,,0.0
E0055,short_answer,lloyds,,"According to Lloyds Banking Group's 2023 Annual Report, on what date did the share buyback programme complete?",25 August 2023,**15 February 2024**,,,,,,,,11,0,1.3,0.0,,0.0,,0.0,1.0,,3.0,20.0,,,0.0
E0056,short_answer,natwest,,"According to NatWest Group's 2023 Annual Report, what was the amount of deposits as at 31 December 2023 (in £m)?",453567,**£459876**,,,,,,,,10,0,1.25,0.0,,0.0,,0.0,1.0,,1.0,11.0,,,0.0
E0057,short_answer,hsbc,,"According to HSBC's 2023 Annual Report and Accounts, what was the 2023 impairment loss relating to the sale of the retail banking operations in France?",net impairment reversal of 0.2bn,**£1.5bn**,,,,,,,,8,0,1.05,0.0,,0.0,,0.0,1.0,,1.0,10.0,,,0.0
E0058,open_ended,hsbc,,"According to HSBC's 2023 Annual Report and Accounts: , assess the bank's liquidity and balance-sheet strategy during the period.","The bank appears to have actively managed liquidity and the balance sheet in response to market conditions. It reduced cash balances by deploying surplus into financial investments, reverse repurchase agreements, and trading assets, reflecting subdued customer lending demand and a desire to earn higher yields. It increased trading assets to capture greater client activity, especially in equity and debt securities. It allowed derivative positions to decline as market volatility and yield curve movements changed. In lending, it grew retail mortgage and card balances in WPB, but reduced GBM and CMB lending in areas of weaker demand, while using acquisitions and divestments to reshape its portfolio. Overall, the strategy is one of redeploying low-yielding cash into higher-yielding assets, responding to client activity, and rebalancing the loan book across businesses and geographies.","Liquidity remained strong. The liquidity coverage ratio increased from 145% to 150%, and the net stable funding ratio improved from 129% to 136%. The average daily balance of central items fell by $18bn, and the average daily balance of other wholesale funding fell by $17bn, reducing reliance on volatile sources. The bank also reduced its exposure to short-term wholesale funding, with the proportion of liabilities due within one year falling from 19% to 17%. At the same time, the bank grew its customer lending and trading book, and it increased its risk-weighted assets by $10bn. This suggests that the bank was able to fund growth while maintaining a strong liquidity position, although the reduction in central items and other wholesale funding means that the bank is less dependent on those sources than before.",,,,,,,,180,0,20.66,,,0.26615969581749044,0.149812734082397,0.0,,,133.0,820.0,0.8415324687957764,3.0,
E0059,multiple_choice,hsbc,,"According to HSBC's 2023 Annual Report and Accounts, which of the following are reported in the annual report as factors that adversely affected net interest income or net interest margin in 2023 or the fourth quarter of 2023?","A,B,C,F","**A, B, C, F**",,,,,,,,10,0,1.69,1.0,1.0,,,0.0,0.0,,4.0,14.0,,,1.0
E0060,short_answer,hsbc,,"According to HSBC's 2023 Annual Report and Accounts, what was the total cash flow hedges amount in 2023?",2953,**19899**,,,,,,,,8,0,1.01,0.0,,0.0,,0.0,1.0,,1.0,9.0,,,0.0
E0061,short_answer,natwest,,"According to NatWest Group's 2023 Annual Report, what was the attributable profit for 2023?",£4.4 billion,"**£4,195 million**",,,,,,,,10,0,1.2,0.0,,0.0,,0.0,1.0,,2.0,18.0,,,0.0
E0062,short_answer,lloyds,,"According to Lloyds Banking Group's 2023 Annual Report, what was the percentage change in profit before tax from 2022 to 2023?",57%,**19%**,,,,,,,,6,0,0.84,0.0,,0.0,,0.0,1.0,,1.0,7.0,,,0.0
E0063,true_false,lloyds,,According to Lloyds Banking Group's 2023 Annual Report: The share buyback in respect of 2022 results increased tangible net assets per share by 3.3 pence.,true,**True**,,,,,,,,4,0,0.61,1.0,,,,0.0,0.0,,1.0,8.0,,,1.0
E0064,true_false,natwest,,According to NatWest Group's 2023 Annual Report: Litigation and conduct costs decreased by £30 million in 2023 compared with 2022.,true,**True**,,,,,,,,4,0,0.61,1.0,,,,0.0,0.0,,1.0,8.0,,,1.0
E0065,single_choice,natwest,,"According to NatWest Group's 2023 Annual Report: , which transaction was included in Tier 2 movements?",A,**A**,,,,,,,,4,0,0.66,1.0,,,,0.0,0.0,,1.0,5.0,,,1.0
E0066,multiple_choice,hsbc,,"According to HSBC's 2023 Annual Report and Accounts, based on the balance sheet, which of the following statements are correct?","A,B,D,E","**A, B, E**",,,,,,,,8,0,1.24,0.0,0.75,,,0.0,1.0,,3.0,11.0,,,0.0
E0067,short_answer,lloyds,,"According to Lloyds Banking Group's 2023 Annual Report, what was the agreed residual aggregate deficit paid in December 2023?",£250 million,**£150 million**,,,,,,,,8,0,1.02,0.0,,0.5,,0.0,1.0,,2.0,16.0,,,0.0
E0068,open_ended,hsbc,,"According to HSBC's 2023 Annual Report and Accounts: , analyze why the balance of assets held for sale remained broadly stable compared with 2022, despite significant changes in the composition of those assets.","The balance remained broadly stable because two opposing movements largely offset each other. On one hand, assets held for sale decreased by $8 billion due to the transfer of a portfolio of secured home loans in France into loans and advances to customers, meaning those loans were reclassified out of held-for-sale. On the other hand, this decrease was largely offset by a transfer of cash into assets held for sale, which was related to the completion of the sale of the retail banking operations in France. Thus, the total value stayed approximately unchanged, even though the underlying mix shifted from loan assets to cash assets, reflecting progress in the disposal process rather than a material change in the overall magnitude.","The balance of assets held for sale remained broadly stable at $19.5bn, compared with $19.7bn in 2022. This stability is notable because the composition changed significantly: cash and balances at central banks fell by $4.8bn, debt securities increased by $6.1bn, and loans and advances to customers decreased by $1.3bn. The overall effect was offsetting, with other financial assets increasing by $1.2bn and other assets increasing by $0.6bn. The stability suggests that although the underlying asset mix shifted, the total amount of assets held for sale was managed carefully or largely offset by corresponding disposals or transfers.",,,,,,,,143,0,16.72,,,0.4166666666666667,0.22222222222222224,0.0,,,96.0,636.0,0.8786328434944153,2.0,
E0069,short_answer,lloyds,,"According to Lloyds Banking Group's 2023 Annual Report, what was the UK leverage ratio at 31 December 2023?",5.8%,5.7%,,,,,,,,5,0,0.84,0.0,,0.0,,0.0,1.0,,1.0,4.0,,,0.0
E0070,open_ended,hsbc,,"According to HSBC's 2023 Annual Report and Accounts: Analyze how the Group’s accounting classifications for debt instruments affect the reporting of unrealised losses and capital in a rising interest rate environment, and explain why these losses may reverse over time.","The Group distinguishes between hold-to-collect-and-sell debt instruments, which are measured at fair value through other comprehensive income, and hold-to-collect debt instruments, which are measured at amortised cost. For hold-to-collect-and-sell positions, changes in fair value are recognised in equity through OCI rather than in profit or loss. In a rising interest rate environment, the fair value of fixed-rate debt instruments falls, creating unrealised losses in OCI and therefore an adverse impact on the capital base in the early stages. the annual report notes a cumulative pre-tax unrealised loss reserve of $3.9bn at the end of 2023, after a $2.6bn pre-tax gain during the year, which included a $1.0bn reduction in unrealised losses from disposals as part of portfolio repositioning. For hold-to-collect instruments measured at amortised cost, there is a cumulative unrealised loss of $1.7bn that is not reflected on the balance sheet at all; this included $1.0bn of debt instruments held to manage interest rate exposure, which improved by $0.8bn in 2023. Over time, these adverse fair value movements tend to unwind as the instruments approach maturity, because the contractual cash flows are ultimately collected and the temporary fair value fluctuation reverses. However, the text also cautions that not all such instruments will necessarily be held to maturity. Overall, the Group is positively exposed to rising interest rates through net interest income, but the accounting treatment of hold-to-collect-and-sell instruments can create an early-stage capital drag that is expected to diminish over time.","The annual report shows that the Group holds a significant amount of debt instruments classified as **held-to-collect-and-sell** (HTCS) or **held-to-collect-and-sell with fixed maturities**. These instruments are reported at amortised cost, meaning unrealised losses are recognised through profit and loss rather than directly affecting regulatory capital. In a rising interest rate environment, the fair value of these instruments falls, generating unrealised losses. However, because they are held to collect contractual cash flows and sell, the Group expects to recover the full amortised cost basis over the life of the instrument. Therefore, these losses are not necessarily permanent; they reflect market valuation changes rather than credit impairment. Over time, as interest rates stabilise or fall, the fair value of these instruments is likely to move back towards their amortised cost, and the unrealised losses may reverse. This is supported by the annual report’s statement that the Group expects to recover the full amortised cost basis over the life of the instrument.",,,,,,,,207,0,23.69,,,0.46499999999999997,0.271264367816092,0.0,,,159.0,1083.0,0.8748024702072144,2.0,
E0071,short_answer,lloyds,,"According to Lloyds Banking Group's 2023 Annual Report, what was the liquidity coverage ratio at 31 December 2023?",142%,**145%**,,,,,,,,7,0,0.97,0.0,,0.0,,0.0,1.0,,1.0,8.0,,,0.0
E0072,single_choice,lloyds,,"According to Lloyds Banking Group's 2023 Annual Report: During the fourth quarter of 2023, loans and advances to customers reduced by £2.4 billion mainly due to what?",B,**B**,,,,,,,,4,0,0.64,1.0,,,,0.0,0.0,,1.0,5.0,,,1.0
E0073,open_ended,natwest,,"According to NatWest Group's 2023 Annual Report, explain how the increase in operating profit before tax was achieved, and assess whether this improvement translated into a proportionate increase in profit for the year.","Operating profit before tax rose by £1,046m, or 20.4%, to £6,178m. The text attributes this primarily to increased income from favourable yield curve movements, partly offset by higher costs caused by inflationary pressures. Although the tax charge also increased by £159m, or 12.5%, the growth in operating profit was large enough to lift profit from continuing operations by 23.0% to £4,744m. In addition, the loss from discontinued operations narrowed from £262m to £112m, a 57.3% improvement. As a result, profit for the year increased by £1,037m, or 28.8%, to £4,632m. The improvement did not flow through one-for-one because tax and cost pressures absorbed some of the gains, but the overall effect was still a larger percentage increase in profit for the year than in operating profit.","Operating profit before tax rose by £1,495 million, or 18%, to £9,671 million. This was driven by two main factors: higher underlying net income and lower underlying operating expenses. Net income increased by £1,889 million, with lending growth and higher income from the Group’s insurance business being the key contributors. Operating expenses fell by £394 million, reflecting cost efficiency and a favourable variance on remediation costs. The overall result was an increase in operating profit before tax. However, the profit for the year increased by only £1,019 million, or 13%, to £8,952 million. This suggests that not all of the operating profit improvement translated into profit for the year because of a higher underlying impairment charge. Impairment charges rose by £485 million, or 29%, to £2,213 million, which reduced the amount available to cover other expenses and distributions. Therefore, while the underlying performance improved, the final profit increase was constrained by credit losses.",,,,,,,,222,0,25.7,,,0.45161290322580644,0.26174496644295303,0.0,,,153.0,1013.0,0.8954655528068542,1.0,
E0074,short_answer,natwest,,"According to NatWest Group's 2023 Annual Report, how much climate and sustainable funding and financing was provided during 2023?",£29.3 billion,**£19.5 billion**,,,,,,,,9,0,1.12,0.0,,0.5,,0.0,1.0,,2.0,17.0,,,0.0
E0075,open_ended,hsbc,,"According to HSBC's 2023 Annual Report and Accounts, compare the movements in interest income and interest expense in 2023. What does the comparison reveal about the bank's net interest income dynamics?","In 2023, interest income increased by $48.0bn to $100.9bn, while interest expense increased by $42.6bn to $65.1bn. Excluding foreign currency translation differences, income grew by $49.2bn and expense by $43.2bn. Because net interest income is the difference, reported NII rose by $5.4bn, and on an FX-adjusted basis it rose by $6.0bn, or 20%. The comparison shows that higher market interest rates drove a large gross increase in both income and expense, but the expense increase was almost as large, compressing the net benefit. Higher funding costs, including customer deposit migration, were the main offsetting factor.","Interest income rose by $15.9bn, or 48%, while interest expense increased by $17.6bn, or 59%. The absolute increase in interest expense was larger than the increase in interest income, but the percentage increase was higher for interest expense. This suggests that the rise in market interest rates had a more pronounced effect on funding costs than on revenue-generating assets. As a result, net interest income fell from $20.7bn in 2022 to $18.1bn in 2023, a decline of $2.6bn, or 13%. The comparison also highlights the importance of asset-liability mismatch and repricing risk: when market rates rise, the cost of liabilities can reprice faster or higher than the yield on assets, reducing net interest income unless the bank can manage its balance sheet composition effectively.",,,,,,,,184,0,21.87,,,0.4018264840182649,0.21276595744680854,0.0,,,124.0,783.0,0.8855765461921692,1.0,
E0076,multiple_choice,hsbc,,"According to HSBC's 2023 Annual Report and Accounts, which of the following accurately describe customer account movements during the period?","A,B,D","**A, B, D, E**",,,,,,,,10,0,1.3,0.0,0.75,,,0.0,1.0,,4.0,14.0,,,0.0
E0077,true_false,hsbc,,"According to HSBC's 2023 Annual Report and Accounts, on a reported basis, customer accounts increased by $41bn, or 3%.",true,**True**,,,,,,,,4,0,0.61,1.0,,,,0.0,0.0,,1.0,8.0,,,1.0
E0078,open_ended,lloyds,,According to Lloyds Banking Group's 2023 Annual Report: Evaluate the impact of the Group's capital distributions and pension deficit payments on its pro forma CET1 ratio. Does the final ratio indicate that the Group's capital position is sustainable?,"Capital distributions and pension-related payments absorbed substantial capital. Fixed pension deficit contributions reduced capital generation by 30 basis points, and variable pension contributions further reduced the ratio by 9 basis points, giving a total pension-related impact of 39 basis points. Ordinary dividends used 86 basis points and the share buyback accrual used 98 basis points, so shareholder returns totalled 184 basis points. The Tusker acquisition used another 21 basis points. These uses, combined with the 50 basis points of regulatory headwinds, explain the fall in the pro forma CET1 ratio. Nevertheless, the final pro forma ratio of 13.7% remained in the same broad range as the prior year, and the Group generated 223 basis points of capital before regulatory headwinds. This suggests a resilient capital position, but sustainability depends on continued earnings generation, RWA growth, and the size of future distributions and pension contributions, none of which can be fully confirmed from the snapshot provided.","The Group's pro forma CET1 ratio fell from 14.5% at 31 December 2022 to 13.9% at 31 December 2023. This decline was driven by several factors: dividends paid of £2.8 billion, ordinary share buybacks totalling £2.6 billion, and pension deficit payments of £0.7 billion. These uses of capital were partially offset by net income of £4.8 billion and net capital movements of £0.5 billion. The final ratio of 13.9% is above the Group's target range of 13.0%-14.0%, indicating that the Group retains significant headroom. However, the reduction in the ratio means that the Group will need to manage its capital utilisation carefully and continue to generate strong returns on risk-weighted assets if it is to maintain its capital position within the target range.",,,,,,,,194,0,23.1,,,0.33093525179856115,0.1694915254237288,0.0,,,123.0,758.0,0.861936092376709,3.0,
E0079,open_ended,hsbc,,According to HSBC's 2023 Annual Report and Accounts: Analyze the bank's funding structure in 2023. Why is it important to distinguish customer deposits from wholesale and trading liabilities?,"Customer accounts are the largest liability, totaling $1,611,647m, which is about 57% of total liabilities and more than 1.7 times loans to customers. This indicates a deposit-funded business model, which is generally more stable and cheaper than wholesale funding. By contrast, trading liabilities, derivatives liabilities, financial liabilities designated at fair value, repurchase agreements and debt securities in issue are largely market or wholesale sources. They are more sensitive to market conditions, collateral calls and maturity rollovers. A bank can tolerate a funding mix with large derivative exposures only if it maintains sufficient liquid assets and collateral. Recognizing the composition of liabilities is key to assessing liquidity risk and funding resilience.","Customer deposits fell by $19bn, while wholesale and trading liabilities rose by $48bn. This means the decline was not driven by a reduction in customer funding; rather, it reflected a shift in funding sources. The increase in wholesale and trading liabilities indicates that the bank relied more on short-term or market-based funding, such as repo activity or trading-related funding, than on customer deposits. This matters because wholesale funding can be less stable and more sensitive to liquidity pressures than customer deposits. The annual report also notes that the increase in wholesale funding was partly offset by a reduction in central items, suggesting that the overall funding mix shifted toward wholesale funding. However, the text also states that the increase in wholesale funding was not matched by an equivalent increase in risk-weighted assets, which could indicate a mismatch between funding and risk management. Therefore, the distinction is important for assessing the sustainability of the funding base and the potential vulnerability to liquidity stress.",,,,,,,,190,0,21.94,,,0.3235294117647059,0.16428571428571426,0.0,,,162.0,1080.0,0.8647163510322571,3.0,
E0080,true_false,lloyds,,"According to Lloyds Banking Group's 2023 Annual Report: The profit for the year ended 31 December 2023 was £5,518 million.",true,**True**,,,,,,,,4,0,0.61,1.0,,,,0.0,0.0,,1.0,8.0,,,1.0
E0081,short_answer,hsbc,,"According to HSBC's 2023 Annual Report and Accounts, what was the favourable impact of foreign currency translation differences on operating expenses in 2023?",0.4bn,**$1.4bn**,,,,,,,,8,0,1.38,0.0,,0.0,,0.0,1.0,,1.0,10.0,,,0.0
E0082,short_answer,lloyds,,"According to Lloyds Banking Group's 2023 Annual Report, what was the amount of goodwill and other intangible assets at 1 Jan 2022 (£m)?",6713,**17985**,,,,,,,,8,0,1.29,0.0,,0.0,,0.0,1.0,,1.0,9.0,,,0.0
E0083,multiple_choice,natwest,,"According to NatWest Group's 2023 Annual Report, which of the following statements about the consolidated balance sheet as at 31 December 2023 are correct?","A,B,D","**A, B, C, D, E**",,,,,,,,12,0,1.92,0.0,0.6,,,0.0,1.0,,5.0,17.0,,,0.0
E0084,open_ended,natwest,,According to NatWest Group's 2023 Annual Report: Analyze the most significant changes in the asset side of the group's consolidated balance sheet between 2022 and 2023. What do these changes suggest about how the group deployed its resources?,"Total assets fell from £720,053m to £692,673m, a decrease of £27,380m. The largest asset movement was cash and balances at central banks, which dropped by £40,570m from £144,832m to £104,262m. Derivatives assets also fell sharply, from £99,545m to £78,904m. At the same time, loans to customers grew by £15,093m to £381,433m, while settlement balances and securities subject to repurchase agreements increased considerably. Assets of disposal groups fell from £6,861m to £902m, suggesting reduced or completed disposal activity. Overall, the group shifted resources from highly liquid assets and derivatives into customer lending and other financial instruments, implying a continued focus on core lending and a possibly more credit-intensive balance sheet, although the lower cash buffer could reduce immediate liquidity headroom.","Assets increased by £15.9 billion, or 7%, to £248.6 billion. Cash and balances at central banks rose sharply by £10.9 billion, indicating either higher liquidity needs or a more cautious approach to lending. Loans and advances to customers fell by £1.9 billion, suggesting reduced loan growth or a shift in funding sources. Financial investments declined by £2.8 billion, while other financial assets decreased by £1.1 billion. These reductions were partly offset by an increase in cash and balances at central banks and a rise in derivative assets of £2.3 billion. Overall, the asset mix shifted towards cash and balances at central banks and away from loans and financial investments, which could reflect a desire to maintain liquidity or reduce exposure to market risk.",,,,,,,,163,0,19.0,,,0.40495867768595045,0.20689655172413793,0.0,,,123.0,772.0,0.8748121857643127,1.0,
E0085,true_false,lloyds,,According to Lloyds Banking Group's 2023 Annual Report: The underlying impairment charge for 2023 was £308 million.,true,**True**,,,,,,,,4,0,0.61,1.0,,,,0.0,0.0,,1.0,8.0,,,1.0
E0086,short_answer,hsbc,,"According to HSBC's 2023 Annual Report and Accounts, what was the internally allocated funding cost in 2023 to generate trading and fair value income?",$8.7bn,**1.9bn**,,,,,,,,7,0,0.94,0.0,,0.0,,0.0,1.0,,1.0,9.0,,,0.0
E0087,single_choice,hsbc,,"According to HSBC's 2023 Annual Report and Accounts: , what was the increase in net interest income after excluding the unfavourable impact of foreign currency translation differences?",A,**A**,,,,,,,,4,0,0.64,1.0,,,,0.0,0.0,,1.0,5.0,,,1.0
E0088,short_answer,hsbc,,What percentage interest does HSBC maintain in BoCom?,19.03%,19.9%,,,,,,,,6,0,0.8,0.0,,0.0,,0.0,1.0,,1.0,5.0,,,0.0
E0089,short_answer,hsbc,,"According to HSBC's 2023 Annual Report and Accounts, in millions of dollars, what was the total interest expense on total interest-bearing liabilities in 2022?",22449,**195846**,,,,,,,,9,0,1.14,0.0,,0.0,,0.0,1.0,,1.0,10.0,,,0.0
E0090,single_choice,natwest,,"According to NatWest Group's 2023 Annual Report: , what was the bank's Net Interest Margin (NIM) in 2023?",A,**A**,,,,,,,,4,0,0.8,1.0,,,,0.0,0.0,,1.0,5.0,,,1.0
E0091,open_ended,hsbc,,According to HSBC's 2023 Annual Report and Accounts: Use the balance sheet data to assess the entity's liquidity position at the end of 2023. Which items would you focus on and why?,"At the end of 2023, the entity held $285,868m in cash and balances at central banks, about 9.4% of total assets, which is a core buffer for meeting deposit outflows and settlement needs. Reverse repurchase agreements of $252,217m provide secured lending backed by collateral, so they are generally liquid. Customer accounts of $1,611,647m are the main funding source, so the available cash and high-quality liquid assets should be compared with expected deposit withdrawals and wholesale maturities. The large gross derivative liabilities of $234,772m and trading liabilities of $73,150m are potential sources of liquidity demand because adverse moves can trigger collateral calls. Assets held for sale of $114,134m may convert to cash if sold, but they are not necessarily liquid and are separately classified. A thorough liquidity assessment would need maturity data, netting agreements, encumbrance information and regulatory liquidity ratios, but the balance sheet already shows that the firm relies on a substantial deposit base plus significant trading and derivatives activity, implying a liquidity risk profile typical of a large international bank.","At the end of 2023, total liquid assets were $1,059bn, including cash and balances at central banks of $784bn and short-term interest rate sensitive assets of $275bn. Total liquid liabilities were $1,069bn, comprising customer accounts of $799bn and other liabilities of $270bn. The liquidity coverage ratio was 111%, indicating that liquid assets cover current and near-certain future outflows. However, the ratio is below the minimum requirement of 100%. The net stable funding ratio was 120%, indicating a more stable funding base. The higher percentage change in liquid assets than in liquid liabilities suggests a modest increase in liquidity. The main liquidity risk remains customer accounts, which are the largest source of funding. The company also holds significant short-term interest rate sensitive assets, which could be reclassified or sold if market conditions deteriorate. Overall, the liquidity position appears strong but not entirely comfortable, with room for improvement in the liquidity coverage ratio.",,,,,,,,219,0,25.6,,,0.3850931677018633,0.20238095238095238,0.0,,,151.0,1024.0,0.8633629083633423,1.0,
E0092,short_answer,natwest,,"According to NatWest Group's 2023 Annual Report, how much did derivative assets decrease by?",20.6 billion,**£15.9 billion**,,,,,,,,9,0,1.11,0.0,,0.5,,0.0,1.0,,2.0,17.0,,,0.0
E0093,short_answer,natwest,,"According to NatWest Group's 2023 Annual Report, what was the amount of customer deposits in 2023?",431377,"£451,897",,,,,,,,9,0,1.41,0.0,,0.0,,0.0,1.0,,1.0,8.0,,,0.0
E0094,single_choice,lloyds,,"According to Lloyds Banking Group's 2023 Annual Report, based on the statement of financial position, which asset category increased the most in absolute terms from 2022 to 2023?",B,**B**,,,,,,,,4,0,0.73,1.0,,,,0.0,0.0,,1.0,5.0,,,1.0
E0095,multiple_choice,lloyds,,"According to Lloyds Banking Group's 2023 Annual Report, which of the following statements about the Group's defined benefit pension scheme funding are correct?","A,B,C","**A, B, C, D, E**",,,,,,,,12,0,2.01,0.0,0.6,,,0.0,1.0,,5.0,17.0,,,0.0
E0096,multiple_choice,natwest,,"According to NatWest Group's 2023 Annual Report: , which of the following statements are correct?","A,B,C","**A, B, C, D, E**",,,,,,,,12,0,1.56,0.0,0.6,,,0.0,1.0,,5.0,17.0,,,0.0
E0097,open_ended,natwest,,According to NatWest Group's 2023 Annual Report: Analyze the main drivers of the CET1 capital movement in 2023. How did these drivers affect the bank's overall capital position?,"CET1 capital fell from £24,992m to £24,440m, a net decrease of £552m, while AT1 remained unchanged at £3,875m and Tier 2 rose from £5,053m to £5,317m. The most significant positive driver was attributable profit of £4,394m. This was more than offset by several uses and deductions: ordinary interim dividend paid (£491m), directed buyback (£1,259m), foreseeable ordinary dividends (£1,013m), foreseeable charges (£870m), foreign exchange reserve movements (£637m), goodwill and intangible deductions (£498m), the IFRS 9 transitional adjustment (£159m) and other smaller deductions. Some minor offsets came from FVOCI reserve movements, own credit and employee share schemes. Overall, total regulatory capital declined by £288m to £33,632m, because the profit generated was largely absorbed by shareholder distributions, buybacks, prudential deductions and adverse FX movements, with Tier 2 issuance only partly cushioning the decline.","The CET1 capital movement was a net decrease of £0.5 billion, or 1%, to £49.8 billion. The main drivers were:

- **Dividends received:** This increased CET1 by £0.7 billion.
- **AT1 coupons received:** This added £0.3 billion to CET1.
- **AT1 coupons paid:** This reduced CET1 by £0.6 billion.
- **Share buyback:** This decreased CET1 by £0.5 billion.

Overall, the positive effects of dividends and AT1 coupons were partially offset by the payment of AT1 coupons and the share buyback programme. The net result was a modest reduction in CET1 capital. The decrease was also noted as being within the guidance range for the year.",,,,,,,,160,0,18.49,,,0.2683982683982684,0.18699186991869918,0.0,,,105.0,628.0,0.8398060202598572,1.0,
E0098,single_choice,natwest,,In accordance with which financial reporting standards are NatWest Group's financial statements prepared?,A,**A**,,,,,,,,4,0,0.62,1.0,,,,0.0,0.0,,1.0,5.0,,,1.0
E0099,single_choice,hsbc,,"According to HSBC's 2023 Annual Report and Accounts: , what was the net interest income (NII) for 2022?",B,**A**,,,,,,,,4,0,0.66,0.0,,,,0.0,1.0,,1.0,5.0,,,0.0
E0100,single_choice,natwest,,"According to NatWest Group's 2023 Annual Report, which statement about loans and impairment in 2023 is correct?",C,**C**,,,,,,,,4,0,0.66,1.0,,,,0.0,0.0,,1.0,5.0,,,1.0
E0101,short_answer,hsbc,,"According to HSBC's 2023 Annual Report and Accounts, which classification is used for a portfolio of debt instruments reported within financial investments?",hold-to-collect-and-sell,**hold-to-collect-and-sell**,,,,,,,,10,0,1.25,1.0,,1.0,,0.0,0.0,,1.0,28.0,,,1.0
E0102,short_answer,hsbc,,"According to HSBC's 2023 Annual Report and Accounts, which item increased by $78bn or 21%?",financial investments,**Loans and advances to customers**,,,,,,,,9,0,1.35,0.0,,0.0,,0.0,1.0,,5.0,35.0,,,0.0
E0103,open_ended,hsbc,,According to HSBC's 2023 Annual Report and Accounts: Analyze the changes in shareholders' equity components across the three reporting periods. What possible underlying transactions or events could explain the sharp movement in 'Other reserves' and the steady trend in 'Retained earnings'?,"The equity data show that retained earnings increased consistently from the earlier period to the latest period, rising to 152,148, which suggests cumulative profitable operations or a dividend policy that retains a significant share of earnings. Meanwhile, other reserves moved sharply from a positive 6,447 to a negative (9,133), and then to (8,907). This kind of movement indicates valuation or remeasurement items recognized outside profit or loss, such as unrealized losses on financial assets, foreign currency translation adjustments, actuarial losses on defined benefit plans, or cash flow hedge movements. The total shareholders' equity initially fell from 189,015 to 177,833, mainly because the positive reserve balance reversed into a large deficit, but it later recovered to 185,329 as retained earnings growth outweighed the still-negative other reserves. Non-controlling interests stayed relatively stable, so the fluctuations were driven primarily by parent shareholders' equity. Overall, the data point to ongoing operational profitability combined with volatility in other comprehensive income items affecting reported equity.","Shareholders' equity increased by $15bn, or 14%, from $109bn in 2022 to $124bn in 2023. The increase was driven mainly by net income of $28bn and a $7bn gain on redemption of perpetual subordinated contingent convertible capital securities, partly offset by dividends paid of $16bn and share buybacks of $10bn. Within equity, 'Other reserves' fell sharply from $19bn in 2022 to $10bn in 2023, then rose to $17bn in 2024. This pattern suggests a single transaction or series of transactions that moved a large amount of reserves into or out of this account over time. Retained earnings increased steadily from $68bn in 2022 to $79bn in 2023 and $85bn in 2024, indicating consistent reinvestment of profits. The sharp decline in 'Other reserves' could reflect a capital conservation buffer build-up, a dividend distribution, or a change in accounting policy; the subsequent rise might indicate a release of those reserves or a different use of retained earnings. The overall increase in shareholders' equity was therefore driven by profitability and capital management actions rather than a single transaction.",,,,,,,,278,0,32.62,,,0.34131736526946105,0.1744186046511628,0.0,,,175.0,1108.0,0.8466621041297913,2.0,
E0104,short_answer,natwest,,"According to NatWest Group's 2023 Annual Report, what were total assets in 2023?",£692.7bn,"**£451,897 million**",,,,,,,,12,0,1.46,0.0,,0.0,,0.0,1.0,,2.0,20.0,,,0.0
E0105,open_ended,natwest,,According to NatWest Group's 2023 Annual Report: Evaluate the change in the group's equity capital and its relationship to total assets between 2022 and 2023. What does this indicate about financial resilience?,"Total equity rose from £36,496m to £37,188m, an increase of £692m. This was driven mainly by ordinary shareholders' interests increasing from £32,598m to £33,267m, while non-controlling interests grew from £8m to £31m and other owners' interests were unchanged at £3,890m. Because total assets fell by £27,380m, the equity-to-assets ratio improved from approximately 5.07% (36,496/720,053) to 5.37% (37,188/692,673). This indicates a modest strengthening of the group's capital cushion relative to its balance-sheet size, which supports resilience against losses. However, the improvement is limited: the group remains highly leveraged and the reduction in cash balances and growth in customer loans could increase credit and liquidity risks, so the equity increase alone does not guarantee overall financial resilience.","Total equity rose from £17,985m to £19,461m, an increase of £1,476m or 8.2%. Total assets increased by £10,111m or 4.9% to £213,085m. The equity-to-assets ratio therefore improved from 8.5% to 9.1%, meaning the group has become relatively more capitalised as a proportion of its asset base. This indicates enhanced financial resilience because it shows the company can support higher levels of risk-weighted assets without increasing leverage. However, the improvement is not dramatic; the ratio still leaves significant scope for further growth before reaching regulatory limits or triggering additional capital requirements.",,,,,,,,154,0,18.05,,,0.37073170731707317,0.2627118644067797,0.0,,,90.0,626.0,0.8853839039802551,1.0,
E0106,open_ended,lloyds,,"According to Lloyds Banking Group's 2023 Annual Report, according to the 2023 financial data, analyze how total equity is composed and what the size of non-controlling interests relative to total equity suggests about the company's consolidated ownership structure across the three periods.","The data show that total equity is the sum of equity attributable to the parent company (total equity excluding non-controlling interests) and non-controlling interests. In each period, the two components add exactly to total equity: 47,164 + 201 = 47,365; 43,667 + 244 = 43,911; and 50,982 + 235 = 51,217. Non-controlling interests are very small in absolute terms and account for only about 0.42%, 0.56%, and 0.46% of total equity across the three periods. This suggests that the company's subsidiaries are almost entirely owned by the parent, with only minor outside shareholder stakes. The parent controls virtually all of the consolidated equity, making the ownership structure highly consolidated. In addition, total equity changes modestly from period to period, while total equity and liabilities remain near 881,000, implying that shifts in financing structure are mainly reflected in liabilities rather than in significant changes to the equity base.","Total equity comprises ordinary shareholders' equity, non-controlling interests, and other comprehensive income. In 2023, total equity was £59,178m, with ordinary shareholders' equity at £56,418m, non-controlling interests at £1,760m, and other comprehensive income at £1,000m. Non-controlling interests represent a relatively small proportion of total equity: around 3% in 2023, 3% in 2022, and 3% in 2021. This suggests that the company is predominantly owned by controlling shareholders rather than by minority interests. The slight increase in non-controlling interests as a percentage of total equity over the three years indicates a modest rise in minority ownership or a change in the composition of the company's capital base.",,,,,,,,179,0,21.65,,,0.39024390243902435,0.26765799256505574,0.0,,,105.0,734.0,0.8755753040313721,1.0,
E0107,true_false,lloyds,,"According to Lloyds Banking Group's 2023 Annual Report, at 31 December 2023, the Group's liquidity coverage ratio was 142 per cent.",true,**True**,,,,,,,,4,0,0.63,1.0,,,,0.0,0.0,,1.0,8.0,,,1.0
E0108,short_answer,lloyds,,"According to Lloyds Banking Group's 2023 Annual Report, what was the impairment net charge in 2023?",£303 million,"£1,495 million",,,,,,,,8,0,1.01,0.0,,0.5,,0.0,1.0,,2.0,14.0,,,0.0
E0109,short_answer,hsbc,,"According to HSBC's 2023 Annual Report and Accounts, what type of gain was recognised in respect of the acquisition of SVB UK?",provisional gain,**$1bn**,,,,,,,,6,0,0.86,0.0,,0.0,,0.0,1.0,,1.0,8.0,,,0.0
E0110,short_answer,lloyds,,"According to Lloyds Banking Group's 2023 Annual Report, what dividend amount did the Group receive from the Insurance business?",£250 million,**£1.5 billion**,,,,,,,,8,0,1.02,0.0,,0.0,,0.0,1.0,,2.0,16.0,,,0.0
E0111,short_answer,lloyds,,"According to Lloyds Banking Group's 2023 Annual Report, what accounting standard led to the restatement of 2022 comparatives?",IFRS 17,**IFRS 17**,,,,,,,,8,0,1.04,1.0,,1.0,,0.0,0.0,,2.0,11.0,,,1.0
E0112,open_ended,hsbc,,According to HSBC's 2023 Annual Report and Accounts: Analyze why financial investments increased and how this relates to other balance sheet movements.,"Financial investments increased by $78bn, or 21%, mainly in Asia and Europe from the purchase of debt securities, treasury and other eligible bills. The bank redeployed its commercial surplus to benefit from higher yield curves and to enhance hedging activities on net interest income. This connects to the decline in cash and balances: cash was reduced as surplus liquidity was shifted into financial investments. It also connects to subdued customer lending demand; instead of leaving cash idle or lending more, the bank invested in higher-yielding debt instruments across both fair value through other comprehensive income and amortised cost categories.","Financial investments rose by $15bn, or 4%, to $369bn. This increase was driven mainly by higher trading book positions, notably in debt instruments held as hedges to fair value movements on the related trading book portfolio, and by an increase in debt securities purchased as part of the Group’s net interest hedge. The rise in financial investments was partly offset by a reduction in cash and balances at central banks, which fell by $10bn, or 3%, to $317bn. Overall, the increase in financial investments reflects the Group’s continued use of trading book positions and net interest hedges, while the reduction in cash and balances at central banks indicates that these funds were deployed elsewhere or used for other purposes.",,,,,,,,153,0,17.93,,,0.3853211009174312,0.2081447963800905,0.0,,,119.0,732.0,0.865999698638916,2.0,
E0113,short_answer,hsbc,,"According to HSBC's 2023 Annual Report and Accounts, what was the amount of impairment loss recognised in the fourth quarter of 2023 relating to the sale of retail banking operations in France?",2.0bn,**£1.4bn**,,,,,,,,8,0,1.27,0.0,,0.0,,0.0,1.0,,1.0,10.0,,,0.0
E0114,short_answer,natwest,,"According to NatWest Group's 2023 Annual Report, what was the average wage increase effective in April 2023?",6.4%,**4.1%**,,,,,,,,7,0,1.17,0.0,,0.0,,0.0,1.0,,1.0,8.0,,,0.0
E0115,open_ended,hsbc,,According to HSBC's 2023 Annual Report and Accounts: Analyze how the 2023 net interest margin (NIM) movement was affected by the yield on average interest-earning assets (AIEA) and the funding costs of average interest-bearing liabilities. What role did foreign currency translation differences play?,"NIM for 2023 was 1.66%, up 24bps year-on-year. This was the net effect of a 220bps rise in the yield on average interest-earning assets, partly offset by a 196bps rise in funding costs on average interest-bearing liabilities. The 24bps reported increase included an unfavourable foreign currency translation effect, because excluding FX translation differences NIM increased by 27bps. In other words, asset yields repriced upward faster than liability costs, but currency translation reduced the reported improvement by 3bps.","The NIM increased by 19 basis points to 1.68%. The yield on average interest-earning assets rose 47 basis points, but this was more than offset by an increase in the funding cost of average interest-bearing liabilities of 66 basis points. As a result, the NIM marginally declined. Foreign currency translation differences added a further 1 basis point to NIM, so the overall reported increase included a favourable currency effect. Without that positive currency impact, NIM would have fallen slightly.",,,,,,,,108,0,12.04,,,0.4743589743589744,0.3170731707317073,0.0,,,79.0,502.0,0.9088982939720154,1.0,
E0116,short_answer,lloyds,,"According to Lloyds Banking Group's 2023 Annual Report, what was the tax on post-retirement defined benefit scheme remeasurements in 2021?",-658,**£59m**,,,,,,,,7,0,1.18,0.0,,0.0,,0.0,1.0,,1.0,8.0,,,0.0
E0117,open_ended,lloyds,,According to Lloyds Banking Group's 2023 Annual Report: Underlying other income rose 10% in 2023. Analyze the business-level drivers and explain any offsets or negative factors.,"Underlying other income increased from £4,666m to £5,123m. Retail rose 25%, supported by higher current-account and credit-card activity, improved Lex performance, and the acquisition of Tusker. Commercial Banking rose 8%, reflecting improved capital-markets financing and trading. Insurance, Pensions and Investments rose 26%, helped by business growth, favourable market returns, and the accounting unwind benefit from adding a drawdown feature in 2022. The main offsetting factor was in Equity Investments and Central Items, where higher funding costs on structured medium-term notes, though offset by interest income on the funds raised, and subdued exit markets affected income. In the fourth quarter, underlying other income was broadly stable versus the third, with consistent business performance and some impact from severe weather event claims in the Insurance business. Overall, growth was broad-based, with particularly strong contributions from Retail and Insurance, Pensions and Investments.","Underlying other income increased by £495 million, or 10%, to £5.3 billion. The rise was driven by higher income in the Group’s main operating entities: Retail Banking rose 17% to £3.8 billion, and Commercial Banking rose 16% to £1.4 billion. These increases were mainly due to favourable yield curve movements on net interest income and higher income from the Group’s insurance operations. In addition, the underlying impairment charge fell sharply to £19 million, compared with £195 million in 2022, which also contributed to the overall increase. However, there was an offsetting £195 million loss in the Group’s Treasury activities, reflecting lower trading income and reduced income from foreign exchange and interest rate volatility. Overall, the 10% increase reflects strong performance across the main operating entities and a much lower impairment charge, but it is partially offset by losses in Treasury.",,,,,,,,198,0,22.96,,,0.38709677419354843,0.21232876712328763,0.0,,,140.0,914.0,0.8653549551963806,2.0,
E0118,single_choice,hsbc,,"According to HSBC's 2023 Annual Report and Accounts, which of the following asset categories increased by $71bn, or 33%, during the period?",B,**A**,,,,,,,,4,0,0.63,0.0,,,,0.0,1.0,,1.0,5.0,,,0.0
E0119,single_choice,natwest,,"According to NatWest Group's 2023 Annual Report, which of the following was the largest liability at 31 December 2023?",A,**A**,,,,,,,,4,0,0.62,1.0,,,,0.0,0.0,,1.0,5.0,,,1.0
E0120,short_answer,natwest,,"According to NatWest Group's 2023 Annual Report, what was the liquidity coverage ratio in 2023?",144%,145%,,,,,,,,5,0,0.82,0.0,,0.0,,0.0,1.0,,1.0,4.0,,,0.0
E0121,single_choice,hsbc,,"According to HSBC's 2023 Annual Report and Accounts, under IFRS 17, how is profit recognised?",B,**B**,,,,,,,,4,0,0.73,1.0,,,,0.0,0.0,,1.0,5.0,,,1.0
E0122,short_answer,natwest,,What was NatWest Group's profit for the year ended 31 December 2023 (in £m)?,4632,**4798**,,,,,,,,7,0,1.09,0.0,,0.0,,0.0,1.0,,1.0,8.0,,,0.0
E0123,open_ended,lloyds,,"According to Lloyds Banking Group's 2023 Annual Report, compare the 2023 and 2022 net income components shown in the annual report, and evaluate which component contributed most to the change in net income.","Underlying net interest income increased by £593 million, from £13,172 million to £13,765 million, a 5% rise. Underlying other income increased by £457 million, from £4,666 million to £5,123 million, a 10% rise. However, operating lease depreciation rose sharply from £373 million to £956 million, an additional charge of £583 million. As a result, net income increased by only £467 million, or 3%, to £17,932 million. The largest positive contributor was net interest income in absolute terms, but other income grew faster in percentage terms. The increase in operating lease depreciation significantly offset those revenue gains and explains why net income growth was much lower than the growth in net interest income and other income.","Net income increased by £1,495 million, or 6%, from £25,781m in 2022 to £27,276m in 2023. The main driver was net interest income, which rose by £1,411m, or 10%, from £14,170m to £15,581m. This increase was primarily due to higher average interest-earning assets and a higher average interest rate environment, partly offset by a lower net interest margin of 3.29% in 2023 compared with 3.40% in 2022. Net income also benefited from a modest improvement in other income, up £84m, and a much smaller reduction in operating lease depreciation, down £27m. However, the increase in net interest income was the largest single contributor to the overall rise in net income.",,,,,,,,202,0,23.39,,,0.4977777777777777,0.2594142259414226,0.0,,,110.0,667.0,0.8908892869949341,1.0,
E0124,single_choice,natwest,,"According to NatWest Group's 2023 Annual Report, under the PRA UK leverage framework, what is the total minimum Total Tier 1 leverage ratio including the countercyclical leverage ratio buffer?",B,**A**,,,,,,,,4,0,0.65,0.0,,,,0.0,1.0,,1.0,5.0,,,0.0
E0125,short_answer,natwest,,"According to NatWest Group's 2023 Annual Report, which asset class increased by £20.2 billion?",Other financial assets,**£20.2bn**,,,,,,,,9,0,1.21,0.0,,0.0,,0.0,1.0,,1.0,11.0,,,0.0
E0126,single_choice,hsbc,,"According to HSBC's 2023 Annual Report and Accounts, what was the reported increase in customer accounts?",B,**B**,,,,,,,,4,0,0.73,1.0,,,,0.0,0.0,,1.0,5.0,,,1.0
E0127,open_ended,hsbc,,"According to HSBC's 2023 Annual Report and Accounts: Using the table, analyze the key drivers behind the increase in Group net interest income from 2022 to 2023, noting the roles of volume, yield, and cost of funds.","Net interest income rose from $30,377m in 2022 to $35,796m in 2023, an increase of about $5.4bn, even though average interest-earning assets were almost flat at $2,143,758m and $2,161,746m respectively. The main driver was therefore not balance-sheet growth but a sharp rise in interest rates, reflected in gross interest yield jumping from 2.46% to 4.67%. This lifted interest income from $52,826m to $100,868m. However, funding costs also rose substantially: interest expense increased from $22,449m to $65,072m, and gross interest payable increased from 1.24% to 3.47%. As a result, net interest margin widened from 1.42% to 1.66%, while net interest spread was roughly stable at 1.22% versus 1.20%. Thus, the annual increase was rate-driven and partly offset by liability repricing, not by asset growth. The 2022 comparatives are restated under IFRS 17, so this comparison is on a consistent accounting basis.","Group net interest income rose by $15.9bn, or 48%, from $33.6bn in 2022 to $49.5bn in 2023. The table shows that this increase was driven by both higher average interest-earning assets and higher average interest-bearing liabilities. The yield on average interest-earning assets increased by 1.74% to 2.88%, while the cost of average interest-bearing liabilities increased by 2.09% to 2.18%. The resulting net interest margin improved by 0.35 percentage points to 0.70%. The table also indicates that the increase in net interest income was not uniform across all asset and liability categories; for example, average interest-earning assets increased by $109.1bn, but average interest-bearing liabilities increased by $93.2bn, meaning the difference between them contributed to the overall rise. In summary, the increase in net interest income was driven by higher yields and costs, an improved net interest margin, and changes in the composition of interest-earning assets and interest-bearing liabilities.",,,,,,,,238,0,27.49,,,0.3832752613240419,0.23170731707317072,0.0,,,147.0,1007.0,0.8771167397499084,1.0,
E0128,open_ended,natwest,,According to NatWest Group's 2023 Annual Report: Evaluate the company's 2023 performance from the perspective of ordinary shareholders. How does the attribution of total comprehensive income to different equity classes and non-controlling interests affect this evaluation?,"From an ordinary shareholder perspective, the most relevant figure is total comprehensive income attributable to ordinary shareholders, which was £4,448m in 2023. This is the total change in economic value allocated to ordinary shareholders after taking account of OCI as well as profit. Total comprehensive income for the year was £4,686m, and the table allocates £242m to paid-in equity holders and -£4m to non-controlling interests, with no allocation to preference shareholders in 2023. Profit for the year was £4,632m, so ordinary shareholders benefited from positive OCI of only £54m overall. The attribution matters because profit for the year is a group-wide figure; claims of preference shareholders and non-controlling interests must be considered before assessing ordinary equity returns. In 2021, for example, preference shareholders received £19m of comprehensive income and NCI received £48m; in 2023 NCI reduced total comprehensive income by £4m. Therefore, ordinary shareholder wealth is best measured by the attributable comprehensive income line, not simply by the headline profit line.","Ordinary shareholders' earnings per share increased by 15% to 49.8 pence, reflecting strong profit growth and a higher underlying CET1 ratio. However, the increase is partly masked by the distribution of total comprehensive income: other comprehensive income reduced retained earnings by £1.6 billion, while gains on non-controlling interests added £0.7 billion. The net effect was an overall increase in total equity, but the composition changed. The attribution also shows that ordinary shareholders benefited from the underlying profit and capital generation, but they did not receive the full benefit of the total comprehensive income because of the offsetting items.",,,,,,,,129,0,15.23,,,0.3706563706563707,0.19999999999999998,0.0,,,98.0,671.0,0.8571645021438599,2.0,
E0129,multiple_choice,lloyds,,"According to Lloyds Banking Group's 2023 Annual Report, which of the following are reported in the annual report as positive contributors to the Group's capital generation before regulatory headwinds in 2023?","A,B,C","**A, B, F**",,,,,,,,8,0,1.22,0.0,0.5,,,0.0,1.0,,3.0,11.0,,,0.0
E0130,short_answer,natwest,,"According to NatWest Group's 2023 Annual Report, what was the percentage increase in settlement balances assets from 2022 to 2023?",181%,**19%**,,,,,,,,6,0,0.81,0.0,,0.0,,0.0,1.0,,1.0,7.0,,,0.0
E0131,multiple_choice,hsbc,,"According to HSBC's 2023 Annual Report and Accounts, based on the tax expense section, which of the following statements are correct?","A,B,C,D","**A, B, D, E**",,,,,,,,10,0,1.43,0.0,0.6,,,0.0,1.0,,4.0,14.0,,,0.0
E0132,open_ended,lloyds,,"According to Lloyds Banking Group's 2023 Annual Report, compare the movements in financial assets at fair value through profit or loss, financial assets at amortised cost, and financial assets at fair value through other comprehensive income between 2022 and 2023. What might this indicate about the bank's balance-sheet strategy?","The composition of financial assets changed noticeably. Financial assets at fair value through profit or loss increased by £22,549m, from £180,769m to £203,318m. Financial assets at amortised cost decreased by £5,687m, from £520,322m to £514,635m, with loans and advances to customers falling by £5,154m and reverse repurchase agreements falling by £6,094m, partially offset by a £5,429m rise in debt securities at amortised cost. Financial assets at fair value through other comprehensive income rose by £4,438m, from £23,154m to £27,592m. This mix suggests a strategic shift towards more trading-related and fair-value sensitive assets, and away from traditional lending and reverse repo balance-sheet exposure. Holding a larger FVTPL portfolio can support client-driven market activity or reflect a deliberate decision to hold more liquid, marketable securities, but it also increases the sensitivity of reported profit to market movements. The increase in FVOCI assets provides flexibility to hold debt instruments for both yield and potential sale, with valuation changes recorded in equity rather than profit until realisation. The decline in amortised-cost assets, especially loans and reverse repos, may signal reduced net interest income from traditional intermediation, although the increase in debt securities at amortised cost shows continued appetite for holding interest-earning instruments to maturity.","Financial assets at fair value through profit or loss increased by £15.9 billion, from £48.7 billion to £64.6 billion, reflecting higher debt securities held at fair value due to net issuance of debt instruments and higher equity holdings. Financial assets at amortised cost decreased by £10.9 billion, from £309.9 billion to £299.0 billion, mainly because of repayments on legacy Retail mortgages and the transfer of £10.0 billion of legacy Retail mortgages into financial assets at fair value through other comprehensive income as part of the disposal of that business. Financial assets at fair value through other comprehensive income increased by £10.9 billion, from £10.0 billion to £20.9 billion, primarily due to the transfer of legacy Retail mortgages and related debt securities, with a smaller increase from new business. Overall, the movement shows a shift away from amortised-cost assets towards fair-value and other-comprehensive-income assets, which may reflect a desire to manage interest-rate risk, hold more trading or hedge-book positions, or dispose of legacy mortgage books.",,,,,,,,232,0,26.68,,,0.43956043956043955,0.24623115577889446,0.0,,,164.0,1094.0,0.8762414455413818,2.0,
E0133,short_answer,hsbc,,"According to HSBC's 2023 Annual Report and Accounts, what was the net asset value per ordinary share at year-end in 2023 ($)?",8.82,**$7.19**,,,,,,,,8,0,1.07,0.0,,0.0,,0.0,1.0,,1.0,9.0,,,0.0
E0134,open_ended,hsbc,,"According to HSBC's 2023 Annual Report and Accounts, explain the effect of hyperinflation in Argentina on reported NII and NIM in 2023. Why was the fourth-quarter impact particularly significant?","Hyperinflation in Argentina caused an adverse movement of $0.5bn in NII for 2023 and an associated 2bps adverse impact on NIM. The fourth quarter itself recorded a $0.5bn adverse NII movement and a 9bps adverse NIM impact, compared with minimal movements in 2022. The text attributes the increase to the devaluation of the Argentinian peso. Because hyperinflation accounting remeasures local-currency balances and income, the peso devaluation created a large negative translation/re-measurement effect in the fourth quarter, making the Q4 impact heavier than the 2022 comparatives.","The annual report states that the reported NII and NIM figures were materially affected by hyperinflation in Argentina. In the fourth quarter, NII fell by $0.5bn, or 1%, while NIM declined by 19bps. The fourth-quarter impact was particularly pronounced because it reflected the full quarter’s effect of the sharp rise in market interest rates and the full impact of the devaluation of the Argentine peso. The annual report also notes that the reported figures included a favourable impact of foreign currency translation differences of $0.4bn, which masked the underlying pressure on NII and NIM. Without this foreign currency translation effect, NII would have fallen by $0.9bn, or 2%, and NIM would have declined by 26bps.",,,,,,,,161,0,18.23,,,0.35,0.2095238095238095,0.0,,,115.0,724.0,0.8843362331390381,2.0,
E0135,true_false,natwest,,NatWest Group's CET1 capital ratio at 31 December 2023 was 13.4%.,true,**True**,,,,,,,,4,0,0.56,1.0,,,,0.0,0.0,,1.0,8.0,,,1.0
E0136,single_choice,natwest,,"According to NatWest Group's 2023 Annual Report, what primarily drove the decrease in derivative assets and derivative liabilities in 2023?",A,**A**,,,,,,,,4,0,0.64,1.0,,,,0.0,0.0,,1.0,5.0,,,1.0
E0137,open_ended,natwest,,"According to NatWest Group's 2023 Annual Report, compare the profit attributable to ordinary shareholders, paid-in equity holders, and non-controlling interests between 2022 and 2023. What does this comparison suggest about how the improved profit was distributed?","Profit attributable to ordinary shareholders rose by 31.6% to £4,394m, a faster increase than the 23.0% growth in profit from continuing operations and the 28.8% increase in total profit. By contrast, profit attributable to paid-in equity holders fell slightly by 2.8% to £242m, and non-controlling interests moved from a positive £6m to a negative £4m. This suggests that ordinary shareholders received the dominant share of the improvement, while returns to paid-in equity holders were broadly stable and non-controlling interests did not participate in the profit growth; in fact their allocated share became negative. The comparison indicates that the distribution of improved earnings was not uniform: the gains were concentrated in ordinary shareholders.","Profit attributable to ordinary shareholders increased by £1,495m, or 18%, to £9,671m; profit attributable to paid-in equity holders decreased by £1,015m, or 100%, to £0; and profit attributable to non-controlling interests increased by £1,015m, or 100%, to £1,015m. The increase in ordinary shareholder profit was exactly offset by the combined decrease in paid-in equity holder and non-controlling interest profits. This suggests that the overall profit improvement was largely captured by ordinary shareholders, while paid-in equity holders received no benefit and non-controlling interests received full benefit.",,,,,,,,146,0,16.98,,,0.47715736040609136,0.3594470046082949,0.0,,,85.0,616.0,0.8975892066955566,1.0,
E0138,short_answer,lloyds,,"According to Lloyds Banking Group's 2023 Annual Report, what was the underlying net interest income in 2023 (in £m)?",13765,**58196**,,,,,,,,8,0,1.32,0.0,,0.0,,0.0,1.0,,1.0,9.0,,,0.0
E0139,short_answer,lloyds,,"According to Lloyds Banking Group's 2023 Annual Report, what was the net stable funding ratio at 31 December 2023?",130%,**94.5%**,,,,,,,,8,0,1.03,0.0,,0.0,,0.0,1.0,,1.0,9.0,,,0.0
E0140,multiple_choice,natwest,,"According to NatWest Group's 2023 Annual Report: , which of the following balance sheet movements are correct?","A,B,D,F","**A, B, D, E, F**",,,,,,,,12,0,1.51,0.0,0.8,,,0.0,1.0,,5.0,17.0,,,0.0
E0141,single_choice,hsbc,,"According to HSBC's 2023 Annual Report and Accounts, what was the amount of the impairment loss recognised in the fourth quarter of 2023 when the disposal group was remeasured?",C,**A**,,,,,,,,4,0,0.63,0.0,,,,0.0,1.0,,1.0,5.0,,,0.0
E0142,true_false,hsbc,,"According to HSBC's 2023 Annual Report and Accounts, in 2023, total operating expenses excluding impairment of goodwill and other intangible assets were higher than in 2022.",false,**True**,,,,,,,,4,0,0.6,0.0,,,,0.0,1.0,,1.0,8.0,,,0.0
E0143,short_answer,lloyds,,"According to Lloyds Banking Group's 2023 Annual Report, what was the profit for the year 2023?","5,518","**£7,195 million**",,,,,,,,10,0,1.23,0.0,,0.0,,0.0,1.0,,2.0,18.0,,,0.0
E0144,short_answer,lloyds,,"According to Lloyds Banking Group's 2023 Annual Report, what was the risk-weighted assets adjustment for part of the impact of Retail secured CRD IV model updates?",£5 billion,**£1.5bn**,,,,,,,,8,0,1.08,0.0,,0.0,,0.0,1.0,,1.0,10.0,,,0.0
E0145,short_answer,natwest,,"According to NatWest Group's 2023 Annual Report, which authority increased the CCyB on Irish exposures?",Central Bank of Ireland,**European Central Bank**,,,,,,,,6,0,0.79,0.0,,0.5714285714285715,,0.0,1.0,,3.0,25.0,,,0.0
E0146,multiple_choice,lloyds,,"According to Lloyds Banking Group's 2023 Annual Report, according to the 2023 text, which of the following statements about the Group's 2023 financial results are correct?","A,B,D","**A, B, D, E**",,,,,,,,10,0,1.43,0.0,0.75,,,0.0,1.0,,4.0,14.0,,,0.0
E0147,short_answer,natwest,,"According to NatWest Group's 2023 Annual Report, by how much did income from trading activities decrease compared with 2022?",£339 million,"**£1,495 million**",,,,,,,,10,0,1.24,0.0,,0.5,,0.0,1.0,,2.0,18.0,,,0.0
E0148,short_answer,natwest,,What standards issued by the IASB are NatWest Group's financial statements prepared in accordance with?,IFRS,**IFRS 17**,,,,,,,,8,0,1.28,1.0,,0.6666666666666666,,0.0,0.0,,2.0,11.0,,,1.0
E0149,short_answer,lloyds,,"According to Lloyds Banking Group's 2023 Annual Report, which acquisition utilised 21 basis points of capital?",Tusker,**GBM**,,,,,,,,5,0,0.81,0.0,,0.0,,0.0,1.0,,1.0,7.0,,,0.0
E0150,single_choice,hsbc,,"According to HSBC's 2023 Annual Report and Accounts, what was the net interest margin (NIM) for the fourth quarter of 2023?",B,**A**,,,,,,,,4,0,0.74,0.0,,,,0.0,1.0,,1.0,5.0,,,0.0
E0151,short_answer,lloyds,,"According to Lloyds Banking Group's 2023 Annual Report, what was the 2023 asset quality ratio in basis points?",7,59,,,,,,,,3,0,0.64,0.0,,0.0,,0.0,1.0,,1.0,2.0,,,0.0
E0152,multiple_choice,lloyds,,"According to Lloyds Banking Group's 2023 Annual Report: , which of the following statements are correct?","A,B,C,D","**A, B, D, E, F**",,,,,,,,12,0,1.82,0.0,0.5,,,0.0,1.0,,5.0,17.0,,,0.0
E0153,short_answer,natwest,,"According to NatWest Group's 2023 Annual Report, what was the UK leverage ratio at 31 December 2023?",5.0%,5.9%,,,,,,,,5,0,0.73,0.0,,0.0,,0.0,1.0,,1.0,4.0,,,0.0
E0154,short_answer,natwest,,"According to NatWest Group's 2023 Annual Report, what were customer deposits in 2022?",£450.3bn,"£451,897",,,,,,,,9,0,1.12,0.0,,0.0,,0.0,1.0,,1.0,8.0,,,0.0
E0155,multiple_choice,natwest,,"According to NatWest Group's 2023 Annual Report, according to the 2023 results narrative, which of the following were drivers of the increase in total income excluding notable items compared with 2022?","A,B,C","**A, B, C, D**",,,,,,,,10,0,1.29,0.0,0.75,,,0.0,1.0,,4.0,14.0,,,0.0
E0156,short_answer,lloyds,,"According to Lloyds Banking Group's 2023 Annual Report, which division recorded a net £487 million release in pre-updated MES impairment?",Commercial Banking,**Retail Banking**,,,,,,,,5,0,0.73,0.0,,0.5,,0.0,1.0,,2.0,18.0,,,0.0
E0157,single_choice,natwest,,"According to NatWest Group's 2023 Annual Report, according to the balance sheet, what was the main reason for the decrease in total assets from 2022 to 2023?",B,**B**,,,,,,,,4,0,0.65,1.0,,,,0.0,0.0,,1.0,5.0,,,1.0
E0158,short_answer,hsbc,,"According to HSBC's 2023 Annual Report and Accounts, what was the loans and advances to customers as a percentage of customer accounts in 2019?",72.0%,**58%**,,,,,,,,6,0,0.84,0.0,,0.0,,0.0,1.0,,1.0,7.0,,,0.0
E0159,multiple_choice,lloyds,,"According to Lloyds Banking Group's 2023 Annual Report, based on the consolidated statement of comprehensive income for the year ended 31 December, which of the following are components of other comprehensive income (OCI) presented in the statement?","A,B,D,E","**A, B, D, E**",,,,,,,,10,0,1.32,1.0,1.0,,,0.0,0.0,,4.0,14.0,,,1.0
E0160,multiple_choice,hsbc,,"According to HSBC's 2023 Annual Report and Accounts, which of the following statements about shareholders' equity and its movements are correct?","A,B,D,E","**A, B, D, E, F**",,,,,,,,12,0,1.66,0.0,0.8,,,0.0,1.0,,5.0,17.0,,,0.0
E0161,multiple_choice,hsbc,,"According to HSBC's 2023 Annual Report and Accounts, which of the following statements accurately reflect the information in the annual report about the Group's debt instruments and interest rate exposure?","A,B,F","**A, B, D, F**",,,,,,,,10,0,1.7,0.0,0.75,,,0.0,1.0,,4.0,14.0,,,0.0
E0162,short_answer,natwest,,"According to NatWest Group's 2023 Annual Report, what was the unrounded total earnings per share attributable to ordinary shareholders – basic in 2023?",47.948p,**49.18**,,,,,,,,8,0,1.26,0.0,,0.0,,0.0,1.0,,1.0,9.0,,,0.0
E0163,short_answer,lloyds,,"According to Lloyds Banking Group's 2023 Annual Report, which body's decisions in favour of customers were cited in relation to motor finance commission complaints?",Financial Ombudsman Service,**Financial Ombudsman Service**,,,,,,,,9,0,1.45,1.0,,1.0,,0.0,0.0,,3.0,31.0,,,1.0
E0164,open_ended,hsbc,,"According to HSBC's 2023 Annual Report and Accounts, compare Q4 2023 net interest income with Q3 2023 and Q4 2022. What explains the divergence between the annual improvement and the quarterly decline?","Q4 2023 net interest income was $8,284m, down from $9,248m in Q3 2023 and also down from $8,986m in Q4 2022. Although the full-year 2023 result was higher than 2022, the fourth quarter showed clear margin pressure. Sequentially, gross interest yield fell slightly from 5.00% to 4.90%, while gross interest payable rose from 3.80% to 3.83%, causing net interest spread to narrow from 1.20% to 1.07% and net interest margin to fall from 1.70% to 1.52%. Year-on-year, Q4 2023 had a much higher gross yield than Q4 2022: 4.90% versus 3.55%. But gross interest payable increased even more sharply, from 2.21% to 3.83%, so the net interest spread compressed from 1.34% to 1.07%. This meant higher asset yields were more than offset by higher funding costs, leading to lower net interest income despite a considerably higher interest-rate environment.","Q4 2023 net interest income was $15,978m, down 1% on Q3 2023 and down 16% on Q4 2022. The annual decline reflects higher funding costs across liabilities and a lower average interest-earning asset balance, while the quarterly decline is driven by the impact of the reclassification of the sale of the retail banking operations in France. Excluding that item, NIl fell 4% quarter-on-quarter. The annual improvement therefore reflects structural and portfolio headwinds rather than a sustainable underlying trend.",,,,,,,,124,0,14.24,,,0.2685185185185185,0.18257261410788383,0.0,,,78.0,511.0,0.856148362159729,1.0,
E0165,open_ended,lloyds,,According to Lloyds Banking Group's 2023 Annual Report: Discuss the positive and negative effects of the rising UK Bank Rate environment on the Group's net interest income and net interest margin in 2023.,"The rising UK Bank Rate environment had both positive and negative effects. Positively, it supported a stronger banking net interest margin through higher UK Bank Rate pass-through and increased structural hedge earnings. This was visible in the full-year net interest margin rising to 3.11% from 2.94%. Negatively, rising rates contributed to deposit mix effects, as customers moved into higher-rate deposits, and to asset margin compression, particularly in the mortgage book. There was also higher non-banking interest expense due to increased funding costs. Overall, the positive effects dominated in 2023, but the negative factors became more prominent by the fourth quarter, when the quarterly margin fell to 2.98%.","The rising UK Bank Rate environment had a mixed effect on net interest income (NIl) and net interest margin (NIM). On the one hand, higher market interest rates increased the Group’s funding costs, reducing NIl. On the other hand, the Group benefited from yield curve movements and repricing of legacy assets, which helped to mitigate the impact. As a result, NIl increased by £1.4 billion, or 18%, to £9.5 billion. NIM also rose by 27 basis points to 3.06%, reflecting the impact of higher market interest rates, including the full impact of the Group’s announced increase in the UK Bank Rate from 1 January 2024. However, the increase was partially offset by the adverse impact of deposit mix headwinds and lending margin pressure. In summary, while the rising rate environment created headwinds through higher funding costs, it also provided some benefit from yield curve movements and asset repricing, resulting in improved NIl and NIM for the year.",,,,,,,,215,0,24.14,,,0.3863636363636363,0.21739130434782608,0.0,,,157.0,953.0,0.8681308627128601,2.0,
E0166,single_choice,hsbc,,"According to HSBC's 2023 Annual Report and Accounts, according to the consolidated statement of comprehensive income for the year ended 31 December 2023, which of the following is classified under ""Items that will not be reclassified subsequently to profit or loss""?",C,**A**,,,,,,,,4,0,0.75,0.0,,,,0.0,1.0,,1.0,5.0,,,0.0
E0167,open_ended,natwest,,"According to NatWest Group's 2023 Annual Report, why did the effective tax rate fall from 24.8% to 23.2% in 2023 even though the UK corporation tax rate rose from 19.0% to 23.5%?","The effective tax rate is not the same as the headline corporation tax rate. Despite the UK rate rising to 23.5%, the actual tax charge was £1,434m, which was lower than the expected charge of £1,452m based on the 23.5% rate. The lower effective rate resulted from tax credits relating to the carrying value of loss deferred tax assets and from foreign exchange recycling on the UBIDAC capital reduction. These positive factors were partially offset by the UK banking surcharge, no tax relief for Republic of Ireland tax losses, prior-year adjustments, and other non-deductible items. So the effective rate declined because the tax credits outweighed these offsetting items, even though the statutory rate increased.","The effective tax rate fell because the adverse impact of the higher UK corporation tax rate was largely offset by the release of provisions for uncertain tax positions following the conclusion of the FRC review into historical tax arrangements. This release reduced the overall tax charge, thereby lowering the effective tax rate despite the increase in the statutory rate.",,,,,,,,64,0,7.44,,,0.40462427745664736,0.27932960893854747,0.0,,,59.0,374.0,0.8809962868690491,2.0,
E0168,short_answer,lloyds,,"According to Lloyds Banking Group's 2023 Annual Report, what was the statutory profit before tax in 2023 (in £m)?",7503,**15986**,,,,,,,,8,0,1.03,0.0,,0.0,,0.0,1.0,,1.0,9.0,,,0.0
E0169,short_answer,hsbc,,"According to HSBC's 2023 Annual Report and Accounts, what was the loss on net monetary positions in 2023 as a result of applying IAS 29?",1667m,**$1bn**,,,,,,,,6,0,0.83,0.0,,0.0,,0.0,1.0,,1.0,8.0,,,0.0
E0170,open_ended,lloyds,,According to Lloyds Banking Group's 2023 Annual Report: Analyze the difference between underlying profit and statutory profit before tax in 2023. What do the reconciling items reveal about the quality of earnings?,"In 2023, underlying profit was £7,809m while statutory profit before tax was £7,503m, with the difference explained by restructuring costs of £154m and a volatility and other items loss of £152m. Underlying profit is intended to give a cleaner view of recurring trading performance by stripping out these items. The very small size of the reconciling items in 2023 contrasts with 2022, when volatility and other items were a large negative £2,166m, which is why statutory profit before tax jumped 57% while underlying profit grew 11%. This suggests statutory growth was boosted by the absence of large one-off or market-related losses rather than by a corresponding acceleration in underlying profitability. The quality of earnings is also supported by a substantial fall in impairment charges, but the cost base grew and remediation costs increased, so the 2023 result is a mix of better credit performance and cost pressures.","Underlying profit was £7,195 million, while statutory profit before tax was £6,845 million. The difference is due to two reconciling items: impairment charges and other items. Impairment charges were £350 million in 2023, compared with £1,015 million in 2022, meaning they reduced statutory profit before tax by a much larger amount than they did underlying profit. Other items added £350 million to statutory profit before tax, but this line is described as ""largely non-recurring"" and includes the impact of IFRS 17, which materially offset each other in arriving at underlying profit. Overall, the 2023 statutory profit before tax is therefore supported by lower impairment charges and one-off items, but it is not clear whether the lower impairment charge reflects better credit performance or a more generous provisioning model. The underlying profit measure also excludes IFRS 17, so it is less susceptible to accounting transition effects.",,,,,,,,212,0,24.67,,,0.4589041095890411,0.2847682119205298,0.0,,,145.0,946.0,0.8854473233222961,2.0,
E0171,short_answer,natwest,,"According to NatWest Group's 2023 Annual Report, what was the Bank NIM in the annual report?",3.04%,**3.19%**,,,,,,,,8,0,0.99,0.0,,0.0,,0.0,1.0,,1.0,9.0,,,0.0
E0172,open_ended,natwest,,According to NatWest Group's 2023 Annual Report: Analyze the relationship between profit for the year and total comprehensive income in 2021-2023. What do the other comprehensive income components reveal about the sources of volatility beyond net profit?,"Profit for the year rose steadily from £3,312m in 2021 to £3,595m in 2022 and £4,632m in 2023. However, total comprehensive income was far more volatile: £1,674m, £625m and £4,686m respectively. The bridge is other comprehensive income after tax, which was -£1,638m in 2021, -£2,970m in 2022 and +£54m in 2023. The OCI lines identify the main non-P&L sources of volatility: remeasurement of retirement benefit schemes was negative in all three years, especially -£840m in 2022; cash flow hedge movements swung from -£848m in 2021 to +£1,208m in 2023; currency translation produced a large negative effect in 2022; and FVOCI financial asset movements were comparatively small. Thus, while underlying profitability improved, comprehensive results were buffeted by pension, hedging, tax and translation effects that do not flow through profit.","Profit for the year and total comprehensive income move closely together over the three years, with the former being the dominant driver of the latter. In 2021, profit was £5,987m and total comprehensive income was £6,041m, while in 2023 profit rose to £7,391m and total comprehensive income rose to £7,435m. The difference is mainly due to other comprehensive income items: in 2021 other comprehensive income was a gain of £544m, including a £500m deferred tax asset write back on IFRS 17 transition, while in 2023 it was a loss of £1,094m, including a £1,000m impairment of investments in associates. These gains and losses are not reflected in profit for the year but materially affect total comprehensive income. In 2022, profit and total comprehensive income were both lower than in 2021 or 2023, reflecting a weaker underlying performance. The other comprehensive income line item also includes movements in the fair value of own debt instruments and hyperinflation effects, which can add volatility to total comprehensive income even if profit for the year is stable.",,,,,,,,268,0,30.6,,,0.3853820598006644,0.22712933753943218,0.0,,,173.0,1074.0,0.8713427782058716,1.0,
E0173,short_answer,natwest,,"According to NatWest Group's 2023 Annual Report, what was the UK corporation tax rate for 2023?",23.5%,**19%**,,,,,,,,6,0,0.86,0.0,,0.0,,0.0,1.0,,1.0,7.0,,,0.0
E0174,short_answer,lloyds,,"According to Lloyds Banking Group's 2023 Annual Report, what was the percentage change in underlying profit from 2022 to 2023?",11%,19%,,,,,,,,4,0,0.71,0.0,,0.0,,0.0,1.0,,1.0,3.0,,,0.0
E0175,short_answer,hsbc,,"According to HSBC's 2023 Annual Report and Accounts, how many employees, expressed in full-time equivalent staff, were there at 31 December 2023?","220,861","**97,856**",,,,,,,,9,0,1.39,0.0,,0.0,,0.0,1.0,,1.0,10.0,,,0.0
E0176,short_answer,lloyds,,"According to Lloyds Banking Group's 2023 Annual Report, what was the effective portion of changes in fair value taken to other comprehensive income in 2022?",-6990,"**£1,598 million**",,,,,,,,10,0,1.56,0.0,,0.0,,0.0,1.0,,2.0,18.0,,,0.0
E0177,short_answer,lloyds,,"According to Lloyds Banking Group's 2023 Annual Report, what was the amount of underlying other income in 2023?","£5,123 million","**£5,198 million**",,,,,,,,10,0,1.24,0.0,,0.5,,0.0,1.0,,2.0,18.0,,,0.0
E0178,open_ended,lloyds,,"According to Lloyds Banking Group's 2023 Annual Report: Evaluate the relationship between profit before tax, tax expense, and profit for the year. What does the implied effective tax rate suggest, and what questions might an analyst ask?","Profit before tax increased 57% from £4,782m to £7,503m, but tax expense increased from £859m to £1,985m, an increase of 131%. As a result, profit for the year increased by 41% to £5,518m, which is lower than the pre-tax profit growth. The implied effective tax rate rose from roughly 18% in 2022 to about 26.5% in 2023. The summary does not disclose why the effective rate increased, so an analyst would need to examine the notes. Possible explanations could include changes in the geographical mix of profits, non-deductible expenses, one-off prior-year tax items, or the treatment of insurance and investment contract results. This illustrates that pre-tax profit growth does not automatically translate into the same rate of net income growth after tax.","Profit before tax is £7,195 million, while tax expense is only £1,486 million, implying an effective tax rate of around 20.6%. This suggests that the Group recognised significant tax deductions or losses that reduced its overall tax liability below the statutory rate. The large difference between profit before tax and profit for the year also indicates that other items such as exceptional items, non-taxable gains, or deferred tax effects materially impacted reported profit. An analyst would want to understand whether this low tax expense reflects favourable accounting treatments or genuine underlying profitability, and would need to examine the tax credit line and related disclosures to assess the sustainability of the effective tax rate.",,,,,,,,139,0,16.04,,,0.36595744680851067,0.2248995983935743,0.0,,,113.0,748.0,0.8800466060638428,1.0,
E0179,open_ended,natwest,,"Analyze the main factors behind the changes in NatWest Group's CET1 capital ratio and risk-weighted assets during 2023, and explain what these movements suggest about the bank's strategic priorities.","The CET1 ratio declined by 80 basis points to 13.4% (13.2% excluding IFRS 9 transitional relief). This mainly reflected distributions deducted from capital of around 200 basis points, which were only partially offset by the bank's attributable profit. Meanwhile, RWAs increased by £6.9 billion to £183.0 billion, driven primarily by lending growth in Commercial & Institutional and a £3.0 billion uplift from CRD IV model updates. This was partially offset by a £4.0 billion reduction from the continued exit from the Republic of Ireland. Together, these movements indicate a bank balancing capital return to shareholders with continued lending expansion, while also de-risking through exiting a non-core market and adjusting to regulatory model changes.","CET1 fell by 50 basis points to 13.4%, while RWAs increased by £17.9 billion to £468.9 billion. The decline was driven by distributions and net asset growth, including the acquisition of SVB UK, partly offset by a modest reduction in risk-weighted exposures. The increase in RWAs reflects lending growth and the SVB UK acquisition, while the CET1 decrease shows that the bank used its capital to fund this expansion. The ratio remains strong, but the composition shift suggests a continued focus on business growth rather than a deliberate capital conservation stance.",,,,,,,,125,0,14.51,,,0.4039408866995074,0.2592592592592593,0.0,,,91.0,568.0,0.8827155828475952,1.0,
E0180,short_answer,hsbc,,"According to HSBC's 2023 Annual Report and Accounts, what percentage did trading assets increase by?",33%,**19%**,,,,,,,,6,0,0.79,0.0,,0.0,,0.0,1.0,,1.0,7.0,,,0.0
E0181,short_answer,lloyds,,"According to Lloyds Banking Group's 2023 Annual Report, what was the amount of the charge arising from the potential impact of the FCA review of historical motor finance commission arrangements?",£450 million,**£150 million**,,,,,,,,8,0,1.06,0.0,,0.5,,0.0,1.0,,2.0,16.0,,,0.0
E0182,single_choice,natwest,,"According to NatWest Group's 2023 Annual Report, what was the total amount provided towards the £100 billion climate and sustainable funding and financing target as of 31 December 2023?",B,**A**,,,,,,,,4,0,0.64,0.0,,,,0.0,1.0,,1.0,5.0,,,0.0
E0183,short_answer,lloyds,,"According to Lloyds Banking Group's 2023 Annual Report, what assets were the Group's liquid assets mainly held in?",cash and government bonds,"**cash and balances at central banks**, **government bonds**, **repo agreements**",,,,,,,,17,0,1.98,0.0,,0.5714285714285715,,0.0,1.0,,10.0,81.0,,,0.0
E0184,short_answer,natwest,,"According to NatWest Group's 2023 Annual Report, what was the total fully diluted earnings per share attributable to ordinary shareholders in 2023?",47.7p,**19.58 pence**,,,,,,,,10,0,1.37,0.0,,0.0,,0.0,1.0,,2.0,15.0,,,0.0
E0185,short_answer,lloyds,,"According to Lloyds Banking Group's 2023 Annual Report, what was the value of the share buyback programme completed during 2023?",£2 billion,**£1.5 billion**,,,,,,,,8,0,1.25,1.0,,0.5,,0.0,0.0,,2.0,16.0,,,0.0
E0186,single_choice,lloyds,,"According to Lloyds Banking Group's 2023 Annual Report, according to the summary income statement, which item increased by 46% in 2023 compared with 2022?",C,**A**,,,,,,,,4,0,0.72,0.0,,,,0.0,1.0,,1.0,5.0,,,0.0
E0187,short_answer,hsbc,,"According to HSBC's 2023 Annual Report and Accounts, which category appears immediately after 'preference shareholders of the parent company' under the 'Attributable to' section?",other equity holders,**attributable to non-controlling interests**,,,,,,,,10,0,1.59,0.0,,0.0,,0.0,1.0,,4.0,45.0,,,0.0
E0188,multiple_choice,hsbc,,"According to HSBC's 2023 Annual Report and Accounts, based on the five-year selected financial information, which of the following statements are correct?","A,C,D","**A, B, D, E**",,,,,,,,10,0,1.42,0.0,0.4,,,0.0,1.0,,4.0,14.0,,,0.0
E0189,open_ended,lloyds,,According to Lloyds Banking Group's 2023 Annual Report: Analyze how the Retail secured CRD IV model updates and the IFRS 9 transitional relief changes affected the Group's capital position. How did impairment movements interact with these effects?,"The Retail secured CRD IV model updates led to a £5 billion increase in risk-weighted assets, which was a major component of the 50 basis point regulatory headwind. The end of IFRS 9 static transitional relief and the lower factor applied to IFRS 9 dynamic relief also reduced the capital benefit previously provided by transitional arrangements. Together these items reduced capital generation from 223 basis points to 173 basis points. Within that post-headwind figure, the Group benefited by just under 30 basis points from a fourth-quarter impairment write-back, but this benefit was materially offset by around 15 basis points in relation to the £450 million charge arising from the FCA review of historical motor finance commission arrangements. The net impairment effect was therefore limited, and the overall capital build after headwinds was significantly lower than the underlying banking build of 237 basis points.","The Retail secured CRD IV model update reduced the Group's CET1 ratio by around 15 basis points, while the IFRS 9 transitional relief release added around 10 basis points. Impairment movements were a net negative 14 basis points, meaning they partially offset the positive effect of transitional relief. Overall, the Group's CET1 ratio fell 68 basis points to 14.7%, reflecting the combined impact of the updated model, transitional relief, and impairment charges.",,,,,,,,104,0,12.46,,,0.3813953488372093,0.2522522522522523,0.0,,,72.0,464.0,0.8756884932518005,1.0,
E0190,short_answer,lloyds,,"According to Lloyds Banking Group's 2023 Annual Report, what was the notional balance of the sterling structural hedge?",£247 billion,**£158 billion**,,,,,,,,8,0,1.01,0.0,,0.5,,0.0,1.0,,2.0,16.0,,,0.0
E0191,short_answer,hsbc,,"According to HSBC's 2023 Annual Report and Accounts, what was the reported amount of loans and advances to customers?",$939bn,"**$1,095bn**",,,,,,,,10,0,1.22,0.0,,0.0,,0.0,1.0,,1.0,12.0,,,0.0
E0192,single_choice,natwest,,"According to NatWest Group's 2023 Annual Report: , what was the primary reason for the decrease in income from trading activities?",A,**A**,,,,,,,,4,0,0.65,1.0,,,,0.0,0.0,,1.0,5.0,,,1.0
E0193,short_answer,hsbc,,"According to HSBC's 2023 Annual Report and Accounts, what were total assets at 31 Dec 2023 in $m?",3038677,2495867,,,,,,,,8,0,1.1,0.0,,0.0,,0.0,1.0,,1.0,7.0,,,0.0
E0194,short_answer,hsbc,,"According to HSBC's 2023 Annual Report and Accounts, which acquisition contributed $6bn to CMB customer accounts?",SVB UK,**HSBC Bank plc**,,,,,,,,7,0,0.95,0.0,,0.0,,0.0,1.0,,3.0,17.0,,,0.0
E0195,short_answer,natwest,,"According to NatWest Group's 2023 Annual Report, what was the amount of foreign exchange recycling gains reported in the annual report?",£484 million,**£19m**,,,,,,,,7,0,0.95,0.0,,0.0,,0.0,1.0,,1.0,8.0,,,0.0
E0196,short_answer,natwest,,"According to NatWest Group's 2023 Annual Report, what was the total customer deposits excluding central items in 2023?",£419.1 billion,"**£451,897 million**",,,,,,,,12,0,1.46,0.0,,0.0,,0.0,1.0,,2.0,20.0,,,0.0
E0197,single_choice,lloyds,,"According to Lloyds Banking Group's 2023 Annual Report: , what was the Group's pro forma CET1 capital ratio at 31 December 2023?",A,**A**,,,,,,,,4,0,0.64,1.0,,,,0.0,0.0,,1.0,5.0,,,1.0
E0198,multiple_choice,natwest,,Which of the following statements about NatWest Group's capital position at 31 December 2023 are correct?,"A,B,D","**A, B, D, E**",,,,,,,,10,0,1.3,0.0,0.75,,,0.0,1.0,,4.0,14.0,,,0.0
E0199,multiple_choice,hsbc,,"According to HSBC's 2023 Annual Report and Accounts: , which of the following are reported as factors affecting net fee income in 2023?","A,B,C,D","**A, B, C, D, E, F**",,,,,,,,14,0,2.27,0.0,0.6666666666666666,,,0.0,1.0,,6.0,20.0,,,0.0
E0200,open_ended,natwest,,"According to NatWest Group's 2023 Annual Report: Analyze the main factors behind the 28 pence rise in TNAV per share in 2023, and what does the £498 million increase in intangible assets imply about the quality of that book value growth?","The increase in TNAV per share to 292 pence was primarily attributable to the period’s profit and a positive £872 million movement in cash flow hedging reserves, which occurred as rate expectations lowered. This was partially offset by distributions, such as dividends or buybacks, which reduce retained capital. The £498 million increase in intangible assets, mainly from software capitalisation and the acquisition of Cushon, means that a larger part of total assets is not in physical or purely tangible form. Software capitalisation reflects investment in internally developed assets, while the Cushon acquisition adds intangibles such as goodwill and customer relationships. Although these can support future earnings, they are less liquid and more subjective in valuation than tangible assets. Therefore, while TNAV per share rose from strong operating results and favourable hedging movements, the composition of growth is important: some of the increase in reported assets is intangible and may be subject to amortisation or impairment, so the quality of tangible book value growth is lower than if it had come entirely from retained cash and tangible earnings.","TNAV per share rose by 28 pence to 175 pence, with the increase driven by higher net income and a lower impairment charge, partly offset by dividends paid and net new share buybacks. The underlying CET1 ratio increased by 160 basis points to 14.5%, while tangible net asset value per share rose by 29 pence to 153 pence. The intangible assets line increased by £498 million, or 18%, to £3.1 billion, which is notable because intangible assets are not directly related to tangible book value or tangible net asset value. This suggests that the reported book value growth was supported by investment in intangible assets rather than just tangible capital or tangible net assets. The annual report also notes that intangible amortisation reduced profit before tax by £199 million, so the increase in intangible assets was not entirely reflected in earnings. Overall, the TNAV per share increase reflects strong capital generation and a lower impairment charge, but the composition of that growth includes significant investment in intangible assets.",,,,,,,,227,0,25.97,,,0.46376811594202905,0.22988505747126436,0.0,,,168.0,1046.0,0.8773436546325684,2.0,
E0201,open_ended,natwest,,"According to NatWest Group's 2023 Annual Report: Analyze the relationship between the fall in cash and balances at central banks, the decline in customer deposits, and the increase in other financial assets. What does this suggest about the bank's liquidity and funding position?","Customer deposits decreased by £18.9 billion, or 4%, to £431.4 billion, representing a funding outflow. Cash and balances at central banks fell by a larger amount, £40.6 billion, because the decline was driven not only by business segment funding outflows but also by the acquisition of £19.5 billion of non-cash liquid assets as part of ongoing liquidity management. The increase in other financial assets by £20.2 billion, particularly net bonds activity of £16.5 billion and increases in held-to-collect securities, is consistent with the bank swapping central bank cash for liquid securities and other financial instruments. This suggests that the bank was actively managing its liquidity buffer, maintaining liquid asset holdings in a different form rather than simply losing cash. However, the decline in customer deposits is still a funding headwind and needs to be monitored. The overall picture is one of active liquidity management and balance sheet reshaping, but with some pressure on customer funding.","Cash and balances at central banks fell by £15.9 billion, while customer deposits declined by £14.7 billion. This indicates that the reduction in customer deposits was largely offset by a reduction in cash held, suggesting a relatively stable liquidity position. However, the increase in other financial assets by £1.2 billion means that the bank did not simply reduce its cash holdings; it also acquired additional financial assets. This could indicate a deliberate shift in asset allocation or a desire to maintain lending capacity while managing cash flow. Overall, the data suggest a stable liquidity position rather than a deteriorating funding situation, but the increase in other financial assets suggests active portfolio management rather than a passive balance sheet contraction.",,,,,,,,143,0,17.35,,,0.48175182481751827,0.27272727272727276,0.0,,,119.0,789.0,0.8998530507087708,2.0,
E0202,true_false,hsbc,,According to HSBC's 2023 Annual Report and Accounts: The loans and advances to customers as a percentage of customer accounts in 2020 was 63.2%.,true,**True**,,,,,,,,4,0,0.6,1.0,,,,0.0,0.0,,1.0,8.0,,,1.0
E0203,short_answer,natwest,,"According to NatWest Group's 2023 Annual Report, what was the approximate FTE headcount after reductions?","61,200","**67,500**",,,,,,,,9,0,1.16,0.0,,0.0,,0.0,1.0,,1.0,10.0,,,0.0
E0204,short_answer,natwest,,"According to NatWest Group's 2023 Annual Report, who signed the accounts as Group Chief Financial Officer?",Katie Murray,**Glenys Williams**,,,,,,,,7,0,0.88,0.0,,0.0,,0.0,1.0,,2.0,19.0,,,0.0
E0205,short_answer,natwest,,"According to NatWest Group's 2023 Annual Report, what was the IFRS 9 transitional adjustment impact on CET1 capital at 31 December 2023?",0.2 billion,**£0.4 billion**,,,,,,,,8,0,1.06,0.0,,0.5,,0.0,1.0,,2.0,16.0,,,0.0
E0206,short_answer,lloyds,,"According to Lloyds Banking Group's 2023 Annual Report, what was the charge recognised for costs and potential redress in light of the FCA section 166 review?",£450 million,**£585 million**,,,,,,,,8,0,1.06,0.0,,0.5,,0.0,1.0,,2.0,16.0,,,0.0
E0207,true_false,natwest,,NatWest Group's total risk-weighted assets decreased from 2022 to 2023.,false,**True**,,,,,,,,4,0,0.57,0.0,,,,0.0,1.0,,1.0,8.0,,,0.0
E0208,true_false,lloyds,,"According to Lloyds Banking Group's 2023 Annual Report: The Group's underlying profit for 2023 was £7,809 million.",true,**True**,,,,,,,,4,0,0.62,1.0,,,,0.0,0.0,,1.0,8.0,,,1.0
E0209,multiple_choice,lloyds,,"According to Lloyds Banking Group's 2023 Annual Report, which of the following statements about the Group's impairment charge are supported by the annual report?","A,B,C,D","**A, B, C, D**",,,,,,,,10,0,1.37,1.0,1.0,,,0.0,0.0,,4.0,14.0,,,1.0
E0210,short_answer,lloyds,,"According to Lloyds Banking Group's 2023 Annual Report, what was the currency translation difference in 2023?",-53,"**£(1,598) million**",,,,,,,,12,0,1.45,0.0,,0.0,,0.0,1.0,,2.0,20.0,,,0.0
E0211,open_ended,natwest,,"According to NatWest Group's 2023 Annual Report, why might total income excluding notable items be a better indicator of underlying performance than reported total income? Use evidence from the table.","Total income excluding notable items increased 9.8% to £14,339m, while reported total income increased 12.1% to £14,752m. The difference is attributable to a range of notable items, including fair value losses, disposal losses, own credit adjustments, tax interest on prior periods, loss on redemption of own debt, asset sale losses, insurance liability gains/losses, property strategy updates, and foreign exchange recycling gains. Because these items are often one-off or fair-value-driven, they can distort reported growth. The excluding-notable-items measure provides a more consistent comparison of the core revenue trends in lending, markets, and fees, although the absolute reported total income is the statutory figure.","Total income excluding notable items strips out the impact of specific items such as the £1.5 billion impairment charge on the sale of the retail banking operations in France and the £0.7 billion impact of IFRS 17. This means it presents a clearer picture of the underlying business performance. For example, reported total income fell by 1% to £8,946 million, but total income excluding notable items increased by 1% to £8,959 million. The table also shows that the impairment charge reduced reported total income by £1.5 billion, while IFRS 17 added £0.7 billion. Therefore, total income excluding notable items is a more stable measure because it removes one-off or accounting-driven distortions.",,,,,,,,158,0,19.41,,,0.3568075117370892,0.1818181818181818,0.0,,,111.0,699.0,0.8715278506278992,1.0,
E0212,true_false,lloyds,,According to Lloyds Banking Group's 2023 Annual Report: Interest expense decreased from 2022 to 2023.,false,**True**,,,,,,,,4,0,0.6,0.0,,,,0.0,1.0,,1.0,8.0,,,0.0
E0213,open_ended,natwest,,"According to NatWest Group's 2023 Annual Report, why did customer deposits fall by £13.8 billion in 2023, and why might the bank still view its funding position as healthy?","The decrease was principally driven by the competitive environment for deposits and an overall contraction in market liquidity, rather than by a single strategic action. In the fourth quarter, active management within Corporate & Institutions reduced balances by £4.5 billion, but this was partially offset by growth in Retail Banking and Private Banking. Despite the lower deposit base, the loan-to-deposit ratio remains at 84%, which suggests the bank is not over-reliant on customer deposits to fund lending and retains a prudent funding buffer. The bank also continued to shift its deposit mix toward interest-bearing and term balances—non-interest-bearing balances are 34% and term balances are 16%—indicating that it is actively managing the stability and cost of its funding even as total balances decline.","Customer deposits fell by £13.8 billion in 2023 because the bank offered attractive rates on savings and fixed term accounts, which encouraged customers to move their money into these higher-yielding products. This was part of the bank’s strategy to grow its retail savings and fixed term book. The annual report also notes that the average rate on deposits increased significantly during the year, reflecting competitive pressures. However, the bank views its funding position as healthy because it has maintained a stable funding base, with wholesale funding remaining broadly stable at £259.4 billion, and because it continues to benefit from strong customer relationships and a diversified funding mix.",,,,,,,,133,0,15.25,,,0.3684210526315789,0.16597510373443983,0.0,,,107.0,706.0,0.8707322478294373,2.0,
E0214,multiple_choice,natwest,,"According to NatWest Group's 2023 Annual Report, based on the consolidated balance sheet for the year ended 31 December 2023, which of the following line items decreased compared to 2022?","A,B,C","**A, B, D, F**",,,,,,,,10,0,1.38,0.0,0.4,,,0.0,1.0,,4.0,14.0,,,0.0
E0215,short_answer,lloyds,,"According to Lloyds Banking Group's 2023 Annual Report, what was the percentage increase in total income on 2022?",20%,**17%**,,,,,,,,6,0,0.89,1.0,,0.0,,0.0,0.0,,1.0,7.0,,,0.0
E0216,multiple_choice,hsbc,,"According to HSBC's 2023 Annual Report and Accounts, which of the following statements about return on average tangible equity (RoTE) are correct?","A,B,C,D","**A, B, C, D**",,,,,,,,10,0,1.42,1.0,1.0,,,0.0,0.0,,4.0,14.0,,,1.0
E0217,single_choice,lloyds,,"According to Lloyds Banking Group's 2023 Annual Report, what was the basic earnings per share for the year ended 31 December 2023?",A,**A**,,,,,,,,4,0,0.63,1.0,,,,0.0,0.0,,1.0,5.0,,,1.0
E0218,short_answer,lloyds,,"According to Lloyds Banking Group's 2023 Annual Report, what is the expected average interest-earning banking assets level for 2024?",greater than £450 billion,**£450 billion**,,,,,,,,8,0,1.04,1.0,,0.6666666666666666,,0.0,0.0,,2.0,16.0,,,1.0
E0219,open_ended,lloyds,,"According to Lloyds Banking Group's 2023 Annual Report, why does the Group use securitisation as part of its balance sheet management, and what trade-offs does it create in 2023?","Securitisation activity is conducted to manage risk on the balance sheet and to offset regulatory capital pressures, but only where market opportunities allow net present value positive transactions for the Group. In 2023, securitisations reduced loans by £5.2 billion: £2.5 billion of legacy Retail mortgages in Q1, with £2.1 billion in the closed mortgage book, and £2.7 billion of Retail unsecured loans in Q4. The main benefit is risk transfer and capital relief, which can mitigate regulatory constraints. The trade-off is that securitised assets leave the balance sheet, reducing reported customer loans and contributing to the headline decline in lending. The Group appears willing to accept lower reported loan balances when the capital, risk and net present value benefits are favourable.","The Group uses securitisation as part of its balance sheet management because it allows it to manage its asset portfolio and liquidity position. In 2023, the Group completed several securitisations totalling £15.7 billion, which reduced its on-balance sheet exposure and generated net proceeds of approximately £14.6 billion. This activity created two trade-offs: first, it reduced the Group’s lending capacity by reducing its loan book; second, it increased its funding requirements because the securitised assets were no longer held on the balance sheet and therefore no longer funded by customer deposits or wholesale funding. These trade-offs are consistent with the Group’s stated use of securitisation as a tool for managing its balance sheet composition and liquidity.",,,,,,,,157,0,19.18,,,0.35593220338983045,0.1935483870967742,0.0,,,115.0,775.0,0.881270706653595,2.0,
E0220,open_ended,hsbc,,"Explain why a $3.0bn impairment charge had no material impact on HSBC's capital, capital ratios, or distribution capacity.","The impairment charge was a non-cash accounting write-down. Although it reduced the balance sheet carrying value of the BoCom investment, its impact on regulatory capital was offset by a compensating release of regulatory capital deductions related to the investment. Because the CET1 ratio and overall capital position were not materially affected, the impairment had no impact on HSBC's capacity to pay dividends or conduct share buy-backs.","The charge was recorded as part of operating lease depreciation expense in the income statement, not as a separate credit impairment loss. It therefore did not reduce total equity or CET1 capital directly. The charge also included a tax credit of $1.4bn, meaning the net impact on profit before tax was only $1.6bn. Since the company has a strong capital position and generates significant distributable surplus, the impairment charge was absorbed without materially affecting capital ratios or distribution capacity.",,,,,,,,97,0,11.06,,,0.3862068965517242,0.23841059602649003,0.0,,,79.0,517.0,0.875738799571991,2.0,
E0221,multiple_choice,natwest,,"According to NatWest Group's 2023 Annual Report, according to the table, which of the following groups have amounts attributed from total comprehensive income for the year ended 31 December 2023?","A,C,D","**A, B, C, D, E**",,,,,,,,12,0,1.89,0.0,0.6,,,0.0,1.0,,5.0,17.0,,,0.0
E0222,multiple_choice,lloyds,,"According to Lloyds Banking Group's 2023 Annual Report, according to the table and narrative, which of the following were uses of capital that reduced the Group's pro forma CET1 ratio in 2023?","A,B,D,F","**A, B, C, D, F**",,,,,,,,12,0,1.5,0.0,0.8,,,0.0,1.0,,5.0,17.0,,,0.0
E0223,short_answer,lloyds,,"According to Lloyds Banking Group's 2023 Annual Report, how many shares were purchased under the share buyback programme?",4.4 billion,"**1,597 million**",,,,,,,,9,0,1.1,0.0,,0.0,,0.0,1.0,,2.0,17.0,,,0.0
E0224,multiple_choice,natwest,,"According to NatWest Group's 2023 Annual Report, based on the notable items within total income table, which of the following are included as notable items?","A,B,D,F","**A, B, F**",,,,,,,,8,0,1.06,0.0,0.75,,,0.0,1.0,,3.0,11.0,,,0.0
E0225,short_answer,natwest,,"According to NatWest Group's 2023 Annual Report, what was the net stable funding ratio in 2022?",145%,104.5%,,,,,,,,7,0,0.88,0.0,,0.0,,0.0,1.0,,1.0,6.0,,,0.0
E0226,short_answer,hsbc,,"According to HSBC's 2023 Annual Report and Accounts, which global business had the highest number of staff in 2023?",Wealth and Personal Banking,"**15,947**",,,,,,,,9,0,1.15,0.0,,0.0,,0.0,1.0,,1.0,10.0,,,0.0
E0227,open_ended,hsbc,,According to HSBC's 2023 Annual Report and Accounts: Analyze the possible reasons for the sharp decrease in loans and advances to customers from 2021 to 2022 and its effects on the balance sheet ratios.,"Loans and advances to customers fell from $1,045,814m in 2021 to $923,561m in 2022, a decrease of over $122bn. The most likely reason visible in the data is reclassification of loans to 'Assets held for sale', which rose from $3,411m to $115,919m, and the related 'Liabilities of disposal groups held for sale' rose from $9,005m to $114,597m. This indicates that a large lending business was classified as a disposal group under IFRS 5. The reclassification reduces reported loans even without a loss of economic control. It also affects ratios: the loan-to-customer-deposit ratio declines, leverage measures based on total assets remain elevated because the assets are still on balance sheet, and future interest income will decline once the disposal is completed. The 2023 data show loans recovering slightly to $938,535m and held-for-sale assets remaining high, suggesting the disposal may still be in progress or additional portfolios were classified.","Loans and advances fell by $59bn, or 14%, from 2021 to 2022. This decline was driven by several factors:

- In Hong Kong, lending fell sharply due to the impact of the pandemic and lower demand.
- In Europe, lending fell as a result of the sale of the retail banking operations in France and the merger with SOGEPA in Tunisia.
- In the UK, lending fell because of the transfer of the retail mortgage book to SVB UK.

The decrease in loans and advances had a significant effect on the balance sheet. Total assets fell by $68bn, and total liabilities fell by $70bn. The loan-to-deposit ratio declined from 111% to 104%, meaning that loans became a smaller proportion of customer deposits. This could indicate a reduction in customer borrowing or a shift in funding sources away from loans. The liquidity coverage ratio improved from 140% to 147%, suggesting better liquidity headroom, but the net stable funding ratio deteriorated from 131% to 127%, indicating a greater reliance on short-term or wholesale funding. Overall, the decline in loans and advances reshaped the asset-liability mix and affected liquidity metrics.",,,,,,,,263,0,30.33,,,0.3685800604229607,0.19540229885057472,0.0,,,187.0,1121.0,0.8448364734649658,2.0,
E0228,open_ended,hsbc,,"According to HSBC's 2023 Annual Report and Accounts, explain why derivative assets and derivative liabilities both decreased, and what drove the change in derivative assets.","Derivative assets decreased by $54bn, or 19%, mainly in Europe. The decrease was driven by adverse revaluation movements on interest rate contracts because long-term yield curve rates stabilised and shifted downward in most major markets. Foreign exchange contracts, primarily in HSBC Bank plc, also fell because volatility in foreign exchange rate movements was reduced in 2023. The asset decrease was consistent with a decrease in derivative liabilities because the underlying risk is broadly matched; derivative portfolios typically have offsetting asset and liability positions, so market movements affect both sides symmetrically.","Derivative assets decreased by $19bn, or 14%, while derivative liabilities decreased by $18bn, or 15%. The decrease was driven by lower trading book exposures, notably in HSBC Bank plc, which reflected reduced volatility in equity and interest rate markets. This reduction was partly offset by an increase in over-the-counter (OTC) trading books in Hong Kong and mainland China, where the business grew significantly. Overall, the decrease in derivatives was consistent with the reduction in trading book risk.",,,,,,,,106,0,12.32,,,0.43113772455089816,0.30588235294117644,0.0,,,77.0,510.0,0.8956295847892761,2.0,
E0229,multiple_choice,lloyds,,"According to Lloyds Banking Group's 2023 Annual Report, which of the following accurately describe the Group's dividends and share buyback programme?","A,B,C,E","**A, B, C, E**",,,,,,,,10,0,1.38,1.0,1.0,,,0.0,0.0,,4.0,14.0,,,1.0
E0230,open_ended,natwest,,"According to NatWest Group's 2023 Annual Report, compare the movement in the ECL charge with the movement in amounts written off. What can this comparison indicate about the bank's credit risk experience in 2023?","The ECL charge increased sharply from £337m to £578m, an increase of 71.5%, while amounts written off fell from £482m to £319m, a decrease of 33.8%. These two figures measure different things: the ECL charge is an accounting estimate of expected future losses, while amounts written off represent loans actually removed from the balance sheet as uncollectible. The divergence suggests that the bank built significantly higher provisions even though actual write-offs declined. This could reflect a larger loan book, since loans grew by 3.9%, or updated forward-looking assumptions, higher provisioning on existing loans, or a more cautious view of future credit risk. The ECL coverage ratio also rose slightly from 0.91% to 0.93%, supporting the interpretation that provisioning intensity increased rather than realised losses.","The ECL charge fell by £195 million, or 4%, while the amount written off rose by £178 million, or 16%. This suggests that the bank recognised less expected credit losses than it wrote off in loans and advances to customers. The lower ECL charge indicates that the bank became less pessimistic about future credit losses overall, but it still had to write off a higher absolute amount of impaired loans. The difference between the two metrics could reflect changes in portfolio mix, stage migration, or revisions to historical loss rates. It also shows that the bank did not fully recognise its ultimate credit losses in advance through the ECL provision; instead, it recognised losses as they materialised.",,,,,,,,145,0,17.14,,,0.37344398340248963,0.217741935483871,0.0,,,117.0,706.0,0.8867653608322144,1.0,
E0231,short_answer,lloyds,,"According to Lloyds Banking Group's 2023 Annual Report, how much did customer deposits decrease since the end of 2022?",£3.9 billion,**£15.9 billion**,,,,,,,,9,0,1.37,0.0,,0.5,,0.0,1.0,,2.0,17.0,,,0.0
E0232,open_ended,natwest,,"According to NatWest Group's 2023 Annual Report: Analyze the main drivers of the improvement in profitability between 2022 and 2023, distinguishing underlying performance from one-off items.","Profit attributable to ordinary shareholders rose by 31.6%, from £3,340m to £4,394m. The main income driver was total income growth of 12.1%, from £13,156m to £14,752m. However, notable items within total income rose from £95m to £413m, so underlying income excluding notable items still grew by 9.8% to £14,339m. Revenue also benefited from a stronger bank net interest margin, up 19bps to 3.04%, and higher average interest-earning assets, up 5.2% to £363bn. Cost control contributed as well: the cost:income ratio excluding litigation and conduct improved from 55.5% to 51.8%. Partially offsetting these positive drivers, the loan impairment rate increased from 9bps to 15bps. Return on tangible equity also rose sharply, from 12.3% to 17.8%. Overall, profit growth was driven mainly by solid underlying revenue expansion and improved operating efficiency, with notable items adding a relatively small boost to reported profit.","Profitability improved significantly. Net income rose by £1.4 billion, or 5%, while operating lease depreciation fell sharply from £698 million to £278 million. Operating expenses increased by £1.0 billion, but this was partly offset by a £0.5 billion impairment release on operating lease assets. The net interest margin improved by 19 basis points to 3.08%. Excluding the impact of IFRS 17, NIM would have been 3.11%, up 27 basis points. The impairment charge fell from £1.0 billion to £0.4 billion, and other operating income rose by £0.3 billion. Overall, the combination of higher net income, lower operating lease depreciation, a reduced impairment charge, and a stronger NIM more than offset the rise in operating expenses, resulting in a 1.1% increase in underlying profit before tax.",,,,,,,,193,0,22.16,,,0.30188679245283023,0.1724137931034483,0.0,,,125.0,792.0,0.8691705465316772,2.0,
E0233,short_answer,lloyds,,"According to Lloyds Banking Group's 2023 Annual Report, what further increase in risk-weighted assets is estimated over 2024 to 2026?",£5 billion,**£15 billion**,,,,,,,,7,0,0.94,0.0,,0.5,,0.0,1.0,,2.0,15.0,,,0.0
E0234,open_ended,natwest,,"According to NatWest Group's 2023 Annual Report: Analyze the drivers of the reported 12.1% increase in total income in 2023, and explain why the company also presents an 'excluding notable items' measure.","Reported total income rose from £13,156m to £14,752m, up £1,596m (12.1%), but this includes notable items. Underlying total income excluding notable items rose 9.8% to £14,339m. The underlying increase was driven by lending growth, higher income in the markets business, and favourable yield curve movements, partially offset by the shift from non-interest bearing to interest-bearing deposits and lower deposit balances. Notable items create volatility; examples include fair value and disposal losses, own credit adjustments, tax interest on prior periods, loss on redemption of own debt, asset sale losses, and property strategy update. Presenting an excluding-notable-items measure helps separate ongoing business performance from one-off or fair-value adjustments.","Total income rose from £14,985m in 2022 to £16,709m in 2023, an increase of £1,724m or 11.4%. The increase was driven by higher net interest income, which rose by £1,091m, and other income, which increased by £533m. Net interest income benefited from higher average interest-earning assets, a higher average interest rate environment, and a lower average interest-bearing liability mix, while other income growth was mainly due to higher trading income and a favourable yield on fair value movements on financial instruments designated as held for trading. However, the reported increase also included the impact of notable items: a £255m impairment charge in 2023 versus a £1,019m impairment credit in 2022, and a £198m loss from the disposal of the business in Oman in 2023. Therefore, the 'excluding notable items' measure is used to present underlying income growth, excluding one-off impairment charges and disposals, and it shows a more stable increase of 12.1% in total income.",,,,,,,,254,0,29.39,,,0.421455938697318,0.21908127208480566,0.0,,,155.0,984.0,0.8850930333137512,1.0,
E0235,open_ended,hsbc,,"According to HSBC's 2023 Annual Report and Accounts, compare the composition of assets in 2020 and 2023. Which categories changed most, and what does this suggest about the business mix?","Between 2020 and 2023, total assets increased from $2,984,164m to $3,038,677m, but the composition shifted. Cash and balances at central banks fell from $304,481m to $285,868m, after peaking at $403,018m in 2021. Derivatives assets fell from $307,726m to $229,714m, while trading assets rose from $231,990m to $289,159m. Financial assets at FVTPL more than doubled from $45,553m to $110,643m. Loans and advances to customers fell from $1,037,987m to $938,535m, while assets held for sale surged from $299m to $114,134m. These shifts suggest a strategy of reallocating away from traditional lending and derivatives toward more liquid trading assets, fair-value instruments and a major disposal or restructuring program.","Assets increased by $198bn, or 17%, from $1,165bn in 2020 to $1,363bn in 2023. Cash and balances at central banks rose from $409bn to $499bn, an increase of $90bn, while loans and advances to customers fell from $707bn to $665bn, a decrease of $42bn. Financial investments declined from $438bn to $399bn, and other financial assets fell from $110bn to $99bn. The largest change was in cash and balances at central banks, which grew by nearly 22%. This suggests that the business became more liquid or held more cash equivalents during the period, possibly because of higher customer deposits, trading activity, or liquidity management. Loans and advances fell modestly, while financial investments and other financial assets also declined slightly. Overall, the asset base shifted toward cash and balances at central banks and away from lending and securities holdings.",,,,,,,,223,0,25.2,,,0.4462809917355372,0.24427480916030536,0.0,,,137.0,869.0,0.879860520362854,1.0,
E0236,short_answer,natwest,,"According to NatWest Group's 2023 Annual Report, what was the total amount of loans to customers after the increase?",£381.4 billion,"**£451,897 million**",,,,,,,,12,0,1.74,0.0,,0.0,,0.0,1.0,,2.0,20.0,,,0.0
E0237,true_false,natwest,,"According to NatWest Group's 2023 Annual Report: The CET1 ratio was 13.4%, or 13.2% excluding IFRS 9 transitional relief.",true,**True**,,,,,,,,4,0,0.71,1.0,,,,0.0,0.0,,1.0,8.0,,,1.0
E0238,short_answer,hsbc,,According to HSBC's 2023 Annual Report and Accounts: By what percentage did operating expenses decrease compared with 2022?,2%,**15%**,,,,,,,,6,0,1.04,0.0,,0.0,,0.0,1.0,,1.0,7.0,,,0.0
E0239,short_answer,lloyds,,"According to Lloyds Banking Group's 2023 Annual Report, what accounting standard was adopted requiring the restatement?",IFRS 17,**IFRS 17**,,,,,,,,8,0,1.05,1.0,,1.0,,0.0,0.0,,2.0,11.0,,,1.0
E0240,short_answer,lloyds,,"According to Lloyds Banking Group's 2023 Annual Report, what was the amount of loans and advances to customers in 2023 (£m)?",449745,145896,,,,,,,,7,0,0.93,0.0,,0.0,,0.0,1.0,,1.0,6.0,,,0.0
E0241,short_answer,hsbc,,"According to HSBC's 2023 Annual Report and Accounts, which year reported a profit of 14,693?",2021,**2022**,,,,,,,,7,0,0.9,0.0,,0.0,,0.0,1.0,,1.0,8.0,,,0.0
E0242,true_false,natwest,,"According to NatWest Group's 2023 Annual Report: Cash and balances at central banks decreased from £144,832m in 2022 to £104,262m in 2023.",true,**True**,,,,,,,,4,0,0.63,1.0,,,,0.0,0.0,,1.0,8.0,,,1.0
E0243,short_answer,natwest,,"According to NatWest Group's 2023 Annual Report, what was the coupon rate of the Tier 2 Notes issued in February 2023?",5.763%,**6.5%**,,,,,,,,7,0,0.99,0.0,,0.0,,0.0,1.0,,1.0,8.0,,,0.0
E0244,short_answer,hsbc,,"According to HSBC's 2023 Annual Report and Accounts, in billions of dollars, what amount of customer accounts met the criteria to be classified as held for sale at 31 December 2023?",86,**0.5**,,,,,,,,6,0,0.89,0.0,,0.0,,0.0,1.0,,1.0,7.0,,,0.0
E0245,short_answer,hsbc,,"According to HSBC's 2023 Annual Report and Accounts, what was the combined customer lending at constant currency in 2023 in $m?","1,011,912",**189574**,,,,,,,,9,0,1.21,0.0,,0.0,,0.0,1.0,,1.0,10.0,,,0.0
E0246,short_answer,lloyds,,"According to Lloyds Banking Group's 2023 Annual Report, what were total liabilities in 2022 (£m)?",829483,194587,,,,,,,,7,0,0.95,0.0,,0.0,,0.0,1.0,,1.0,6.0,,,0.0
E0247,single_choice,natwest,,"According to NatWest Group's 2023 Annual Report: , which item decreased by £18.9 billion?",B,**B**,,,,,,,,4,0,0.65,1.0,,,,0.0,0.0,,1.0,5.0,,,1.0
E0248,single_choice,lloyds,,"According to Lloyds Banking Group's 2023 Annual Report, based on the consolidated financial statements, what was the total income for the year ended 2023?",A,**A**,,,,,,,,4,0,0.64,1.0,,,,0.0,0.0,,1.0,5.0,,,1.0
E0249,single_choice,natwest,,"According to NatWest Group's 2023 Annual Report, according to the financial data, what was the profit from continuing operations for 2023?",A,**A**,,,,,,,,4,0,0.64,1.0,,,,0.0,0.0,,1.0,5.0,,,1.0
E0250,open_ended,lloyds,,According to Lloyds Banking Group's 2023 Annual Report: Evaluate the Group's 2024 guidance for banking net interest margin to be greater than 290 basis points and average interest-earning banking assets to be greater than £450 billion.,"The guidance suggests that banking net interest margin will remain relatively resilient but moderate from 3.11% in 2023 to above 290 basis points. This implies continued headwinds from mortgage pricing and deposit mix effects, partly offset by structural hedge earnings and the higher rate environment. Average interest-earning banking assets above £450 billion would represent a slight decline from £453.3 billion, reflecting continued run-off in the closed mortgage book and repayments of government-backed SME lending, while open mortgage growth and other portfolios provide partial support. The guidance is conditional on the macroeconomic and rate environment; risks include deposit migration, competition, asset margin compression, and rising funding costs, particularly in non-banking businesses.","The guidance is based on a number of assumptions:

- The Group expects modest further UK rate increases.
- It assumes a stable macroeconomic environment.
- It reflects continued cost of living pressures and the impact of higher rates on customer behaviour.

The NIM guidance of greater than 290 basis points is consistent with the 2023 full-year NIM of 291 basis points and the 2024 guidance midpoint of around 290 basis points. Average interest-earning banking assets greater than £450 billion are also consistent with the Group’s asset base and its ability to manage net interest income through yield curve movements and asset mix changes.

However, the guidance is not unconditional; it depends on the stated assumptions holding. If rates rise more sharply or if the economy weakens, the guidance could prove too optimistic. Conversely, if rates remain stable or fall, or if the economy performs better than expected, the guidance could be conservative. Therefore, the guidance should be read as a forward-looking statement subject to economic and market uncertainties rather than a guarantee.",,,,,,,,220,0,25.63,,,0.26428571428571435,0.16551724137931034,0.0,,,173.0,1096.0,0.8581180572509766,2.0,
E0251,open_ended,hsbc,,"According to HSBC's 2023 Annual Report and Accounts: Analyze the most significant structural changes in this balance sheet between 2021 and 2022, and evaluate what they imply about the entity's operations.","The most significant structural change is the sharp rise in assets held for sale from $3,411m in 2021 to $115,919m in 2022, with a corresponding increase in liabilities of disposal groups held for sale from $9,005m to $114,597m. At the same time, loans and advances to customers fell from $1,045,814m to $923,561m. This pattern strongly suggests that a large lending portfolio or business unit was reclassified as held for sale under IFRS 5. Total assets declined only modestly because the assets were not yet sold, but the classification changes both balance-sheet presentation and prospective earnings: the disposed business will no longer contribute income once sold, and the assets are measured at the lower of carrying amount and fair value less costs to sell.","Assets fell by $49bn, or 5%, while liabilities fell by $68bn, or 7%. The largest single item was cash and balances at central banks, which fell by $28bn, or 10%, because of higher customer demand for lending and lower excess liquidity. This suggests that the entity became less liquid or more active in extending credit. Liabilities also fell sharply because of a $29bn reduction in customer deposits, including a $20bn fall in Hong Kong retail deposits, reflecting competitive pressures and customer migration into alternative savings products. Offsetting these declines were increases in trading assets and liabilities, and in other financial assets, as the entity increased its trading book and managed its portfolio. Overall, the balance sheet became smaller and less liquid, with a reduced funding base and a more active trading position.",,,,,,,,172,0,20.79,,,0.2901960784313726,0.12927756653992395,0.0,,,132.0,843.0,0.8464220762252808,1.0,
E0252,short_answer,natwest,,"According to NatWest Group's 2023 Annual Report, what is excluded from the number of ordinary shares in issue?",own shares held,"**189,574,000**",,,,,,,,14,0,1.6,0.0,,0.0,,0.0,1.0,,1.0,15.0,,,0.0
E0253,open_ended,natwest,,"According to NatWest Group's 2023 Annual Report: Evaluate the credit quality and impairment position in 2023, including the role of post-model adjustments.","The 2023 impairment charge was £578 million, equivalent to 15 basis points of gross customer loans. The charge primarily reflected continued low and stable levels of Stage 3 defaults across the portfolio, plus good book charges related to unsecured lending. The ECL provision increased by £0.2 billion to £3.6 billion, and the ECL coverage ratio rose modestly from 0.91% to 0.93%. Importantly, the bank retained £0.4 billion of post-model adjustments related to economic uncertainty, representing 11.8% of total impairment provisions. This indicates that the overall credit environment remained relatively benign, but the bank maintained an additional layer of prudence against economic uncertainty rather than relying solely on modelled outcomes.","Credit quality remained stable overall. The impairment charge fell by £159m to £487m, with Stage 1 charges down £169m and Stage 2 charges up £10m. The loan-to-value ratio increased to 59.1%, and the underlying impairment coverage ratio rose to 0.25%. Post-model adjustments were a net credit of £10m in 2023, compared with a net charge of £10m in 2022. This suggests that the model itself was broadly consistent year-on-year, but the net effect of manual overrides and other qualitative factors moved from a charge in 2022 to a credit in 2023. The annual report also notes that the impairment charge included a £10m write-back following the full repayment of debt from a single name client, indicating that the portfolio can generate favourable outcomes when individual names improve. Overall, the data show a stable credit position supported by a robust impairment model, with modest tailwinds from post-model adjustments in 2023.",,,,,,,,227,0,26.16,,,0.33333333333333337,0.21167883211678834,0.0,,,149.0,931.0,0.8750561475753784,1.0,
E0254,short_answer,hsbc,,"According to HSBC's 2023 Annual Report and Accounts, what is the difference between the average annualised interest rate earned on average interest-earning assets and the average annualised interest rate payable on average interest-bearing funds?",net interest spread,**1.69%**,,,,,,,,8,0,1.03,0.0,,0.0,,0.0,1.0,,1.0,9.0,,,0.0
E0255,true_false,hsbc,,"According to HSBC's 2023 Annual Report and Accounts, at 31 December 2023, total deposits were greater than total loans and advances.",true,**True**,,,,,,,,4,0,0.6,1.0,,,,0.0,0.0,,1.0,8.0,,,1.0
E0256,short_answer,natwest,,At what percentage of NatWest Group's CCyB is the countercyclical leverage ratio buffer set?,35%,**100%**,,,,,,,,7,0,0.88,0.0,,0.0,,0.0,1.0,,1.0,8.0,,,0.0
E0257,short_answer,hsbc,,"According to HSBC's 2023 Annual Report and Accounts, which asset category had the highest average balance in 2023?",Loans and advances to customers,**cash and balances at central banks**,,,,,,,,9,0,1.13,0.0,,0.1818181818181818,,0.0,1.0,,6.0,38.0,,,0.0
E0258,open_ended,lloyds,,"According to Lloyds Banking Group's 2023 Annual Report, why is the restatement for IFRS 17 and presentational changes important for evaluating the group's reported results? Use the income statement and balance sheet to illustrate.","The 2022 comparatives are restated for presentational changes and the adoption of IFRS 17, so without restatement the year-on-year analysis would mix different accounting bases. IFRS 17 changes how insurance and investment contracts are measured and presented, particularly the line 'net finance expense/income in respect of insurance and investment contracts', which swung from +£20,887m in 2022 to -£16,776m in 2023. It also affects the classification and measurement of insurance and participating investment contract liabilities on the balance sheet. The restatement ensures that the 2023 figures are compared with 2022 figures prepared on the same basis, making changes such as the 20% increase in total income after net finance expense and the 1% increase in total assets meaningful. The referenced notes would contain the detailed accounting-policy transition and reconciliations.","The restatement is important because it removes distortions caused by two factors: IFRS 17 accounting and changes in how items are presented. The IFRS 17 restatement means that 2022 comparatives were adjusted to reflect the new insurance contracts standard, which changed how insurance service costs are recognised over the life of contracts. This makes the 2023 comparison more comparable with 2022. The presentational change means that 2022 included a single customer account (SCA) charge of £598 million, while 2023 included a net SCA credit of £469 million. Without this restatement, the reported profit before tax could be misleading; for example, the 2023 increase might partly reflect the reversal of an adverse SCA charge rather than improved underlying performance. Similarly, the balance sheet shows that the 2022 impairment charge was partly due to the SCA, and the 2023 impairment charge was lower after excluding that item. Therefore, investors should not rely solely on the reported figures but should also refer to the restated prior year amounts and the note explaining the SCA impact.",,,,,,,,249,0,28.55,,,0.39333333333333337,0.2091503267973856,0.0,,,172.0,1101.0,0.8675212264060974,3.0,
E0259,single_choice,hsbc,,"According to HSBC's 2023 Annual Report and Accounts, which of the following line items represents a liability rather than an asset?",C,**B**,,,,,,,,4,0,0.64,0.0,,,,0.0,1.0,,1.0,5.0,,,0.0
E0260,open_ended,lloyds,,"According to Lloyds Banking Group's 2023 Annual Report: Analyze the change in risk-weighted assets from 31 December 2022 to 31 December 2023, including the main drivers and the expected future impact of Retail secured CRD IV model updates.","Risk-weighted assets increased by £8 billion, from around £211 billion to £219 billion. The largest explicitly identified driver was Retail secured CRD IV model updates, which contributed £5 billion. Within the table, IRB approach RWAs rose from £147.4 billion to £150.9 billion, mainly due to the Retail IRB portfolio, while Foundation IRB declined and Other IRB increased. Standardised approach RWAs fell from £23.1 billion to £22.1 billion. Securitisation RWAs increased from £6.4 billion to £9.0 billion, operational risk increased from £24.2 billion to £26.4 billion, and market risk increased from £3.2 billion to £4.2 billion. Counterparty credit risk and CVA risk changed only modestly. These increases were partly offset by optimisation, including capital efficient securitisation activity in the balance sheet. Looking ahead, the text estimates that a further £5 billion increase will be required over 2024 to 2026 from Retail secured CRD IV model updates, although this will be subject to final model outcomes.","Risk-weighted assets increased by £4.5 billion, or 3%, to £178.9 billion. The increase was driven mainly by lending growth, which added £6.1 billion, and a higher operational and conduct risk exposure, which added £1.5 billion. These were partly offset by optimisation activities, which reduced RWAs by £2.1 billion. The overall increase reflects continued business expansion and a higher operational and conduct risk appetite. The annual report also notes that Retail secured CRD IV model updates are expected to add around £2 billion to risk-weighted assets over the next few years, with the full impact expected by the end of 2024. This means the current increase is not necessarily sustainable; it includes one-off model changes that will unwind over time.",,,,,,,,165,0,19.46,,,0.358974358974359,0.2465753424657534,0.0,,,119.0,760.0,0.8783222436904907,1.0,
E0261,short_answer,natwest,,"According to NatWest Group's 2023 Annual Report, what amount of foreseeable items was excluded from the pro forma CET1 ratio at 31 December 2023?","£1,538 million",**£0.4 billion**,,,,,,,,8,0,1.37,0.0,,0.0,,0.0,1.0,,2.0,16.0,,,0.0
E0262,single_choice,hsbc,,"According to HSBC's 2023 Annual Report and Accounts, according to the five-year selected financial information, what was the tangible net asset value per ordinary share at year-end 2023?",B,**A**,,,,,,,,4,0,0.66,0.0,,,,0.0,1.0,,1.0,5.0,,,0.0
E0263,multiple_choice,lloyds,,"According to Lloyds Banking Group's 2023 Annual Report, which of the following statements accurately reflect the information in the annual report?","A,B,D,E","**A, B, C, E**",,,,,,,,10,0,1.41,0.0,0.6,,,0.0,1.0,,4.0,14.0,,,0.0
E0264,short_answer,natwest,,"According to NatWest Group's 2023 Annual Report, which capital component remained unchanged at £3,875m throughout the year?",AT1,**Subordinated Tier 2**,,,,,,,,8,0,1.02,0.0,,0.0,,0.0,1.0,,3.0,23.0,,,0.0
E0265,short_answer,lloyds,,"According to Lloyds Banking Group's 2023 Annual Report, what was the earnings per share in 2023?",7.6p,**19.58 pence**,,,,,,,,10,0,1.19,0.0,,0.0,,0.0,1.0,,2.0,15.0,,,0.0
E0266,single_choice,hsbc,,"According to HSBC's 2023 Annual Report and Accounts: , which factor caused a $19.9bn decrease in risk-weighted assets (RWAs) during 2023?",A,**A**,,,,,,,,4,0,0.63,1.0,,,,0.0,0.0,,1.0,5.0,,,1.0
E0267,true_false,lloyds,,"According to Lloyds Banking Group's 2023 Annual Report: Underlying profit increased from £7,028m in 2022 to £7,809m in 2023",true,**True**,,,,,,,,4,0,0.61,1.0,,,,0.0,0.0,,1.0,8.0,,,1.0
E0268,single_choice,lloyds,,"According to Lloyds Banking Group's 2023 Annual Report, which of the following statements about the Group's balance sheet at 31 December 2023 is correct?",C,**A**,,,,,,,,4,0,0.65,0.0,,,,0.0,1.0,,1.0,5.0,,,0.0
E0269,open_ended,lloyds,,"According to Lloyds Banking Group's 2023 Annual Report, compare the Group's capital return actions in respect of 2022 and 2023, and assess the significance of the total capital return announced for 2023.","For 2022, the Group returned surplus capital through a share buyback programme of up to £2 billion, which began in February 2023 and completed on 25 August 2023, repurchasing around 4.4 billion ordinary shares, equivalent to about 7 per cent of shares. For 2023, the Group recommended a final ordinary dividend of 1.84 pence per share, bringing the total ordinary dividend to 2.76 pence per share, a 15 per cent increase compared with 2022. It also announced an intention to implement an ordinary share buyback of up to £2.0 billion, expected to be completed by 31 December 2024. Together, the total ordinary dividend and intended buyback represent total capital returns in respect of 2023 of up to £3.8 billion, equivalent to about 14 per cent of the Group's market capitalisation as at 16 February 2024. This shows a consistent but growing commitment to returning capital, combining a higher dividend with a similar-sized buyback to the prior year, and underscores confidence in the Group's cash generation and balance sheet.","The Group returned £1.9 billion in dividends in respect of 2022, including a final ordinary dividend of 5.4 pence per share and an interim ordinary dividend of 2.7 pence per share. In addition, the Board proposed a special dividend of 2.0 pence per share, which was paid on 16 February 2023. In contrast, the Board did not propose a special dividend in respect of 2023. The total capital return for 2023 comprises a final ordinary dividend of 6.8 pence per share and a proposed ordinary share buyback programme of up to £1.0 billion, representing approximately 2% of the enlarged share base. The total capital return is therefore materially larger than the 2022 return, reflecting the Group's strong underlying performance and its commitment to returning surplus capital to shareholders. The share buyback programme also signals confidence in the Group's future prospects and provides a flexible mechanism for returning capital when market conditions are favourable.",,,,,,,,216,0,24.87,,,0.5171339563862929,0.3086053412462908,0.0,,,153.0,966.0,0.907342255115509,1.0,
E0270,true_false,hsbc,,"According to HSBC's 2023 Annual Report and Accounts, in 2023, the profit for the year attributable to ordinary shareholders of the parent company was $22,432 million.",true,**True**,,,,,,,,4,0,0.62,1.0,,,,0.0,0.0,,1.0,8.0,,,1.0
E0271,short_answer,lloyds,,"According to Lloyds Banking Group's 2023 Annual Report, what remediation cost was recognised in the fourth quarter?",£541 million,**£159 million**,,,,,,,,8,0,1.0,0.0,,0.5,,0.0,1.0,,2.0,16.0,,,0.0
E0272,short_answer,hsbc,,"According to HSBC's 2023 Annual Report and Accounts, what were total customer accounts at 31 December 2023, in millions of dollars?","1,611,647",**1895746**,,,,,,,,10,0,1.25,0.0,,0.0,,0.0,1.0,,1.0,11.0,,,0.0
E0273,open_ended,hsbc,,"According to HSBC's 2023 Annual Report and Accounts, compare the financial profile of the planned disposal groups—Canada banking and France retail—and evaluate the potential effect of these disposals on the group's earnings and capital.","The Canada banking business is significantly larger and profitable: it generated $2.0bn of revenue, operating expenses of $1.0bn, and profit before tax of $0.9bn, with $0.7bn of those expenses expected to be exited. It had loans and advances to customers of $56.1bn, customer accounts of $63.0bn, and risk-weighted assets of $31.9bn, including $3.5bn of operational risk RWAs. France retail, by contrast, is much smaller and loss-making: revenue was $0.3bn, operating expenses were $0.6bn, and profit before tax was -$0.2bn, with $0.4bn of expenses expected to be exited. It had loans of $16.9bn, customer accounts of $22.3bn, and RWAs of $4.1bn, including $0.6bn of operational risk RWAs. Divesting Canada would remove a meaningful profit stream and a large block of RWAs, lowering capital requirements but reducing reported earnings. Divesting France would eliminate a loss-making operation, improving group profit before tax, while also reducing revenue, expenses, and RWAs. Both have customer deposits in excess of loans, so the disposals would also reduce funding balances. The Canada disposal is likely to be more significant for capital and earnings, whereas the France disposal mainly removes a drag on profitability. Also, the Canada sale agreement implies the pre-tax profit on sale is booked partly through consolidated results from 30 June 2022 until completion and the rest at completion, which will affect the timing of any recognized gain.","The planned disposals are expected to reduce earnings volatility by removing the impact of economic and market headwinds, while also reducing the risk and complexity of the business. The Canada banking business is expected to generate around $1bn of underlying net income in 2024, with a CET1 ratio of around 13%, and the sale is expected to complete by the end of 2024. The France retail banking business is expected to generate around $0.5bn of underlying net income in 2024, with a CET1 ratio of around 12%, and the sale is expected to complete by the end of 2025. The disposal of these operations will therefore reduce the group's exposure to economic and market headwinds, but it will also reduce its earnings base and capital base. The resulting change in earnings and capital will depend on the timing and terms of the disposals, as well as on the performance of the businesses during the transition period.",,,,,,,,204,0,23.66,,,0.3597883597883598,0.185,0.0,,,156.0,914.0,0.8497564792633057,1.0,
E0274,short_answer,hsbc,,"According to HSBC's 2023 Annual Report and Accounts, which country had the largest customer accounts in 2023?",Hong Kong,**Hong Kong**,,,,,,,,5,0,0.7,1.0,,1.0,,0.0,0.0,,2.0,13.0,,,1.0
E0275,multiple_choice,hsbc,,"According to HSBC's 2023 Annual Report and Accounts, which of the following are included in 'Total interest-earning assets' according to the table?","A,B,D,F","**A, B, D, E, F**",,,,,,,,12,0,1.47,0.0,0.8,,,0.0,1.0,,5.0,17.0,,,0.0
E0276,short_answer,lloyds,,"According to Lloyds Banking Group's 2023 Annual Report, what was the loan to deposit ratio at 31 December 2023?",95%,94%,,,,,,,,4,0,0.62,0.0,,0.0,,0.0,1.0,,1.0,3.0,,,0.0
E0277,true_false,hsbc,,"According to HSBC's 2023 Annual Report and Accounts, in WPB, net fee income increased by $0.1bn, mainly due to higher cards income.",true,**True**,,,,,,,,4,0,0.63,1.0,,,,0.0,0.0,,1.0,8.0,,,1.0
E0278,short_answer,natwest,,"According to NatWest Group's 2023 Annual Report, what share consolidation ratio was applied on 30 August 2022?",14 for 13,**1:4.5986**,,,,,,,,11,0,1.39,0.0,,0.0,,0.0,1.0,,1.0,12.0,,,0.0
E0279,single_choice,lloyds,,"According to Lloyds Banking Group's 2023 Annual Report, what was the reported total assets as at 1 January 2022?",A,**A**,,,,,,,,4,0,0.66,1.0,,,,0.0,0.0,,1.0,5.0,,,1.0
E0280,short_answer,natwest,,According to NatWest Group's 2023 Annual Report: To what percentage was the UK countercyclical capital buffer increased effective from 5 July 2023?,2%,**1.8%**,,,,,,,,7,0,0.97,1.0,,0.0,,0.0,0.0,,1.0,8.0,,,0.0
E0281,short_answer,natwest,,"According to NatWest Group's 2023 Annual Report, what was the tangible net asset value per ordinary share in 2023?",292p,**198.5 pence**,,,,,,,,10,0,1.55,0.0,,0.0,,0.0,1.0,,2.0,15.0,,,0.0
E0282,open_ended,lloyds,,"According to Lloyds Banking Group's 2023 Annual Report, compare the roles of operating costs and remediation costs in assessing the Group's financial performance. Why might presenting a cost:income ratio that includes remediation be useful, and what are its limitations?","Operating costs represent the ongoing costs of running the business, including strategic investment, severance, new business costs and inflation, partially mitigated by efficiency. Remediation costs are provisions for historical conduct and customer redress, such as the £675m charge in 2023, which includes £450m for the FCA motor finance review and provisions related to pre-existing programmes. Remediation costs are more volatile and judgment-based than normal operating costs. Presenting a cost:income ratio that includes remediation is useful because it shows the full cost burden of the year and captures how conduct issues affect the bottom line; the ratio deteriorated from 51.1% to 54.7% partly because of these charges. The limitation is that remediation costs are not necessarily recurring, so including them can make the underlying cost structure look worse than it is. Separate disclosure helps analysts distinguish between recurring operating efficiency and one-off or uncertain provisions, and it highlights the quality of management's estimates.","Operating costs fell by £159m, or 4%, while remediation costs rose by £178m, or 16%. The cost:income ratio excluding remediation was 53.1%, up 1 percentage point, while including remediation it was 55.5%, down 1.5 percentage points. This shows that remediation can materially distort the cost:income relationship. A ratio that excludes remediation can highlight underlying cost efficiency, but it does not capture one-off or legacy costs. Including remediation shows the full cost burden, but it can obscure improvements in day-to-day efficiency. Therefore, the choice of which ratio to use depends on whether the analyst wants to assess structural cost discipline or total cost pressure.",,,,,,,,155,0,18.41,,,0.3294117647058824,0.2074074074074074,0.0,,,103.0,688.0,0.8682844042778015,3.0,
E0283,short_answer,hsbc,,"According to HSBC's 2023 Annual Report and Accounts, how much did total shareholders' equity increase by compared with 31 December 2022?",$7bn,**$15bn**,,,,,,,,7,0,0.93,0.0,,0.0,,0.0,1.0,,1.0,9.0,,,0.0
E0284,single_choice,hsbc,,", what was the impairment charge related to HSBC's investment in BoCom at 31 December 2023?",C,**A**,,,,,,,,4,0,0.62,0.0,,,,0.0,1.0,,1.0,5.0,,,0.0
E0285,open_ended,lloyds,,"According to Lloyds Banking Group's 2023 Annual Report: Discuss the Group's capital generation expectations for 2024 and 2026, and why they are relevant to regulatory headwinds and shareholder distributions.","The Group expects capital generation in 2024 to be around 175 basis points after taking into account further expected in-year regulatory headwinds. For 2026, it reaffirms guidance for capital generation of greater than 200 basis points. These figures are relevant because capital generation provides the buffer needed to absorb RWA growth and regulatory requirement increases, notably the expected further £5 billion increase from Retail secured CRD IV models. Higher generation also supports the Board's plan to pay down towards 13.5 per cent by end 2024 and 13.0 per cent by end 2026, while maintaining distributions in a controlled manner.","The Group expects to generate around 150 basis points of CET1 capital over 2024, with a range of between 130 and 170 basis points. This is driven by net income growth, including the benefit of higher yield curve rates, and a modest reduction in risk-weighted assets. The expectation is subject to uncertainty, including economic and market conditions, credit performance, business activities and strategic actions. For 2026, the Group expects to generate around 200 basis points of CET1 capital, with a range of between 180 and 220 basis points. This reflects the expected impact of the current UK regulatory framework, including the PRA Capital Framework (PCF) and the proposed UK CRR II transitional arrangements. The capital generation guidance is important because it provides a forward-looking view of the Group's ability to return surplus capital to shareholders through dividends and buybacks, while maintaining a strong capital position. It also helps investors understand the extent to which the Group can fund its strategic priorities and cover potential regulatory headwinds before needing to raise additional capital.",,,,,,,,230,0,26.39,,,0.3099630996309963,0.1870503597122302,0.0,,,172.0,1129.0,0.8685728907585144,2.0,
E0286,multiple_choice,lloyds,,"According to Lloyds Banking Group's 2023 Annual Report, which of the following statements about the Group's liquidity and funding position at 31 December 2023 are correct?","A,B,D","**A, B, D**",,,,,,,,8,0,1.12,1.0,1.0,,,0.0,0.0,,3.0,11.0,,,1.0
E0287,multiple_choice,lloyds,,"According to Lloyds Banking Group's 2023 Annual Report, which of the following items increased from 2022 to 2023 according to the balance sheet?","A,D","**A, B, D, E**",,,,,,,,10,0,1.26,0.0,0.5,,,0.0,1.0,,4.0,14.0,,,0.0
E0288,single_choice,hsbc,,"According to HSBC's 2023 Annual Report and Accounts, according to the table, what was the combined customer lending at constant currency in 2023?",B,**A**,,,,,,,,4,0,0.64,0.0,,,,0.0,1.0,,1.0,5.0,,,0.0
E0289,single_choice,hsbc,,"According to HSBC's 2023 Annual Report and Accounts, what was the nature of the 2023 item related to the sale of the retail banking operations in France?",B,**A**,,,,,,,,4,0,0.63,0.0,,,,0.0,1.0,,1.0,5.0,,,0.0
E0290,open_ended,natwest,,Analyze the factors that contributed to the decline in NatWest Group's CET1 capital ratio from 14.2% in 2022 to 13.4% in 2023.,"The decline in the CET1 ratio was driven by the combined effect of a slightly lower CET1 capital base and higher risk-weighted assets. CET1 capital decreased from £24,992 million in 2022 to £24,440 million in 2023, while total RWAs increased from £176,101 million to £182,989 million. The table also shows that the positive impact of IFRS 9 transitional adjustments on CET1 capital was smaller in 2023 than in 2022: the adjustment added £0.2 billion to CET1 capital in 2023 versus £0.4 billion in 2022. Excluding these transitional adjustments, the CET1 ratio would have been 13.2% in 2023 and 14.0% in 2022. Therefore, the decline was not caused by a single factor, but by a combination of lower capital, higher risk-weighted assets, and reduced transitional relief.","The decline was driven by several negative factors:

- **Distribution of profits** reduced the ratio by 1.5 percentage points.
- **Dividends paid** reduced it by 0.7 percentage points.
- **AT1 coupons paid** reduced it by 0.2 percentage points.

These negative effects were partially offset by:

- A **favourable impact from IFRS 9 transitional relief**, which added 0.6 percentage points.
- The **conversion of subordinated debt into equity**, which added 0.4 percentage points.

Overall, the ratio fell from 14.2% to 13.4%, reflecting a net reduction of 0.8 percentage points.",,,,,,,,145,0,16.63,,,0.2692307692307692,0.18584070796460178,0.0,,,88.0,578.0,0.8389612436294556,2.0,
E0291,short_answer,hsbc,,"According to HSBC's 2023 Annual Report and Accounts, what was the total number of full-time equivalent staff at 31 December 2023?",220861,"**97,856**",,,,,,,,9,0,1.42,0.0,,0.0,,0.0,1.0,,1.0,10.0,,,0.0
E0292,open_ended,lloyds,,"According to Lloyds Banking Group's 2023 Annual Report: Evaluate the claim that 'asset quality remains strong' using evidence in the annual report, including any caveats or offsetting trends.","The evidence broadly supports the claim, but with important caveats. On the strong side, the underlying impairment charge fell to £308 million, resulting in an asset quality ratio of 7 basis points, credit performance was relatively stable, and portfolios remained broadly at or favourable to pre-pandemic experience. However, the very low 7 basis point ratio is helped by a £257 million MES release and a £541 million fourth-quarter credit largely driven by the full repayment of debt from a single-name client. Excluding the single-name write-back, the equivalent asset quality ratio was 29 basis points, still within guidance but materially higher than the reported figure. There was also modest deterioration from a low base, primarily in legacy variable-rate UK mortgages, and the charge included the impact of higher discount rates reducing the value of future recoveries, as well as an ECL allowance build from Stage 1 loans rolling forward into a deteriorating economic outlook. Therefore, asset quality remains resilient, but the improvement is partly driven by scenario releases and one-off write-backs rather than entirely by better borrower performance.","The claim is supported by several key metrics:

- The impairment charge was £149m, significantly lower than the £587m in 2022.
- Net charges were £162m, down from £594m in 2022.
- The loan-to-deposit ratio improved to 98%, from 99% in 2022.
- The asset quality ratio fell to 29 basis points, from 37 basis points.

These figures indicate a materially better credit performance and reduced asset impairment risk compared with 2022. However, there are some caveats:

- The 2022 charge included a £450m write-back following the full repayment of debt from a single name client, which distorted the comparison.
- The 2023 charge included a £100m provision for potential economic downturn impacts, reflecting continued uncertainty.
- The asset quality ratio is still above historical norms, suggesting that asset quality remains under pressure rather than being strong in an absolute sense.

Overall, the evidence supports the claim that asset quality has improved, but it should be interpreted as part of a cautiously optimistic narrative rather than a definitive statement of strength.",,,,,,,,255,0,29.82,,,0.45161290322580644,0.24431818181818182,0.0,,,171.0,1082.0,0.8669342398643494,2.0,
E0293,single_choice,lloyds,,"According to Lloyds Banking Group's 2023 Annual Report: , which factor contributed to the increase in total equity during 2023?",C,**C**,,,,,,,,4,0,0.63,1.0,,,,0.0,0.0,,1.0,5.0,,,1.0
E0294,short_answer,lloyds,,"According to Lloyds Banking Group's 2023 Annual Report, what note number references deferred tax assets?",19,**14**,,,,,,,,5,0,0.68,0.0,,0.0,,0.0,1.0,,1.0,6.0,,,0.0
E0295,true_false,lloyds,,According to Lloyds Banking Group's 2023 Annual Report: Total operating expenses in 2023 were 17% lower than in the prior year.,false,**True**,,,,,,,,4,0,0.61,0.0,,,,0.0,1.0,,1.0,8.0,,,0.0
E0296,single_choice,lloyds,,"According to Lloyds Banking Group's 2023 Annual Report: , what were the Group's total costs including remediation in 2023?",B,**B**,,,,,,,,4,0,0.63,1.0,,,,0.0,0.0,,1.0,5.0,,,1.0
E0297,open_ended,natwest,,"According to NatWest Group's 2023 Annual Report: Analyze how the financial metrics in this statement together support the claim of a 'strong operating performance' in 2023, and identify any limitations in using these metrics alone.","The statement supports strong operating performance through several complementary indicators: a RoTE of 17.8% signals strong return on tangible equity; total income excluding notable items rose 9.8% to £14.3 billion, indicating underlying revenue growth; stable levels of default suggest portfolio credit quality held up; and cost discipline delivered a cost target of around £7.6 billion with a cost:income ratio of 51.8%, reflecting operational efficiency. Together, these metrics point to profitability, growth, risk stability, and cost control. However, using these metrics alone has limitations: 'excluding notable items' removes one-off gains or losses that could affect overall performance; no comparison to prior-year RoTE or peer benchmarks is provided; stable defaults may be an aggregate figure that hides deterioration in specific segments; and the cost:income ratio needs context regarding revenue outlook and strategic investment priorities.","The statement shows strong revenue growth (up 17% to £8,956m), driven by higher net income and other income, with modestly lower operating lease depreciation. Net income rose 14% due to higher net interest income and other income, while net interest margin increased 19bps to 3.08%. Operating expenses were up 10%, but the efficiency ratio improved from 57.1% to 55.9%, indicating better cost management. Profit before tax grew 20% and profit after tax 19%, supporting the description of a strong operating performance. However, the statement also notes that the underlying impairment charge was higher than expected, and the CET1 ratio fell slightly. These points suggest that the strong headline figures were partly offset by credit costs and capital pressure, so the overall assessment should not be based solely on the headline numbers.",,,,,,,,185,0,20.69,,,0.2813688212927757,0.15217391304347824,0.0,,,131.0,840.0,0.8579270243644714,2.0,
E0298,single_choice,hsbc,,"According to HSBC's 2023 Annual Report and Accounts, which category of interest-earning assets had the highest yield in 2023?",C,**C**,,,,,,,,4,0,0.71,1.0,,,,0.0,0.0,,1.0,5.0,,,1.0
E0299,open_ended,hsbc,,"According to HSBC's 2023 Annual Report and Accounts: Evaluate the usefulness of net interest margin versus net interest spread as indicators of interest rate profitability, using the data provided.","Net interest spread measures the difference between the average annualised interest rate earned on average interest-earning assets and the average annualised rate payable on average interest-bearing liabilities. Net interest margin expresses net interest income as an annualised percentage of average interest-earning assets. Because net interest income includes income earned on assets funded by non-interest-bearing liabilities, and because the spread calculation excludes items such as amortised premiums and loan fees, net interest margin can be higher than the net interest spread. The table shows this clearly: in 2023, net interest margin was 1.66% while net interest spread was 1.20%, a gap of 46 basis points. In Q4 2022, the gap was 34 basis points. This divergence shows that net interest margin is a more complete measure of overall earning-asset profitability, while net interest spread is more useful for isolating the effect of asset and liability repricing. A narrowing spread combined with a relatively stable or widening margin may indicate that other balance-sheet factors, such as cheap funding or fees, are supporting profitability even when rate spreads are under pressure.","Net interest margin (NIM) is a more comprehensive measure than net interest spread because it reflects both the level and the slope of the yield curve. NIM is calculated as net interest income divided by average interest-earning assets, which means it captures the impact of asset mix, duration, and repricing on interest income and expense. In this case, NIM increased by 19bps to 1.64%, indicating that the benefit of higher market rates was not entirely offset by the drag of deposit migration and lending mix headwinds. The increase in NIM also suggests that the yield curve steepened or shifted upward, which is consistent with the reference to a ""steepening yield curve."" However, NIM can be distorted by changes in deposit mix or asset allocation, so it should be used alongside other metrics. Net interest spread, on the other hand, simply measures the difference between the average yield on interest-earning assets and the average cost of interest-bearing liabilities. It does not capture the effects of asset-liability mismatch or the impact of different repricing speeds. In this case, the spread increased by 15bps to 2.87%, but this could have been driven by a change in the mix of interest-bearing liabilities rather than a pure yield curve effect. Therefore, while NIM provides a more holistic view of interest rate profitability, NIM and spread should be used together to get a full picture of how interest rate movements affect net interest income.",,,,,,,,301,0,34.47,,,0.4182692307692307,0.18055555555555555,0.0,,,238.0,1466.0,0.8680132627487183,2.0,
E0300,short_answer,hsbc,,"According to HSBC's 2023 Annual Report and Accounts, what was the combined customer deposits at constant currency in 2023 in $m?","1,697,597",**1895746**,,,,,,,,10,0,1.24,0.0,,0.0,,0.0,1.0,,1.0,11.0,,,0.0
